Timestamp,Dataset,p,Final_Critical_k,Speedup_At_k,Ratio
2026-02-01 12:52:34,Synthetic_high_corr,25,13,0.0078,0.9999
2026-02-01 12:52:34,Synthetic_high_corr,41,21,0.0265,0.9997
2026-02-01 12:52:35,Synthetic_high_corr,57,29,0.0571,0.9999
2026-02-01 12:52:35,Synthetic_high_corr,74,37,0.1046,1.0000
2026-02-01 12:52:36,Synthetic_high_corr,90,45,0.1744,1.0000
2026-02-01 12:52:36,Synthetic_high_corr,106,53,0.2543,1.0000
2026-02-01 12:52:37,Synthetic_high_corr,123,62,0.3869,1.0000
2026-02-01 12:52:37,Synthetic_high_corr,139,70,0.5376,1.0000
2026-02-01 12:52:38,Synthetic_high_corr,156,78,0.7466,0.9999
2026-02-01 12:52:39,Synthetic_high_corr,172,86,0.9621,0.9999
2026-02-01 12:52:41,Synthetic_high_corr,188,94,1.2639,0.9999
2026-02-01 12:52:42,Synthetic_high_corr,205,103,1.5403,0.9999
2026-02-01 12:52:44,Synthetic_high_corr,221,111,1.9574,0.9999
2026-02-01 12:52:46,Synthetic_high_corr,237,119,2.3005,0.9999
2026-02-01 12:52:49,Synthetic_high_corr,254,127,2.7381,0.9999
2026-02-01 12:52:52,Synthetic_high_corr,270,135,3.2630,0.9999
2026-02-01 12:52:56,Synthetic_high_corr,287,144,3.8098,0.9999
2026-02-01 12:53:00,Synthetic_high_corr,303,152,4.2921,0.9999
2026-02-01 12:53:06,Synthetic_high_corr,319,160,4.7206,0.9999
2026-02-01 12:53:12,Synthetic_high_corr,336,168,5.9553,1.0000
2026-02-01 12:53:19,Synthetic_high_corr,352,176,6.6067,0.9999
2026-02-01 12:53:27,Synthetic_high_corr,368,184,7.3248,0.9999
2026-02-01 12:53:37,Synthetic_high_corr,385,193,7.4838,0.9999
2026-02-01 12:53:48,Synthetic_high_corr,401,201,8.2432,0.9999
2026-02-01 12:54:00,Synthetic_high_corr,418,209,9.0245,0.9999
2026-02-01 12:54:15,Synthetic_high_corr,434,217,9.8502,0.9999
2026-02-01 12:54:32,Synthetic_high_corr,450,225,10.9013,0.9999
2026-02-01 12:54:50,Synthetic_high_corr,467,234,11.7711,0.9999
2026-02-01 12:55:12,Synthetic_high_corr,483,242,12.7302,0.9999
2026-02-01 12:55:36,Synthetic_high_corr,500,250,14.1584,0.9999
2026-02-01 12:55:36,Synthetic_high_corr,25,13,0.0086,0.9998
2026-02-01 12:55:37,Synthetic_high_corr,41,21,0.0259,0.9999
2026-02-01 12:55:37,Synthetic_high_corr,57,29,0.0560,0.9996
2026-02-01 12:55:38,Synthetic_high_corr,74,37,0.1046,0.9998
2026-02-01 12:55:38,Synthetic_high_corr,90,45,0.1716,0.9999
2026-02-01 12:55:39,Synthetic_high_corr,106,53,0.2589,0.9999
2026-02-01 12:55:39,Synthetic_high_corr,123,62,0.3940,0.9999
2026-02-01 12:55:40,Synthetic_high_corr,139,70,0.5297,0.9999
2026-02-01 12:55:41,Synthetic_high_corr,156,78,0.7446,0.9999
2026-02-01 12:55:42,Synthetic_high_corr,172,86,0.9770,0.9999
2026-02-01 12:55:43,Synthetic_high_corr,188,94,1.2640,0.9999
2026-02-01 12:55:45,Synthetic_high_corr,205,103,1.5506,0.9999
2026-02-01 12:55:47,Synthetic_high_corr,221,111,1.9208,0.9999
2026-02-01 12:55:49,Synthetic_high_corr,237,119,2.3464,0.9999
2026-02-01 12:55:51,Synthetic_high_corr,254,127,2.7495,0.9999
2026-02-01 12:55:54,Synthetic_high_corr,270,135,3.2250,0.9999
2026-02-01 12:55:58,Synthetic_high_corr,287,144,3.8115,0.9999
2026-02-01 12:56:03,Synthetic_high_corr,303,152,4.2739,0.9999
2026-02-01 12:56:08,Synthetic_high_corr,319,160,4.9003,0.9999
2026-02-01 12:56:14,Synthetic_high_corr,336,168,5.8884,0.9999
2026-02-01 12:56:21,Synthetic_high_corr,352,176,6.4964,0.9999
2026-02-01 12:56:29,Synthetic_high_corr,368,184,7.3303,0.9999
2026-02-01 12:56:39,Synthetic_high_corr,385,193,7.3852,0.9999
2026-02-01 12:56:50,Synthetic_high_corr,401,201,8.2637,0.9999
2026-02-01 12:57:03,Synthetic_high_corr,418,209,9.0207,0.9999
2026-02-01 12:57:17,Synthetic_high_corr,434,217,9.8965,0.9999
2026-02-01 12:57:34,Synthetic_high_corr,450,225,10.8792,0.9999
2026-02-01 12:57:53,Synthetic_high_corr,467,234,11.7801,0.9999
2026-02-01 12:58:14,Synthetic_high_corr,483,242,12.7092,0.9999
2026-02-01 12:58:38,Synthetic_high_corr,500,250,14.2047,0.9999
2026-02-01 12:58:39,Synthetic_high_corr,25,13,0.0086,0.9997
2026-02-01 12:58:39,Synthetic_high_corr,41,21,0.0250,0.9997
2026-02-01 12:58:39,Synthetic_high_corr,57,29,0.0582,0.9999
2026-02-01 12:58:40,Synthetic_high_corr,74,37,0.1051,0.9999
2026-02-01 12:58:40,Synthetic_high_corr,90,45,0.1746,0.9999
2026-02-01 12:58:41,Synthetic_high_corr,106,53,0.2584,0.9999
2026-02-01 12:58:42,Synthetic_high_corr,123,62,0.3882,0.9999
2026-02-01 12:58:42,Synthetic_high_corr,139,70,0.5260,1.0000
2026-02-01 12:58:43,Synthetic_high_corr,156,78,0.7403,0.9999
2026-02-01 12:58:44,Synthetic_high_corr,172,86,0.9681,0.9999
2026-02-01 12:58:45,Synthetic_high_corr,188,94,1.2644,0.9999
2026-02-01 12:58:47,Synthetic_high_corr,205,103,1.5389,0.9999
2026-02-01 12:58:49,Synthetic_high_corr,221,111,1.9113,0.9999
2026-02-01 12:58:51,Synthetic_high_corr,237,119,2.3241,0.9999
2026-02-01 12:58:54,Synthetic_high_corr,254,127,2.7425,0.9999
2026-02-01 12:58:57,Synthetic_high_corr,270,135,3.2318,0.9999
2026-02-01 12:59:00,Synthetic_high_corr,287,144,3.8094,0.9999
2026-02-01 12:59:05,Synthetic_high_corr,303,152,4.2922,0.9999
2026-02-01 12:59:10,Synthetic_high_corr,319,160,4.8891,0.9999
2026-02-01 12:59:16,Synthetic_high_corr,336,168,5.9010,0.9999
2026-02-01 12:59:23,Synthetic_high_corr,352,176,6.5904,0.9999
2026-02-01 12:59:31,Synthetic_high_corr,368,184,7.3081,0.9999
2026-02-01 12:59:41,Synthetic_high_corr,385,193,7.5273,0.9999
2026-02-01 12:59:52,Synthetic_high_corr,401,201,8.2421,0.9999
2026-02-01 13:00:05,Synthetic_high_corr,418,209,9.0085,0.9999
2026-02-01 13:00:20,Synthetic_high_corr,434,217,9.8858,0.9999
2026-02-01 13:00:36,Synthetic_high_corr,450,225,10.9453,0.9999
2026-02-01 13:00:55,Synthetic_high_corr,467,234,11.7794,0.9999
2026-02-01 13:01:17,Synthetic_high_corr,483,242,12.7523,0.9999
2026-02-01 13:01:41,Synthetic_high_corr,500,250,14.2575,0.9999
2026-02-01 13:01:41,Synthetic_high_corr,25,13,0.0150,0.9999
2026-02-01 13:01:42,Synthetic_high_corr,41,21,0.0264,0.9999
2026-02-01 13:01:42,Synthetic_high_corr,57,29,0.0570,0.9998
2026-02-01 13:01:42,Synthetic_high_corr,74,37,0.1057,0.9999
2026-02-01 13:01:43,Synthetic_high_corr,90,45,0.1737,0.9998
2026-02-01 13:01:43,Synthetic_high_corr,106,53,0.2591,0.9999
2026-02-01 13:01:44,Synthetic_high_corr,123,62,0.3861,0.9999
2026-02-01 13:01:45,Synthetic_high_corr,139,70,0.5299,0.9999
2026-02-01 13:01:46,Synthetic_high_corr,156,78,0.7434,0.9999
2026-02-01 13:01:47,Synthetic_high_corr,172,86,0.9709,0.9999
2026-02-01 13:01:48,Synthetic_high_corr,188,94,1.2539,0.9999
2026-02-01 13:01:50,Synthetic_high_corr,205,103,1.5488,0.9999
2026-02-01 13:01:51,Synthetic_high_corr,221,111,1.9328,1.0000
2026-02-01 13:01:54,Synthetic_high_corr,237,119,2.3037,0.9999
2026-02-01 13:01:56,Synthetic_high_corr,254,127,2.7564,1.0000
2026-02-01 13:01:59,Synthetic_high_corr,270,135,3.2334,1.0000
2026-02-01 13:02:03,Synthetic_high_corr,287,144,3.8078,0.9999
2026-02-01 13:02:07,Synthetic_high_corr,303,152,4.2928,0.9999
2026-02-01 13:02:13,Synthetic_high_corr,319,160,4.8832,0.9999
2026-02-01 13:02:19,Synthetic_high_corr,336,168,5.9263,0.9999
2026-02-01 13:02:26,Synthetic_high_corr,352,176,6.6086,0.9999
2026-02-01 13:02:34,Synthetic_high_corr,368,184,7.3097,1.0000
2026-02-01 13:02:44,Synthetic_high_corr,385,193,7.5520,0.9999
2026-02-01 13:02:55,Synthetic_high_corr,401,201,8.2695,0.9999
2026-02-01 13:03:07,Synthetic_high_corr,418,209,9.0306,0.9999
2026-02-01 13:03:22,Synthetic_high_corr,434,217,9.9148,0.9999
2026-02-01 13:03:39,Synthetic_high_corr,450,225,10.9345,0.9999
2026-02-01 13:03:57,Synthetic_high_corr,467,234,11.6455,0.9999
2026-02-01 13:04:19,Synthetic_high_corr,483,242,12.7516,0.9999
2026-02-01 13:04:43,Synthetic_high_corr,500,250,14.2958,0.9999
2026-02-01 13:04:44,Synthetic_high_corr,25,13,0.0125,0.9998
2026-02-01 13:04:44,Synthetic_high_corr,41,21,0.0255,0.9998
2026-02-01 13:04:44,Synthetic_high_corr,57,29,0.0555,0.9999
2026-02-01 13:04:45,Synthetic_high_corr,74,37,0.1026,0.9999
2026-02-01 13:04:45,Synthetic_high_corr,90,45,0.1710,0.9999
2026-02-01 13:04:46,Synthetic_high_corr,106,53,0.2600,0.9999
2026-02-01 13:04:47,Synthetic_high_corr,123,62,0.3905,0.9999
2026-02-01 13:04:47,Synthetic_high_corr,139,70,0.5348,0.9999
2026-02-01 13:04:48,Synthetic_high_corr,156,78,0.7442,0.9999
2026-02-01 13:04:49,Synthetic_high_corr,172,86,0.9710,1.0000
2026-02-01 13:04:51,Synthetic_high_corr,188,94,1.2596,0.9999
2026-02-01 13:04:52,Synthetic_high_corr,205,103,1.5438,0.9999
2026-02-01 13:04:54,Synthetic_high_corr,221,111,1.9199,0.9999
2026-02-01 13:04:56,Synthetic_high_corr,237,119,2.3171,0.9999
2026-02-01 13:04:59,Synthetic_high_corr,254,127,2.7485,1.0000
2026-02-01 13:05:02,Synthetic_high_corr,270,135,3.2649,0.9999
2026-02-01 13:05:06,Synthetic_high_corr,287,144,3.7949,0.9999
2026-02-01 13:05:10,Synthetic_high_corr,303,152,4.2907,0.9999
2026-02-01 13:05:15,Synthetic_high_corr,319,160,4.8586,0.9999
2026-02-01 13:05:21,Synthetic_high_corr,336,168,5.9216,0.9999
2026-02-01 13:05:28,Synthetic_high_corr,352,176,6.5917,0.9999
2026-02-01 13:05:36,Synthetic_high_corr,368,184,7.3317,0.9999
2026-02-01 13:05:46,Synthetic_high_corr,385,193,7.5257,0.9999
2026-02-01 13:05:57,Synthetic_high_corr,401,201,8.2582,0.9999
2026-02-01 13:06:10,Synthetic_high_corr,418,209,9.0435,0.9999
2026-02-01 13:06:25,Synthetic_high_corr,434,217,9.8930,0.9999
2026-02-01 13:06:41,Synthetic_high_corr,450,225,10.9391,0.9999
2026-02-01 13:07:00,Synthetic_high_corr,467,234,11.7647,0.9999
2026-02-01 13:07:21,Synthetic_high_corr,483,242,12.7522,0.9999
2026-02-01 13:07:45,Synthetic_high_corr,500,250,14.2045,0.9999
2026-02-01 13:07:47,Mnist,25,13,0.0091,0.9933
2026-02-01 13:07:48,Mnist,46,23,0.0327,0.9945
2026-02-01 13:07:48,Mnist,67,34,0.0847,0.9849
2026-02-01 13:07:49,Mnist,88,44,0.1645,0.9922
2026-02-01 13:07:49,Mnist,109,55,0.2797,0.9984
2026-02-01 13:07:50,Mnist,130,65,0.4360,0.9916
2026-02-01 13:07:51,Mnist,152,76,0.6999,1.0015
2026-02-01 13:07:52,Mnist,173,87,0.9826,0.9963
2026-02-01 13:07:53,Mnist,194,97,1.3407,1.0008
2026-02-01 13:07:55,Mnist,215,108,1.7833,1.0006
2026-02-01 13:07:57,Mnist,236,118,2.2872,0.9950
2026-02-01 13:08:00,Mnist,257,129,2.8079,1.0008
2026-02-01 13:08:03,Mnist,279,140,3.4517,1.0009
2026-02-01 13:08:08,Mnist,300,150,4.2401,0.9935
2026-02-01 13:08:13,Mnist,321,161,4.9119,0.9975
2026-02-01 13:08:19,Mnist,342,171,5.6225,1.0000
2026-02-01 13:08:27,Mnist,363,182,6.6464,1.0031
2026-02-01 13:08:37,Mnist,384,192,7.7763,1.0042
2026-02-01 13:08:48,Mnist,406,203,8.4942,1.0002
2026-02-01 13:09:02,Mnist,427,214,9.3419,0.9984
2026-02-01 13:09:18,Mnist,448,224,11.4685,0.9998
2026-02-01 13:09:38,Mnist,469,235,11.8025,1.0016
2026-02-01 13:10:00,Mnist,490,245,13.3199,1.0036
2026-02-01 13:10:26,Mnist,511,256,13.3151,1.0019
2026-02-01 13:10:57,Mnist,533,267,16.0821,1.0023
2026-02-01 13:11:33,Mnist,554,277,17.5714,1.0016
2026-02-01 13:12:13,Mnist,575,288,19.1820,1.0012
2026-02-01 13:13:00,Mnist,596,298,20.9709,1.0011
2026-02-01 13:13:54,Mnist,617,309,21.9355,1.0008
2026-02-01 13:14:55,Mnist,639,320,24.0893,1.0000
2026-02-01 13:14:57,Mnist,25,13,0.0095,0.9873
2026-02-01 13:14:57,Mnist,46,23,0.0327,0.9660
2026-02-01 13:14:58,Mnist,67,34,0.0846,0.9780
2026-02-01 13:14:58,Mnist,88,44,0.1638,0.9845
2026-02-01 13:14:59,Mnist,109,55,0.2827,0.9894
2026-02-01 13:15:00,Mnist,130,65,0.4350,0.9990
2026-02-01 13:15:00,Mnist,152,76,0.6989,0.9970
2026-02-01 13:15:01,Mnist,173,87,0.9941,0.9978
2026-02-01 13:15:03,Mnist,194,97,1.3439,0.9884
2026-02-01 13:15:05,Mnist,215,108,1.7956,0.9932
2026-02-01 13:15:07,Mnist,236,118,2.2999,0.9995
2026-02-01 13:15:09,Mnist,257,129,2.7612,1.0005
2026-02-01 13:15:13,Mnist,279,140,3.4440,1.0061
2026-02-01 13:15:17,Mnist,300,150,4.2637,0.9993
2026-02-01 13:15:22,Mnist,321,161,4.8882,0.9994
2026-02-01 13:15:29,Mnist,342,171,5.6135,1.0038
2026-02-01 13:15:37,Mnist,363,182,6.4190,1.0006
2026-02-01 13:15:46,Mnist,384,192,7.9137,1.0020
2026-02-01 13:15:58,Mnist,406,203,8.5062,0.9998
2026-02-01 13:16:12,Mnist,427,214,9.3501,0.9999
2026-02-01 13:16:28,Mnist,448,224,11.5091,1.0018
2026-02-01 13:16:47,Mnist,469,235,11.9765,1.0012
2026-02-01 13:17:10,Mnist,490,245,13.3147,1.0000
2026-02-01 13:17:36,Mnist,511,256,13.3402,1.0000
2026-02-01 13:18:07,Mnist,533,267,16.0510,1.0014
2026-02-01 13:18:42,Mnist,554,277,17.4614,0.9998
2026-02-01 13:19:23,Mnist,575,288,19.1006,1.0003
2026-02-01 13:20:10,Mnist,596,298,21.5773,1.0008
2026-02-01 13:35:20,Mnist,617,309,384.6598,1.0005
2026-02-01 13:36:22,Mnist,639,320,24.2590,0.9996
2026-02-01 13:36:24,Mnist,25,13,0.0130,0.9816
2026-02-01 13:36:24,Mnist,46,23,0.0319,0.9887
2026-02-01 13:36:25,Mnist,67,34,0.0842,0.9776
2026-02-01 13:36:25,Mnist,88,44,0.1745,0.9861
2026-02-01 13:36:26,Mnist,109,55,0.2808,0.9938
2026-02-01 13:36:26,Mnist,130,65,0.4352,0.9892
2026-02-01 13:36:27,Mnist,152,76,0.7022,0.9852
2026-02-01 13:36:28,Mnist,173,87,0.9879,0.9994
2026-02-01 13:36:30,Mnist,194,97,1.2997,0.9986
2026-02-01 13:36:31,Mnist,215,108,1.7954,0.9948
2026-02-01 13:36:34,Mnist,236,118,2.2876,0.9973
2026-02-01 13:36:36,Mnist,257,129,2.8179,0.9976
2026-02-01 13:36:40,Mnist,279,140,3.4926,1.0000
2026-02-01 13:36:44,Mnist,300,150,4.2171,1.0022
2026-02-01 13:36:49,Mnist,321,161,4.9030,1.0016
2026-02-01 13:36:56,Mnist,342,171,5.6021,0.9990
2026-02-01 13:37:04,Mnist,363,182,6.6481,1.0000
2026-02-01 13:37:13,Mnist,384,192,7.9559,1.0028
2026-02-01 13:37:25,Mnist,406,203,8.4907,1.0000
2026-02-01 13:37:39,Mnist,427,214,9.3330,1.0010
2026-02-01 13:37:55,Mnist,448,224,11.2523,0.9996
2026-02-01 13:38:14,Mnist,469,235,11.9406,1.0031
2026-02-01 13:38:36,Mnist,490,245,13.2415,1.0022
2026-02-01 13:39:03,Mnist,511,256,13.2952,1.0003
2026-02-01 13:39:34,Mnist,533,267,15.9755,1.0012
2026-02-01 13:40:09,Mnist,554,277,17.5024,1.0000
2026-02-01 13:40:50,Mnist,575,288,19.1507,1.0009
2026-02-01 13:41:37,Mnist,596,298,20.9737,1.0007
2026-02-01 13:42:30,Mnist,617,309,21.8625,1.0015
2026-02-01 13:43:32,Mnist,639,320,23.8012,1.0001
2026-02-01 13:43:34,Mnist,25,13,0.0097,0.9840
2026-02-01 13:43:34,Mnist,46,23,0.0324,0.9711
2026-02-01 13:43:35,Mnist,67,34,0.0842,0.9814
2026-02-01 13:43:35,Mnist,88,44,0.1653,0.9865
2026-02-01 13:43:36,Mnist,109,55,0.2828,0.9926
2026-02-01 13:43:36,Mnist,130,65,0.4365,1.0005
2026-02-01 13:43:37,Mnist,152,76,0.6985,0.9927
2026-02-01 13:43:38,Mnist,173,87,0.9901,0.9950
2026-02-01 13:43:39,Mnist,194,97,1.3434,0.9947
2026-02-01 13:43:41,Mnist,215,108,1.7853,0.9991
2026-02-01 13:43:43,Mnist,236,118,2.2963,0.9977
2026-02-01 13:43:46,Mnist,257,129,2.7464,0.9978
2026-02-01 13:43:50,Mnist,279,140,3.5090,0.9985
2026-02-01 13:43:54,Mnist,300,150,4.2246,0.9982
2026-02-01 13:43:59,Mnist,321,161,4.9342,1.0018
2026-02-01 13:44:06,Mnist,342,171,5.6251,1.0023
2026-02-01 13:44:14,Mnist,363,182,6.6596,1.0031
2026-02-01 13:44:23,Mnist,384,192,7.7703,1.0002
2026-02-01 13:44:35,Mnist,406,203,8.4960,1.0005
2026-02-01 13:44:48,Mnist,427,214,9.3552,1.0005
2026-02-01 13:45:05,Mnist,448,224,11.5131,1.0012
2026-02-01 13:45:24,Mnist,469,235,12.0187,1.0021
2026-02-01 13:45:46,Mnist,490,245,13.3139,1.0004
2026-02-01 13:46:13,Mnist,511,256,13.3377,1.0016
2026-02-01 13:46:44,Mnist,533,267,16.0885,1.0027
2026-02-01 13:47:19,Mnist,554,277,17.2986,1.0005
2026-02-01 13:48:00,Mnist,575,288,19.1603,1.0012
2026-02-01 13:48:46,Mnist,596,298,20.9101,1.0004
2026-02-01 13:49:40,Mnist,617,309,21.9021,1.0008
2026-02-01 13:50:41,Mnist,639,320,24.0952,1.0010
2026-02-01 13:50:43,Mnist,25,13,0.0088,0.9818
2026-02-01 13:50:44,Mnist,46,23,0.0327,0.9761
2026-02-01 13:50:44,Mnist,67,34,0.0849,0.9827
2026-02-01 13:50:45,Mnist,88,44,0.1642,0.9835
2026-02-01 13:50:45,Mnist,109,55,0.2821,0.9932
2026-02-01 13:50:46,Mnist,130,65,0.4361,0.9994
2026-02-01 13:50:47,Mnist,152,76,0.6984,0.9934
2026-02-01 13:50:48,Mnist,173,87,0.9847,0.9963
2026-02-01 13:50:49,Mnist,194,97,1.3404,0.9942
2026-02-01 13:50:51,Mnist,215,108,1.7950,0.9927
2026-02-01 13:50:53,Mnist,236,118,2.3248,0.9995
2026-02-01 13:50:56,Mnist,257,129,2.7560,0.9998
2026-02-01 13:50:59,Mnist,279,140,3.4781,0.9989
2026-02-01 13:51:04,Mnist,300,150,4.2330,1.0021
2026-02-01 13:51:09,Mnist,321,161,4.7763,0.9978
2026-02-01 13:51:15,Mnist,342,171,5.5955,0.9970
2026-02-01 13:51:23,Mnist,363,182,6.6608,1.0010
2026-02-01 13:51:33,Mnist,384,192,7.9410,1.0003
2026-02-01 13:51:44,Mnist,406,203,8.4184,1.0031
2026-02-01 13:51:58,Mnist,427,214,9.3248,1.0011
2026-02-01 13:52:14,Mnist,448,224,11.4902,1.0034
2026-02-01 13:52:34,Mnist,469,235,11.9857,1.0007
2026-02-01 13:52:56,Mnist,490,245,13.2955,1.0008
2026-02-01 13:53:23,Mnist,511,256,13.5062,1.0024
2026-02-01 13:53:54,Mnist,533,267,16.4142,1.0020
2026-02-01 14:02:13,Mnist,554,277,258.4071,1.0008
2026-02-01 14:02:54,Mnist,575,288,18.9753,1.0001
2026-02-01 14:03:40,Mnist,596,298,20.7840,1.0006
2026-02-01 14:04:34,Mnist,617,309,21.9135,1.0006
2026-02-01 14:05:35,Mnist,639,320,24.0803,1.0006
2026-02-01 14:05:36,Madelon,25,13,0.0087,0.9990
2026-02-01 14:05:36,Madelon,41,21,0.0247,0.9976
2026-02-01 14:05:36,Madelon,57,29,0.0572,0.9971
2026-02-01 14:05:37,Madelon,74,37,0.1050,0.9971
2026-02-01 14:05:37,Madelon,90,45,0.1730,0.9976
2026-02-01 14:05:38,Madelon,106,53,0.2602,0.9964
2026-02-01 14:05:39,Madelon,123,62,0.3850,0.9972
2026-02-01 14:05:39,Madelon,139,70,0.5354,0.9966
2026-02-01 14:05:40,Madelon,156,78,0.7488,0.9959
2026-02-01 14:05:41,Madelon,172,86,0.9667,0.9962
2026-02-01 14:05:42,Madelon,188,94,1.2549,0.9959
2026-02-01 14:05:44,Madelon,205,103,1.5609,0.9977
2026-02-01 14:05:46,Madelon,221,111,1.9563,0.9958
2026-02-01 14:05:48,Madelon,237,119,2.2708,0.9969
2026-02-01 14:05:51,Madelon,254,127,2.7642,0.9966
2026-02-01 14:05:54,Madelon,270,135,3.2610,0.9931
2026-02-01 14:05:57,Madelon,287,144,3.8101,0.9957
2026-02-01 14:06:02,Madelon,303,152,4.2827,0.9955
2026-02-01 14:06:07,Madelon,319,160,4.8764,0.9958
2026-02-01 14:06:13,Madelon,336,168,5.9075,0.9968
2026-02-01 14:06:20,Madelon,352,176,6.5901,0.9963
2026-02-01 14:06:28,Madelon,368,184,7.3068,0.9962
2026-02-01 14:06:38,Madelon,385,193,7.5469,0.9956
2026-02-01 14:06:49,Madelon,401,201,8.2398,0.9974
2026-02-01 14:07:02,Madelon,418,209,9.0237,0.9950
2026-02-01 14:07:17,Madelon,434,217,9.9121,0.9969
2026-02-01 14:07:33,Madelon,450,225,10.9238,0.9954
2026-02-01 14:07:52,Madelon,467,234,11.7917,0.9972
2026-02-01 14:08:13,Madelon,483,242,12.7423,0.9954
2026-02-01 14:08:37,Madelon,500,250,14.2159,0.9949
2026-02-01 14:08:38,Madelon,25,13,0.0088,0.9986
2026-02-01 14:08:38,Madelon,41,21,0.0260,0.9981
2026-02-01 14:08:39,Madelon,57,29,0.0555,0.9979
2026-02-01 14:08:39,Madelon,74,37,0.1050,0.9981
2026-02-01 14:08:40,Madelon,90,45,0.1728,0.9973
2026-02-01 14:08:40,Madelon,106,53,0.2611,0.9976
2026-02-01 14:08:41,Madelon,123,62,0.3889,1.0009
2026-02-01 14:08:42,Madelon,139,70,0.5118,0.9988
2026-02-01 14:08:42,Madelon,156,78,0.7411,0.9971
2026-02-01 14:08:44,Madelon,172,86,0.9600,0.9964
2026-02-01 14:08:45,Madelon,188,94,1.2508,0.9930
2026-02-01 14:08:46,Madelon,205,103,1.5455,0.9998
2026-02-01 14:08:48,Madelon,221,111,1.9196,0.9959
2026-02-01 14:08:50,Madelon,237,119,2.3005,0.9962
2026-02-01 14:08:53,Madelon,254,127,2.7502,0.9940
2026-02-01 14:08:56,Madelon,270,135,3.2486,0.9967
2026-02-01 14:09:00,Madelon,287,144,3.8005,0.9964
2026-02-01 14:09:04,Madelon,303,152,4.2837,0.9960
2026-02-01 14:09:09,Madelon,319,160,4.8641,0.9963
2026-02-01 14:09:15,Madelon,336,168,5.8632,0.9952
2026-02-01 14:09:22,Madelon,352,176,6.6183,0.9959
2026-02-01 14:09:31,Madelon,368,184,7.2885,0.9964
2026-02-01 14:09:40,Madelon,385,193,7.5289,0.9962
2026-02-01 14:09:51,Madelon,401,201,8.2453,0.9970
2026-02-01 14:10:04,Madelon,418,209,9.0136,0.9951
2026-02-01 14:10:19,Madelon,434,217,9.8861,0.9946
2026-02-01 14:10:35,Madelon,450,225,10.9351,0.9960
2026-02-01 14:10:54,Madelon,467,234,11.8241,0.9951
2026-02-01 14:11:16,Madelon,483,242,12.7266,0.9960
2026-02-01 14:11:40,Madelon,500,250,14.1764,0.9954
2026-02-01 14:11:40,Madelon,25,13,0.0079,0.9983
2026-02-01 14:11:41,Madelon,41,21,0.0250,0.9983
2026-02-01 14:11:41,Madelon,57,29,0.0573,0.9980
2026-02-01 14:11:41,Madelon,74,37,0.1051,0.9978
2026-02-01 14:11:42,Madelon,90,45,0.1732,0.9973
2026-02-01 14:11:42,Madelon,106,53,0.2594,0.9955
2026-02-01 14:11:43,Madelon,123,62,0.3859,0.9934
2026-02-01 14:11:44,Madelon,139,70,0.5345,0.9961
2026-02-01 14:11:45,Madelon,156,78,0.7408,0.9978
2026-02-01 14:11:46,Madelon,172,86,0.9697,0.9964
2026-02-01 14:11:47,Madelon,188,94,1.2559,0.9957
2026-02-01 14:11:48,Madelon,205,103,1.5410,0.9954
2026-02-01 14:11:50,Madelon,221,111,1.9206,0.9923
2026-02-01 14:11:52,Madelon,237,119,2.3133,0.9947
2026-02-01 14:11:55,Madelon,254,127,2.7304,0.9973
2026-02-01 14:11:58,Madelon,270,135,3.2134,0.9962
2026-02-01 14:12:02,Madelon,287,144,3.6546,0.9961
2026-02-01 14:12:06,Madelon,303,152,4.2852,0.9958
2026-02-01 14:12:12,Madelon,319,160,4.2941,0.9962
2026-02-01 14:12:18,Madelon,336,168,5.8812,0.9965
2026-02-01 14:12:26,Madelon,352,176,5.7920,0.9951
2026-02-01 14:12:36,Madelon,368,184,7.3894,0.9965
2026-02-01 14:12:47,Madelon,385,193,7.5230,0.9958
2026-02-01 14:13:01,Madelon,401,201,8.2091,0.9959
2026-02-01 14:22:12,Madelon,418,209,361.3537,0.9967
2026-02-01 14:22:29,Madelon,434,217,10.1710,0.9957
2026-02-01 14:22:49,Madelon,450,225,10.9716,0.9955
2026-02-01 14:23:12,Madelon,467,234,11.8678,0.9948
2026-02-01 14:23:38,Madelon,483,242,12.8077,0.9955
2026-02-01 14:39:09,Madelon,500,250,0.0302,0.9950
2026-02-01 14:39:09,Madelon,25,13,0.0089,0.9983
2026-02-01 14:39:10,Madelon,41,21,0.0297,0.9990
2026-02-01 14:39:10,Madelon,57,29,0.0597,0.9982
2026-02-01 14:39:11,Madelon,74,37,0.1065,0.9976
2026-02-01 14:39:11,Madelon,90,45,0.1676,0.9970
2026-02-01 14:39:12,Madelon,106,53,0.2613,0.9974
2026-02-01 14:39:13,Madelon,123,62,0.3857,0.9976
2026-02-01 14:39:14,Madelon,139,70,0.5231,0.9964
2026-02-01 14:39:15,Madelon,156,78,0.6873,0.9941
2026-02-01 14:39:16,Madelon,172,86,0.9510,0.9964
2026-02-01 14:39:18,Madelon,188,94,1.2121,0.9959
2026-02-01 14:39:20,Madelon,205,103,1.3736,0.9963
2026-02-01 14:39:23,Madelon,221,111,2.2726,0.9949
2026-02-01 14:39:26,Madelon,237,119,2.3134,0.9949
2026-02-01 14:39:29,Madelon,254,127,2.6654,0.9965
2026-02-01 14:39:32,Madelon,270,135,3.1580,0.9950
2026-02-01 14:39:37,Madelon,287,144,3.5934,0.9974
2026-02-01 14:39:42,Madelon,303,152,4.0300,0.9970
2026-02-01 14:39:48,Madelon,319,160,4.7618,0.9963
2026-02-01 14:51:13,Madelon,336,168,572.7421,0.9960
2026-02-01 14:51:22,Madelon,352,176,6.3771,0.9957
2026-02-01 14:51:32,Madelon,368,184,7.3385,0.9958
2026-02-01 14:51:44,Madelon,385,193,7.4694,0.9968
2026-02-01 14:51:57,Madelon,401,201,8.2754,0.9967
2026-02-01 14:52:13,Madelon,418,209,8.0607,0.9955
2026-02-01 14:52:48,Madelon,434,217,20.9502,0.9955
2026-02-01 14:53:08,Madelon,450,225,11.0316,0.9964
2026-02-01 14:53:36,Madelon,467,234,14.6813,0.9957
2026-02-01 14:54:02,Madelon,483,242,12.5304,0.9956
2026-02-01 15:05:41,Madelon,500,250,358.4008,0.9947
2026-02-01 15:05:42,Madelon,25,13,0.0091,0.9981
2026-02-01 15:05:42,Madelon,41,21,0.0262,0.9983
2026-02-01 15:05:43,Madelon,57,29,0.0578,0.9976
2026-02-01 15:05:44,Madelon,74,37,0.1103,0.9965
2026-02-01 15:05:44,Madelon,90,45,0.1701,0.9965
2026-02-01 15:05:45,Madelon,106,53,0.2566,0.9968
2026-02-01 15:05:46,Madelon,123,62,0.3801,0.9967
2026-02-01 15:05:46,Madelon,139,70,0.5137,0.9971
2026-02-01 15:05:47,Madelon,156,78,0.7390,0.9967
2026-02-01 15:05:49,Madelon,172,86,0.9553,0.9966
2026-02-01 15:05:50,Madelon,188,94,1.2276,0.9973
2026-02-01 15:05:52,Madelon,205,103,1.5140,0.9965
2026-02-01 15:05:54,Madelon,221,111,1.8839,0.9967
2026-02-01 15:05:57,Madelon,237,119,2.2414,0.9976
2026-02-01 15:06:00,Madelon,254,127,2.7043,0.9953
2026-02-01 15:06:03,Madelon,270,135,3.1042,0.9957
2026-02-01 15:06:08,Madelon,287,144,3.7009,0.9964
2026-02-01 15:06:13,Madelon,303,152,4.1963,0.9965
2026-02-01 15:06:19,Madelon,319,160,4.6914,0.9955
2026-02-01 15:06:26,Madelon,336,168,5.4922,0.9969
2026-02-01 15:06:35,Madelon,352,176,6.4205,0.9964
2026-02-01 15:06:45,Madelon,368,184,7.4531,0.9958
2026-02-01 15:06:57,Madelon,385,193,7.4177,0.9965
2026-02-01 15:07:10,Madelon,401,201,8.2443,0.9956
2026-02-01 15:22:50,Madelon,418,209,466.1838,0.9954
2026-02-01 15:23:07,Madelon,434,217,10.0273,0.9958
2026-02-01 15:23:27,Madelon,450,225,11.0818,0.9959
2026-02-01 15:34:47,Madelon,467,234,382.1423,0.9960
2026-02-01 15:35:13,Madelon,483,242,12.8826,0.9955
2026-02-01 15:52:03,Madelon,500,250,523.2459,0.9950
2026-02-01 15:52:04,Synthetic_toeplitz,25,13,0.0088,0.9754
2026-02-01 15:52:04,Synthetic_toeplitz,41,21,0.0260,0.9889
2026-02-01 15:52:05,Synthetic_toeplitz,57,29,0.0570,0.9858
2026-02-01 15:52:05,Synthetic_toeplitz,74,37,0.1045,0.9939
2026-02-01 15:52:06,Synthetic_toeplitz,90,45,0.1659,0.9895
2026-02-01 15:52:07,Synthetic_toeplitz,106,53,0.2550,0.9955
2026-02-01 15:52:08,Synthetic_toeplitz,123,62,0.3784,0.9923
2026-02-01 15:52:08,Synthetic_toeplitz,139,70,0.5306,0.9997
2026-02-01 15:52:09,Synthetic_toeplitz,156,78,0.7192,0.9980
2026-02-01 15:52:11,Synthetic_toeplitz,172,86,0.9594,0.9961
2026-02-01 15:52:12,Synthetic_toeplitz,188,94,1.1930,0.9931
2026-02-01 15:52:14,Synthetic_toeplitz,205,103,1.4816,0.9968
2026-02-01 15:52:16,Synthetic_toeplitz,221,111,1.8841,0.9986
2026-02-01 15:52:19,Synthetic_toeplitz,237,119,2.2141,0.9954
2026-02-01 15:52:22,Synthetic_toeplitz,254,127,2.5767,0.9959
2026-02-01 15:52:25,Synthetic_toeplitz,270,135,3.1138,0.9964
2026-02-01 15:52:30,Synthetic_toeplitz,287,144,3.6650,0.9983
2026-02-01 15:52:35,Synthetic_toeplitz,303,152,4.2008,0.9978
2026-02-01 15:55:31,Synthetic_toeplitz,319,160,0.0325,0.9981
2026-02-01 15:55:37,Synthetic_toeplitz,336,168,6.5100,0.9985
2026-02-01 15:55:44,Synthetic_toeplitz,352,176,6.6873,0.9998
2026-02-01 15:55:52,Synthetic_toeplitz,368,184,7.3358,0.9986
2026-02-01 15:56:02,Synthetic_toeplitz,385,193,7.4838,1.0002
2026-02-01 15:56:13,Synthetic_toeplitz,401,201,8.2771,1.0008
2026-02-01 15:56:26,Synthetic_toeplitz,418,209,9.0521,1.0007
2026-02-01 15:56:40,Synthetic_toeplitz,434,217,9.7938,1.0018
2026-02-01 15:57:01,Synthetic_toeplitz,450,225,11.7740,1.0021
2026-02-01 15:57:24,Synthetic_toeplitz,467,234,12.0374,1.0020
2026-02-01 16:02:54,Synthetic_toeplitz,483,242,177.9085,1.0014
2026-02-01 16:04:11,Synthetic_toeplitz,500,250,36.7767,1.0013
2026-02-01 16:04:11,Synthetic_toeplitz,25,13,0.0089,0.9892
2026-02-01 16:04:12,Synthetic_toeplitz,41,21,0.0268,0.9808
2026-02-01 16:04:12,Synthetic_toeplitz,57,29,0.0572,0.9892
2026-02-01 16:04:13,Synthetic_toeplitz,74,37,0.1071,0.9948
2026-02-01 16:04:13,Synthetic_toeplitz,90,45,0.1677,0.9944
2026-02-01 16:04:14,Synthetic_toeplitz,106,53,0.2543,0.9924
2026-02-01 16:04:15,Synthetic_toeplitz,123,62,0.3780,0.9932
2026-02-01 16:04:15,Synthetic_toeplitz,139,70,0.5214,0.9967
2026-02-01 16:04:17,Synthetic_toeplitz,156,78,0.7245,0.9944
2026-02-01 16:04:18,Synthetic_toeplitz,172,86,0.9424,0.9968
2026-02-01 16:04:19,Synthetic_toeplitz,188,94,1.2185,0.9950
2026-02-01 16:04:21,Synthetic_toeplitz,205,103,1.5049,0.9979
2026-02-01 16:04:23,Synthetic_toeplitz,221,111,1.8485,0.9963
2026-02-01 16:04:26,Synthetic_toeplitz,237,119,2.1933,0.9948
2026-02-01 16:04:29,Synthetic_toeplitz,254,127,2.6458,0.9964
2026-02-01 16:04:32,Synthetic_toeplitz,270,135,3.1159,0.9954
2026-02-01 16:04:36,Synthetic_toeplitz,287,144,3.6820,0.9971
2026-02-01 16:04:42,Synthetic_toeplitz,303,152,4.2974,0.9965
2026-02-01 16:04:48,Synthetic_toeplitz,319,160,4.7791,0.9971
2026-02-01 16:05:03,Synthetic_toeplitz,336,168,11.5386,0.9992
2026-02-01 16:05:12,Synthetic_toeplitz,352,176,6.3989,0.9999
2026-02-01 16:05:21,Synthetic_toeplitz,368,184,7.1693,1.0001
2026-02-01 16:05:33,Synthetic_toeplitz,385,193,7.4209,1.0001
2026-02-01 16:05:46,Synthetic_toeplitz,401,201,8.5299,1.0017
2026-02-01 16:07:07,Synthetic_toeplitz,418,209,53.0797,1.0013
2026-02-01 16:07:25,Synthetic_toeplitz,434,217,10.0045,1.0011
2026-02-01 16:08:49,Synthetic_toeplitz,450,225,45.8818,1.0021
2026-02-01 16:09:11,Synthetic_toeplitz,467,234,11.8979,1.0013
2026-02-01 16:10:09,Synthetic_toeplitz,483,242,30.1603,1.0007
2026-02-01 16:10:34,Synthetic_toeplitz,500,250,14.5029,1.0013
2026-02-01 16:10:34,Synthetic_toeplitz,25,13,0.0100,0.9718
2026-02-01 16:10:35,Synthetic_toeplitz,41,21,0.0258,0.9878
2026-02-01 16:10:35,Synthetic_toeplitz,57,29,0.0587,0.9837
2026-02-01 16:10:35,Synthetic_toeplitz,74,37,0.1074,0.9933
2026-02-01 16:10:36,Synthetic_toeplitz,90,45,0.1747,0.9960
2026-02-01 16:10:36,Synthetic_toeplitz,106,53,0.2678,0.9916
2026-02-01 16:10:37,Synthetic_toeplitz,123,62,0.4019,0.9992
2026-02-01 16:10:38,Synthetic_toeplitz,139,70,0.5610,0.9973
2026-02-01 16:10:39,Synthetic_toeplitz,156,78,0.7754,0.9951
2026-02-01 16:10:40,Synthetic_toeplitz,172,86,0.9952,0.9959
2026-02-01 16:10:41,Synthetic_toeplitz,188,94,1.2247,0.9946
2026-02-01 16:10:43,Synthetic_toeplitz,205,103,1.5716,0.9945
2026-02-01 16:10:44,Synthetic_toeplitz,221,111,1.9563,0.9965
2026-02-01 16:10:47,Synthetic_toeplitz,237,119,2.3649,0.9975
2026-02-01 16:10:49,Synthetic_toeplitz,254,127,2.8038,0.9961
2026-02-01 16:10:52,Synthetic_toeplitz,270,135,3.2364,0.9974
2026-02-01 16:10:56,Synthetic_toeplitz,287,144,3.8283,0.9977
2026-02-01 16:11:01,Synthetic_toeplitz,303,152,4.3446,0.9975
2026-02-01 16:11:06,Synthetic_toeplitz,319,160,4.9321,0.9998
2026-02-01 16:11:12,Synthetic_toeplitz,336,168,5.8908,0.9974
2026-02-01 16:11:19,Synthetic_toeplitz,352,176,6.8126,0.9983
2026-02-01 16:11:27,Synthetic_toeplitz,368,184,7.3360,0.9988
2026-02-01 16:11:37,Synthetic_toeplitz,385,193,7.5219,1.0002
2026-02-01 16:11:48,Synthetic_toeplitz,401,201,8.2438,1.0004
2026-02-01 16:12:01,Synthetic_toeplitz,418,209,8.9104,1.0009
2026-02-01 16:12:15,Synthetic_toeplitz,434,217,9.8212,1.0019
2026-02-01 16:12:31,Synthetic_toeplitz,450,225,10.8696,1.0017
2026-02-01 16:12:50,Synthetic_toeplitz,467,234,11.8077,1.0014
2026-02-01 16:13:12,Synthetic_toeplitz,483,242,12.6117,1.0013
2026-02-01 16:13:36,Synthetic_toeplitz,500,250,14.0233,1.0016
2026-02-01 16:13:36,Synthetic_toeplitz,25,13,0.0086,0.9853
2026-02-01 16:13:36,Synthetic_toeplitz,41,21,0.0253,0.9782
2026-02-01 16:13:37,Synthetic_toeplitz,57,29,0.0564,0.9951
2026-02-01 16:13:37,Synthetic_toeplitz,74,37,0.1051,0.9902
2026-02-01 16:13:38,Synthetic_toeplitz,90,45,0.1711,0.9873
2026-02-01 16:13:38,Synthetic_toeplitz,106,53,0.2592,0.9946
2026-02-01 16:13:39,Synthetic_toeplitz,123,62,0.3897,0.9949
2026-02-01 16:13:40,Synthetic_toeplitz,139,70,0.5306,0.9968
2026-02-01 16:13:41,Synthetic_toeplitz,156,78,0.7475,0.9960
2026-02-01 16:13:42,Synthetic_toeplitz,172,86,0.9625,0.9932
2026-02-01 16:13:43,Synthetic_toeplitz,188,94,1.2686,0.9949
2026-02-01 16:13:44,Synthetic_toeplitz,205,103,1.5413,0.9940
2026-02-01 16:13:46,Synthetic_toeplitz,221,111,1.9415,0.9966
2026-02-01 16:13:48,Synthetic_toeplitz,237,119,2.3110,0.9965
2026-02-01 16:13:51,Synthetic_toeplitz,254,127,2.7573,0.9955
2026-02-01 16:13:54,Synthetic_toeplitz,270,135,3.2462,0.9970
2026-02-01 16:13:58,Synthetic_toeplitz,287,144,3.8400,0.9959
2026-02-01 16:14:02,Synthetic_toeplitz,303,152,4.2908,0.9969
2026-02-01 16:14:07,Synthetic_toeplitz,319,160,4.8863,0.9986
2026-02-01 16:14:13,Synthetic_toeplitz,336,168,5.8796,0.9981
2026-02-01 16:14:20,Synthetic_toeplitz,352,176,6.5972,0.9992
2026-02-01 16:14:29,Synthetic_toeplitz,368,184,7.3787,0.9992
2026-02-01 16:14:38,Synthetic_toeplitz,385,193,7.4837,0.9998
2026-02-01 16:14:49,Synthetic_toeplitz,401,201,8.2925,1.0003
2026-02-01 16:15:02,Synthetic_toeplitz,418,209,9.0464,1.0010
2026-02-01 16:15:16,Synthetic_toeplitz,434,217,9.9841,1.0016
2026-02-01 16:15:33,Synthetic_toeplitz,450,225,10.9877,1.0014
2026-02-01 16:15:52,Synthetic_toeplitz,467,234,11.7467,1.0004
2026-02-01 16:16:13,Synthetic_toeplitz,483,242,12.6996,1.0021
2026-02-01 16:16:37,Synthetic_toeplitz,500,250,14.1247,1.0019
2026-02-01 16:16:37,Synthetic_toeplitz,25,13,0.0083,0.9756
2026-02-01 16:16:38,Synthetic_toeplitz,41,21,0.0259,0.9831
2026-02-01 16:16:38,Synthetic_toeplitz,57,29,0.0555,0.9872
2026-02-01 16:16:39,Synthetic_toeplitz,74,37,0.1080,0.9876
2026-02-01 16:16:39,Synthetic_toeplitz,90,45,0.1737,0.9825
2026-02-01 16:16:40,Synthetic_toeplitz,106,53,0.2625,0.9892
2026-02-01 16:16:40,Synthetic_toeplitz,123,62,0.3904,0.9932
2026-02-01 16:16:41,Synthetic_toeplitz,139,70,0.5398,0.9961
2026-02-01 16:16:42,Synthetic_toeplitz,156,78,0.7449,0.9969
2026-02-01 16:16:43,Synthetic_toeplitz,172,86,0.9641,0.9962
2026-02-01 16:16:44,Synthetic_toeplitz,188,94,1.2472,0.9960
2026-02-01 16:16:46,Synthetic_toeplitz,205,103,1.5464,0.9982
2026-02-01 16:16:47,Synthetic_toeplitz,221,111,1.9187,0.9946
2026-02-01 16:16:50,Synthetic_toeplitz,237,119,2.3037,0.9979
2026-02-01 16:16:52,Synthetic_toeplitz,254,127,2.7623,0.9963
2026-02-01 16:16:55,Synthetic_toeplitz,270,135,3.2427,0.9962
2026-02-01 16:16:59,Synthetic_toeplitz,287,144,3.8152,0.9985
2026-02-01 16:17:03,Synthetic_toeplitz,303,152,4.2913,0.9974
2026-02-01 16:17:09,Synthetic_toeplitz,319,160,4.8825,0.9989
2026-02-01 16:17:15,Synthetic_toeplitz,336,168,5.9296,0.9980
2026-02-01 16:17:22,Synthetic_toeplitz,352,176,6.6180,0.9990
2026-02-01 16:17:30,Synthetic_toeplitz,368,184,7.3426,0.9994
2026-02-01 16:17:39,Synthetic_toeplitz,385,193,7.5486,1.0006
2026-02-01 16:17:50,Synthetic_toeplitz,401,201,8.2545,1.0018
2026-02-01 16:18:03,Synthetic_toeplitz,418,209,8.8002,1.0016
2026-02-01 16:18:18,Synthetic_toeplitz,434,217,9.8919,1.0017
2026-02-01 16:18:34,Synthetic_toeplitz,450,225,10.8724,1.0023
2026-02-01 16:18:53,Synthetic_toeplitz,467,234,11.7399,1.0020
2026-02-01 16:19:14,Synthetic_toeplitz,483,242,12.6475,1.0027
2026-02-01 16:19:39,Synthetic_toeplitz,500,250,12.6123,1.0015
2026-02-01 16:19:40,Residential,25,13,0.0088,0.9980
2026-02-01 16:19:41,Residential,27,14,0.0119,1.0004
2026-02-01 16:19:41,Residential,30,15,0.0121,0.9959
2026-02-01 16:19:42,Residential,33,17,0.0156,0.9986
2026-02-01 16:19:42,Residential,35,18,0.0186,1.0002
2026-02-01 16:19:42,Residential,38,19,0.0210,0.9980
2026-02-01 16:19:43,Residential,41,21,0.0260,0.9991
2026-02-01 16:19:43,Residential,43,22,0.0284,0.9980
2026-02-01 16:19:43,Residential,46,23,0.0326,1.0005
2026-02-01 16:19:44,Residential,49,25,0.0384,0.9972
2026-02-01 16:19:44,Residential,51,26,0.0428,0.9954
2026-02-01 16:19:45,Residential,54,27,0.0470,0.9993
2026-02-01 16:19:45,Residential,57,29,0.0569,0.9985
2026-02-01 16:19:45,Residential,59,30,0.0622,0.9971
2026-02-01 16:19:46,Residential,62,31,0.0693,0.9982
2026-02-01 16:19:46,Residential,65,33,0.0776,0.9981
2026-02-01 16:19:47,Residential,68,34,0.0864,0.9979
2026-02-01 16:19:47,Residential,70,35,0.0901,0.9981
2026-02-01 16:19:48,Residential,73,37,0.1050,0.9973
2026-02-01 16:19:48,Residential,76,38,0.1107,0.9994
2026-02-01 16:19:49,Residential,78,39,0.1180,0.9984
2026-02-01 16:19:49,Residential,81,41,0.1312,0.9989
2026-02-01 16:19:49,Residential,84,42,0.1455,0.9986
2026-02-01 16:19:50,Residential,86,43,0.1536,0.9987
2026-02-01 16:19:50,Residential,89,45,0.1701,0.9990
2026-02-01 16:19:51,Residential,92,46,0.1879,0.9992
2026-02-01 16:19:51,Residential,94,47,0.1937,0.9990
2026-02-01 16:19:52,Residential,97,49,0.2109,0.9991
2026-02-01 16:19:52,Residential,100,50,0.2281,0.9988
2026-02-01 16:19:53,Residential,103,52,0.2448,0.9989
2026-02-01 16:19:55,Residential,25,13,0.0088,0.9979
2026-02-01 16:19:55,Residential,27,14,0.0102,0.9981
2026-02-01 16:19:55,Residential,30,15,0.0122,0.9993
2026-02-01 16:19:56,Residential,33,17,0.0157,0.9978
2026-02-01 16:19:56,Residential,35,18,0.0177,0.9979
2026-02-01 16:19:56,Residential,38,19,0.0211,0.9968
2026-02-01 16:19:57,Residential,41,21,0.0257,0.9983
2026-02-01 16:19:57,Residential,43,22,0.0288,1.0000
2026-02-01 16:19:58,Residential,46,23,0.0321,0.9974
2026-02-01 16:19:58,Residential,49,25,0.0391,0.9990
2026-02-01 16:19:58,Residential,51,26,0.0431,0.9951
2026-02-01 16:19:59,Residential,54,27,0.0493,0.9979
2026-02-01 16:19:59,Residential,57,29,0.0573,0.9977
2026-02-01 16:20:00,Residential,59,30,0.0615,0.9978
2026-02-01 16:20:00,Residential,62,31,0.0692,0.9987
2026-02-01 16:20:00,Residential,65,33,0.0790,0.9985
2026-02-01 16:20:01,Residential,68,34,0.0855,0.9986
2026-02-01 16:20:01,Residential,70,35,0.0921,0.9983
2026-02-01 16:20:02,Residential,73,37,0.1045,0.9984
2026-02-01 16:20:02,Residential,76,38,0.1119,0.9990
2026-02-01 16:20:03,Residential,78,39,0.1193,0.9985
2026-02-01 16:20:03,Residential,81,41,0.1360,0.9985
2026-02-01 16:20:04,Residential,84,42,0.1429,0.9984
2026-02-01 16:20:04,Residential,86,43,0.1538,0.9982
2026-02-01 16:20:05,Residential,89,45,0.1752,0.9988
2026-02-01 16:20:05,Residential,92,46,0.1841,0.9982
2026-02-01 16:20:06,Residential,94,47,0.1887,0.9993
2026-02-01 16:20:06,Residential,97,49,0.2112,0.9993
2026-02-01 16:20:07,Residential,100,50,0.2247,0.9989
2026-02-01 16:20:07,Residential,103,52,0.2387,0.9989
2026-02-01 16:20:09,Residential,25,13,0.0087,0.9997
2026-02-01 16:20:09,Residential,27,14,0.0099,0.9990
2026-02-01 16:20:10,Residential,30,15,0.0123,0.9969
2026-02-01 16:20:10,Residential,33,17,0.0158,0.9950
2026-02-01 16:20:10,Residential,35,18,0.0175,0.9945
2026-02-01 16:20:11,Residential,38,19,0.0209,0.9973
2026-02-01 16:20:11,Residential,41,21,0.0252,0.9999
2026-02-01 16:20:11,Residential,43,22,0.0281,0.9959
2026-02-01 16:20:12,Residential,46,23,0.0337,1.0005
2026-02-01 16:20:12,Residential,49,25,0.0391,0.9997
2026-02-01 16:20:13,Residential,51,26,0.0432,0.9993
2026-02-01 16:20:13,Residential,54,27,0.0488,0.9995
2026-02-01 16:20:13,Residential,57,29,0.0562,0.9994
2026-02-01 16:20:14,Residential,59,30,0.0617,0.9992
2026-02-01 16:20:14,Residential,62,31,0.0679,0.9980
2026-02-01 16:20:15,Residential,65,33,0.0765,0.9986
2026-02-01 16:20:15,Residential,68,34,0.0852,0.9980
2026-02-01 16:20:15,Residential,70,35,0.0906,0.9974
2026-02-01 16:20:16,Residential,73,37,0.1039,0.9996
2026-02-01 16:20:16,Residential,76,38,0.1129,0.9993
2026-02-01 16:20:17,Residential,78,39,0.1207,0.9995
2026-02-01 16:20:17,Residential,81,41,0.1287,0.9985
2026-02-01 16:20:18,Residential,84,42,0.1446,0.9987
2026-02-01 16:20:18,Residential,86,43,0.1530,0.9994
2026-02-01 16:20:19,Residential,89,45,0.1731,0.9992
2026-02-01 16:20:19,Residential,92,46,0.1852,0.9983
2026-02-01 16:20:20,Residential,94,47,0.1943,0.9988
2026-02-01 16:20:20,Residential,97,49,0.2121,0.9991
2026-02-01 16:20:21,Residential,100,50,0.2213,0.9988
2026-02-01 16:20:21,Residential,103,52,0.2467,0.9989
2026-02-01 16:20:23,Residential,25,13,0.0089,0.9997
2026-02-01 16:20:23,Residential,27,14,0.0102,0.9973
2026-02-01 16:20:24,Residential,30,15,0.0123,0.9974
2026-02-01 16:20:24,Residential,33,17,0.0157,0.9969
2026-02-01 16:20:24,Residential,35,18,0.0173,0.9974
2026-02-01 16:20:25,Residential,38,19,0.0206,0.9988
2026-02-01 16:20:25,Residential,41,21,0.0255,0.9980
2026-02-01 16:20:26,Residential,43,22,0.0286,0.9959
2026-02-01 16:20:26,Residential,46,23,0.0324,0.9986
2026-02-01 16:20:26,Residential,49,25,0.0395,0.9950
2026-02-01 16:20:27,Residential,51,26,0.0425,0.9985
2026-02-01 16:20:27,Residential,54,27,0.0467,1.0005
2026-02-01 16:20:28,Residential,57,29,0.0555,0.9996
2026-02-01 16:20:28,Residential,59,30,0.0617,0.9982
2026-02-01 16:20:28,Residential,62,31,0.0662,0.9978
2026-02-01 16:20:29,Residential,65,33,0.0775,0.9990
2026-02-01 16:20:29,Residential,68,34,0.0857,0.9984
2026-02-01 16:20:30,Residential,70,35,0.0924,0.9980
2026-02-01 16:20:30,Residential,73,37,0.1019,0.9988
2026-02-01 16:20:31,Residential,76,38,0.1157,0.9987
2026-02-01 16:20:31,Residential,78,39,0.1232,0.9993
2026-02-01 16:20:32,Residential,81,41,0.1357,0.9989
2026-02-01 16:20:32,Residential,84,42,0.1445,0.9985
2026-02-01 16:20:32,Residential,86,43,0.1521,0.9991
2026-02-01 16:20:33,Residential,89,45,0.1672,0.9990
2026-02-01 16:20:33,Residential,92,46,0.1830,0.9992
2026-02-01 16:20:34,Residential,94,47,0.1960,0.9987
2026-02-01 16:20:34,Residential,97,49,0.2095,0.9990
2026-02-01 16:20:35,Residential,100,50,0.2295,0.9992
2026-02-01 16:20:36,Residential,103,52,0.2450,0.9989
2026-02-01 16:20:37,Residential,25,13,0.0086,0.9969
2026-02-01 16:20:38,Residential,27,14,0.0098,0.9980
2026-02-01 16:20:38,Residential,30,15,0.0120,0.9973
2026-02-01 16:20:38,Residential,33,17,0.0156,0.9987
2026-02-01 16:20:39,Residential,35,18,0.0172,0.9989
2026-02-01 16:20:39,Residential,38,19,0.0207,0.9996
2026-02-01 16:20:39,Residential,41,21,0.0250,0.9983
2026-02-01 16:20:40,Residential,43,22,0.0279,0.9978
2026-02-01 16:20:40,Residential,46,23,0.0324,0.9970
2026-02-01 16:20:41,Residential,49,25,0.0380,0.9981
2026-02-01 16:20:41,Residential,51,26,0.0431,0.9979
2026-02-01 16:20:41,Residential,54,27,0.0488,0.9969
2026-02-01 16:20:42,Residential,57,29,0.0563,0.9989
2026-02-01 16:20:42,Residential,59,30,0.0608,0.9978
2026-02-01 16:20:43,Residential,62,31,0.0670,0.9975
2026-02-01 16:20:43,Residential,65,33,0.0778,0.9985
2026-02-01 16:20:43,Residential,68,34,0.0858,0.9995
2026-02-01 16:20:44,Residential,70,35,0.0909,0.9981
2026-02-01 16:20:44,Residential,73,37,0.1032,0.9981
2026-02-01 16:20:45,Residential,76,38,0.1137,0.9974
2026-02-01 16:20:45,Residential,78,39,0.1175,0.9982
2026-02-01 16:20:46,Residential,81,41,0.1328,0.9993
2026-02-01 16:20:46,Residential,84,42,0.1451,0.9993
2026-02-01 16:20:47,Residential,86,43,0.1540,0.9989
2026-02-01 16:20:47,Residential,89,45,0.1694,0.9987
2026-02-01 16:20:48,Residential,92,46,0.1845,0.9987
2026-02-01 16:20:48,Residential,94,47,0.1896,0.9987
2026-02-01 16:20:49,Residential,97,49,0.2086,0.9988
2026-02-01 16:20:49,Residential,100,50,0.2224,0.9990
2026-02-01 16:20:50,Residential,103,52,0.2461,0.9993
2026-02-01 16:20:52,Secom,25,13,0.0086,0.9817
2026-02-01 16:20:52,Secom,40,20,0.0235,0.9989
2026-02-01 16:20:53,Secom,56,28,0.0531,0.9846
2026-02-01 16:20:53,Secom,71,36,0.0949,0.9869
2026-02-01 16:20:54,Secom,87,44,0.1629,0.9897
2026-02-01 16:20:54,Secom,103,52,0.2439,0.9872
2026-02-01 16:20:55,Secom,118,59,0.3411,0.9933
2026-02-01 16:20:56,Secom,134,67,0.4827,0.9941
2026-02-01 16:20:56,Secom,149,75,0.6510,0.9938
2026-02-01 16:20:57,Secom,165,83,0.8640,0.9920
2026-02-01 16:20:59,Secom,181,91,1.1109,0.9947
2026-02-01 16:21:00,Secom,196,98,1.3836,0.9915
2026-02-01 16:21:02,Secom,212,106,1.7095,0.9956
2026-02-01 16:21:04,Secom,228,114,2.0830,0.9970
2026-02-01 16:21:06,Secom,243,122,2.4339,0.9954
2026-02-01 16:21:09,Secom,259,130,2.8068,0.9923
2026-02-01 16:21:12,Secom,274,137,3.3421,0.9974
2026-02-01 16:21:16,Secom,290,145,3.8403,0.9960
2026-02-01 16:21:20,Secom,306,153,4.3304,0.9929
2026-02-01 16:21:26,Secom,321,161,4.9278,0.9951
2026-02-01 16:21:32,Secom,337,169,5.4879,0.9963
2026-02-01 16:21:39,Secom,353,177,6.2161,0.9980
2026-02-01 16:21:47,Secom,368,184,7.3640,0.9980
2026-02-01 16:21:57,Secom,384,192,7.8668,0.9972
2026-02-01 16:22:08,Secom,399,200,8.2223,0.9974
2026-02-01 16:22:20,Secom,415,208,8.9868,0.9974
2026-02-01 16:22:34,Secom,431,216,9.7638,0.9978
2026-02-01 16:22:50,Secom,446,223,10.6803,0.9975
2026-02-01 16:23:08,Secom,462,231,11.5942,0.9968
2026-02-01 16:23:29,Secom,478,239,12.7253,0.9980
2026-02-01 16:23:31,Secom,25,13,0.0091,0.9914
2026-02-01 16:23:31,Secom,40,20,0.0234,0.9901
2026-02-01 16:23:32,Secom,56,28,0.0527,0.9994
2026-02-01 16:23:32,Secom,71,36,0.0969,0.9874
2026-02-01 16:23:33,Secom,87,44,0.1613,0.9935
2026-02-01 16:23:33,Secom,103,52,0.2439,0.9902
2026-02-01 16:23:34,Secom,118,59,0.3470,0.9941
2026-02-01 16:23:35,Secom,134,67,0.4757,0.9977
2026-02-01 16:23:35,Secom,149,75,0.6505,0.9953
2026-02-01 16:23:36,Secom,165,83,0.8732,1.0021
2026-02-01 16:23:38,Secom,181,91,1.1204,0.9932
2026-02-01 16:23:39,Secom,196,98,1.3733,0.9909
2026-02-01 16:23:41,Secom,212,106,1.7157,0.9938
2026-02-01 16:23:42,Secom,228,114,2.0897,0.9965
2026-02-01 16:23:45,Secom,243,122,2.4497,0.9931
2026-02-01 16:23:48,Secom,259,130,2.8589,0.9924
2026-02-01 16:23:51,Secom,274,137,3.3370,0.9962
2026-02-01 16:23:55,Secom,290,145,3.8582,0.9979
2026-02-01 16:23:59,Secom,306,153,4.2911,0.9946
2026-02-01 16:24:05,Secom,321,161,4.9189,0.9967
2026-02-01 16:24:11,Secom,337,169,5.4857,0.9957
2026-02-01 16:24:18,Secom,353,177,6.0972,0.9957
2026-02-01 16:24:26,Secom,368,184,7.3338,0.9967
2026-02-01 16:24:36,Secom,384,192,7.9475,0.9971
2026-02-01 16:24:46,Secom,399,200,8.1590,0.9982
2026-02-01 16:24:59,Secom,415,208,9.0506,0.9986
2026-02-01 16:25:13,Secom,431,216,9.6742,0.9977
2026-02-01 16:25:29,Secom,446,223,10.8897,0.9979
2026-02-01 16:25:47,Secom,462,231,11.6202,0.9970
2026-02-01 16:26:08,Secom,478,239,12.7533,0.9978
2026-02-01 16:26:10,Secom,25,13,0.0092,0.9860
2026-02-01 16:26:10,Secom,40,20,0.0233,0.9969
2026-02-01 16:26:11,Secom,56,28,0.0531,0.9918
2026-02-01 16:26:11,Secom,71,36,0.0956,0.9957
2026-02-01 16:26:12,Secom,87,44,0.1626,0.9915
2026-02-01 16:26:12,Secom,103,52,0.2436,0.9970
2026-02-01 16:26:13,Secom,118,59,0.3509,0.9948
2026-02-01 16:26:14,Secom,134,67,0.4796,0.9925
2026-02-01 16:26:14,Secom,149,75,0.6554,0.9974
2026-02-01 16:26:15,Secom,165,83,0.8676,0.9905
2026-02-01 16:26:17,Secom,181,91,1.1112,0.9969
2026-02-01 16:26:18,Secom,196,98,1.3940,0.9909
2026-02-01 16:26:20,Secom,212,106,1.7013,0.9926
2026-02-01 16:26:22,Secom,228,114,2.0256,0.9955
2026-02-01 16:26:24,Secom,243,122,2.4151,0.9957
2026-02-01 16:26:27,Secom,259,130,2.8975,0.9969
2026-02-01 16:26:30,Secom,274,137,3.3221,0.9951
2026-02-01 16:26:34,Secom,290,145,3.8574,0.9968
2026-02-01 16:26:38,Secom,306,153,4.0678,0.9935
2026-02-01 16:26:44,Secom,321,161,4.9592,0.9955
2026-02-01 16:26:50,Secom,337,169,5.4997,0.9986
2026-02-01 16:26:57,Secom,353,177,6.1313,0.9980
2026-02-01 16:27:05,Secom,368,184,7.3724,0.9973
2026-02-01 16:27:15,Secom,384,192,7.9031,0.9979
2026-02-01 16:27:26,Secom,399,200,8.1850,0.9965
2026-02-01 16:27:38,Secom,415,208,8.8905,0.9974
2026-02-01 16:27:52,Secom,431,216,9.7145,0.9981
2026-02-01 16:28:09,Secom,446,223,10.6580,0.9980
2026-02-01 16:28:27,Secom,462,231,11.6074,0.9985
2026-02-01 16:28:47,Secom,478,239,12.7266,0.9975
2026-02-01 16:28:49,Secom,25,13,0.0092,0.9911
2026-02-01 16:28:50,Secom,40,20,0.0235,1.0041
2026-02-01 16:28:50,Secom,56,28,0.0523,0.9953
2026-02-01 16:28:51,Secom,71,36,0.0932,0.9925
2026-02-01 16:28:51,Secom,87,44,0.1570,0.9933
2026-02-01 16:28:52,Secom,103,52,0.2478,0.9978
2026-02-01 16:28:52,Secom,118,59,0.3374,0.9931
2026-02-01 16:28:53,Secom,134,67,0.4725,0.9891
2026-02-01 16:28:54,Secom,149,75,0.6513,0.9957
2026-02-01 16:28:55,Secom,165,83,0.8457,0.9922
2026-02-01 16:28:56,Secom,181,91,1.1194,0.9944
2026-02-01 16:28:57,Secom,196,98,1.4019,0.9929
2026-02-01 16:28:59,Secom,212,106,1.6916,0.9939
2026-02-01 16:29:01,Secom,228,114,2.0692,0.9951
2026-02-01 16:29:03,Secom,243,122,2.4430,0.9938
2026-02-01 16:29:06,Secom,259,130,2.8353,0.9994
2026-02-01 16:29:09,Secom,274,137,3.3397,0.9970
2026-02-01 16:29:13,Secom,290,145,3.8886,0.9966
2026-02-01 16:29:18,Secom,306,153,4.3261,0.9954
2026-02-01 16:29:23,Secom,321,161,4.8908,0.9975
2026-02-01 16:29:29,Secom,337,169,5.4838,0.9973
2026-02-01 16:29:36,Secom,353,177,6.1676,0.9980
2026-02-01 16:29:44,Secom,368,184,7.2914,0.9985
2026-02-01 16:29:54,Secom,384,192,7.9189,0.9975
2026-02-01 16:30:05,Secom,399,200,8.2921,0.9986
2026-02-01 16:30:17,Secom,415,208,9.0540,0.9972
2026-02-01 16:30:31,Secom,431,216,9.7788,0.9981
2026-02-01 16:30:47,Secom,446,223,10.7428,0.9973
2026-02-01 16:31:06,Secom,462,231,11.7473,0.9973
2026-02-01 16:31:26,Secom,478,239,12.5600,0.9978
2026-02-01 16:31:28,Secom,25,13,0.0093,0.9904
2026-02-01 16:31:29,Secom,40,20,0.0234,0.9986
2026-02-01 16:31:29,Secom,56,28,0.0526,0.9927
2026-02-01 16:31:30,Secom,71,36,0.0970,0.9942
2026-02-01 16:31:30,Secom,87,44,0.1617,0.9861
2026-02-01 16:31:31,Secom,103,52,0.2421,0.9919
2026-02-01 16:31:31,Secom,118,59,0.3476,0.9918
2026-02-01 16:31:32,Secom,134,67,0.4749,0.9993
2026-02-01 16:31:33,Secom,149,75,0.6453,0.9928
2026-02-01 16:31:34,Secom,165,83,0.8771,0.9969
2026-02-01 16:31:35,Secom,181,91,1.1142,0.9943
2026-02-01 16:31:36,Secom,196,98,1.3839,0.9958
2026-02-01 16:31:38,Secom,212,106,1.7106,0.9952
2026-02-01 16:31:40,Secom,228,114,2.0673,0.9975
2026-02-01 16:31:42,Secom,243,122,2.4609,0.9971
2026-02-01 16:31:45,Secom,259,130,2.8089,0.9960
2026-02-01 16:31:48,Secom,274,137,3.2190,0.9961
2026-02-01 16:31:52,Secom,290,145,3.7003,0.9925
2026-02-01 16:31:57,Secom,306,153,4.2018,0.9972
2026-02-01 16:32:02,Secom,321,161,5.0365,0.9961
2026-02-01 16:32:09,Secom,337,169,5.4693,0.9983
2026-02-01 16:32:16,Secom,353,177,6.2035,0.9922
2026-02-01 16:32:24,Secom,368,184,7.3602,0.9973
2026-02-01 16:32:33,Secom,384,192,7.9359,0.9966
2026-02-01 16:32:44,Secom,399,200,8.1089,0.9990
2026-02-01 16:32:57,Secom,415,208,8.9560,0.9971
2026-02-01 16:33:11,Secom,431,216,9.8302,0.9982
2026-02-01 16:33:27,Secom,446,223,10.7482,0.9974
2026-02-01 16:33:45,Secom,462,231,11.7079,0.9979
2026-02-01 16:34:06,Secom,478,239,12.7618,0.9981
2026-02-01 16:34:07,Arrhythmia,25,13,0.0106,0.9858
2026-02-01 16:34:08,Arrhythmia,33,17,0.0153,1.0026
2026-02-01 16:34:08,Arrhythmia,41,21,0.0254,0.9925
2026-02-01 16:34:08,Arrhythmia,49,25,0.0390,0.9988
2026-02-01 16:34:09,Arrhythmia,57,29,0.0562,0.9990
2026-02-01 16:34:09,Arrhythmia,65,33,0.0757,0.9949
2026-02-01 16:34:10,Arrhythmia,74,37,0.1037,0.9934
2026-02-01 16:34:10,Arrhythmia,82,41,0.1341,0.9977
2026-02-01 16:34:11,Arrhythmia,90,45,0.1711,0.9988
2026-02-01 16:34:11,Arrhythmia,98,49,0.2131,0.9986
2026-02-01 16:34:12,Arrhythmia,106,53,0.2620,0.9960
2026-02-01 16:34:12,Arrhythmia,114,57,0.3101,0.9995
2026-02-01 16:34:13,Arrhythmia,123,62,0.3872,0.9990
2026-02-01 16:34:14,Arrhythmia,131,66,0.4474,0.9965
2026-02-01 16:34:14,Arrhythmia,139,70,0.5355,0.9965
2026-02-01 16:34:15,Arrhythmia,147,74,0.6223,0.9973
2026-02-01 16:34:16,Arrhythmia,155,78,0.7312,1.0018
2026-02-01 16:34:17,Arrhythmia,163,82,0.8482,1.0004
2026-02-01 16:34:18,Arrhythmia,172,86,0.9542,1.0005
2026-02-01 16:34:19,Arrhythmia,180,90,1.0980,1.0006
2026-02-01 16:34:20,Arrhythmia,188,94,1.2394,0.9982
2026-02-01 16:34:22,Arrhythmia,196,98,1.3694,1.0014
2026-02-01 16:34:23,Arrhythmia,204,102,1.5229,0.9968
2026-02-01 16:34:25,Arrhythmia,212,106,1.7338,1.0009
2026-02-01 16:34:27,Arrhythmia,221,111,1.9184,0.9976
2026-02-01 16:34:29,Arrhythmia,229,115,2.1016,1.0002
2026-02-01 16:34:31,Arrhythmia,237,119,2.2835,0.9973
2026-02-01 16:34:33,Arrhythmia,245,123,2.4864,1.0010
2026-02-01 16:34:36,Arrhythmia,253,127,2.7636,0.9994
2026-02-01 16:34:39,Arrhythmia,262,131,2.9719,1.0003
2026-02-01 16:34:40,Arrhythmia,25,13,0.0138,0.9993
2026-02-01 16:34:41,Arrhythmia,33,17,0.0155,0.9919
2026-02-01 16:34:41,Arrhythmia,41,21,0.0248,1.0016
2026-02-01 16:34:41,Arrhythmia,49,25,0.0389,1.0074
2026-02-01 16:34:42,Arrhythmia,57,29,0.0562,0.9954
2026-02-01 16:34:42,Arrhythmia,65,33,0.0766,0.9963
2026-02-01 16:34:43,Arrhythmia,74,37,0.1060,0.9925
2026-02-01 16:34:43,Arrhythmia,82,41,0.1333,0.9842
2026-02-01 16:34:44,Arrhythmia,90,45,0.1714,0.9988
2026-02-01 16:34:44,Arrhythmia,98,49,0.2092,0.9908
2026-02-01 16:34:45,Arrhythmia,106,53,0.2615,0.9881
2026-02-01 16:34:45,Arrhythmia,114,57,0.3110,0.9987
2026-02-01 16:34:46,Arrhythmia,123,62,0.3922,1.0033
2026-02-01 16:34:47,Arrhythmia,131,66,0.4484,1.0042
2026-02-01 16:34:47,Arrhythmia,139,70,0.5324,0.9965
2026-02-01 16:34:48,Arrhythmia,147,74,0.6296,0.9958
2026-02-01 16:34:49,Arrhythmia,155,78,0.7304,1.0025
2026-02-01 16:34:50,Arrhythmia,163,82,0.8417,0.9939
2026-02-01 16:34:51,Arrhythmia,172,86,0.9534,0.9967
2026-02-01 16:34:52,Arrhythmia,180,90,1.0843,0.9969
2026-02-01 16:34:53,Arrhythmia,188,94,1.2544,0.9975
2026-02-01 16:34:55,Arrhythmia,196,98,1.3849,1.0022
2026-02-01 16:34:56,Arrhythmia,204,102,1.5245,0.9960
2026-02-01 16:34:58,Arrhythmia,212,106,1.7259,1.0005
2026-02-01 16:35:00,Arrhythmia,221,111,1.9290,1.0012
2026-02-01 16:35:02,Arrhythmia,229,115,2.1145,1.0011
2026-02-01 16:35:04,Arrhythmia,237,119,2.3010,1.0004
2026-02-01 16:35:06,Arrhythmia,245,123,2.5137,1.0019
2026-02-01 16:35:09,Arrhythmia,253,127,2.7246,1.0012
2026-02-01 16:35:12,Arrhythmia,262,131,2.9912,0.9986
2026-02-01 16:35:13,Arrhythmia,25,13,0.0145,0.9894
2026-02-01 16:35:14,Arrhythmia,33,17,0.0155,0.9936
2026-02-01 16:35:14,Arrhythmia,41,21,0.0256,0.9764
2026-02-01 16:35:14,Arrhythmia,49,25,0.0386,0.9909
2026-02-01 16:35:15,Arrhythmia,57,29,0.0564,0.9888
2026-02-01 16:35:15,Arrhythmia,65,33,0.0777,0.9919
2026-02-01 16:35:16,Arrhythmia,74,37,0.1058,0.9854
2026-02-01 16:35:16,Arrhythmia,82,41,0.1351,0.9874
2026-02-01 16:35:17,Arrhythmia,90,45,0.1750,0.9925
2026-02-01 16:35:17,Arrhythmia,98,49,0.2138,0.9934
2026-02-01 16:35:18,Arrhythmia,106,53,0.2607,0.9886
2026-02-01 16:35:18,Arrhythmia,114,57,0.3062,0.9888
2026-02-01 16:35:19,Arrhythmia,123,62,0.3894,0.9998
2026-02-01 16:35:20,Arrhythmia,131,66,0.4482,0.9972
2026-02-01 16:35:20,Arrhythmia,139,70,0.5333,0.9976
2026-02-01 16:35:21,Arrhythmia,147,74,0.6305,0.9968
2026-02-01 16:35:22,Arrhythmia,155,78,0.7272,0.9979
2026-02-01 16:35:23,Arrhythmia,163,82,0.8283,0.9955
2026-02-01 16:35:24,Arrhythmia,172,86,0.9646,1.0000
2026-02-01 16:35:25,Arrhythmia,180,90,1.1042,0.9996
2026-02-01 16:35:26,Arrhythmia,188,94,1.2314,0.9982
2026-02-01 16:35:28,Arrhythmia,196,98,1.3814,1.0038
2026-02-01 16:35:29,Arrhythmia,204,102,1.5285,1.0002
2026-02-01 16:35:31,Arrhythmia,212,106,1.7069,1.0006
2026-02-01 16:35:33,Arrhythmia,221,111,1.9051,1.0011
2026-02-01 16:35:35,Arrhythmia,229,115,2.0881,1.0018
2026-02-01 16:35:37,Arrhythmia,237,119,2.2946,1.0006
2026-02-01 16:35:39,Arrhythmia,245,123,2.5167,0.9983
2026-02-01 16:35:42,Arrhythmia,253,127,2.7577,1.0004
2026-02-01 16:35:45,Arrhythmia,262,131,2.9620,0.9994
2026-02-01 16:35:46,Arrhythmia,25,13,0.0148,0.9817
2026-02-01 16:35:47,Arrhythmia,33,17,0.0152,0.9928
2026-02-01 16:35:47,Arrhythmia,41,21,0.0253,0.9827
2026-02-01 16:35:47,Arrhythmia,49,25,0.0384,0.9892
2026-02-01 16:35:48,Arrhythmia,57,29,0.0569,0.9868
2026-02-01 16:35:48,Arrhythmia,65,33,0.0767,0.9953
2026-02-01 16:35:49,Arrhythmia,74,37,0.1056,1.0026
2026-02-01 16:35:49,Arrhythmia,82,41,0.1343,0.9998
2026-02-01 16:35:50,Arrhythmia,90,45,0.1749,0.9877
2026-02-01 16:35:50,Arrhythmia,98,49,0.2084,0.9973
2026-02-01 16:35:51,Arrhythmia,106,53,0.2521,0.9921
2026-02-01 16:35:51,Arrhythmia,114,57,0.3079,0.9962
2026-02-01 16:35:52,Arrhythmia,123,62,0.3768,0.9951
2026-02-01 16:35:53,Arrhythmia,131,66,0.4505,1.0000
2026-02-01 16:35:53,Arrhythmia,139,70,0.5331,0.9968
2026-02-01 16:35:54,Arrhythmia,147,74,0.6320,0.9971
2026-02-01 16:35:55,Arrhythmia,155,78,0.7285,0.9928
2026-02-01 16:35:56,Arrhythmia,163,82,0.8250,0.9966
2026-02-01 16:35:57,Arrhythmia,172,86,0.9660,1.0014
2026-02-01 16:35:58,Arrhythmia,180,90,1.1089,1.0000
2026-02-01 16:35:59,Arrhythmia,188,94,1.2479,0.9982
2026-02-01 16:36:01,Arrhythmia,196,98,1.3817,0.9986
2026-02-01 16:36:02,Arrhythmia,204,102,1.5255,0.9960
2026-02-01 16:36:04,Arrhythmia,212,106,1.7168,0.9993
2026-02-01 16:36:06,Arrhythmia,221,111,1.9189,1.0012
2026-02-01 16:36:08,Arrhythmia,229,115,2.1014,0.9990
2026-02-01 16:36:10,Arrhythmia,237,119,2.3227,1.0014
2026-02-01 16:36:12,Arrhythmia,245,123,2.5257,0.9996
2026-02-01 16:36:15,Arrhythmia,253,127,2.6985,1.0017
2026-02-01 16:36:18,Arrhythmia,262,131,2.9761,0.9991
2026-02-01 16:36:21,Arrhythmia,25,13,0.0147,0.9843
2026-02-01 16:36:21,Arrhythmia,33,17,0.0155,0.9905
2026-02-01 16:36:22,Arrhythmia,41,21,0.0259,0.9882
2026-02-01 16:36:22,Arrhythmia,49,25,0.0381,0.9830
2026-02-01 16:36:22,Arrhythmia,57,29,0.0558,0.9889
2026-02-01 16:36:23,Arrhythmia,65,33,0.0767,0.9973
2026-02-01 16:36:23,Arrhythmia,74,37,0.1075,0.9972
2026-02-01 16:36:24,Arrhythmia,82,41,0.1351,0.9972
2026-02-01 16:36:24,Arrhythmia,90,45,0.1720,0.9894
2026-02-01 16:36:25,Arrhythmia,98,49,0.2133,0.9986
2026-02-01 16:36:25,Arrhythmia,106,53,0.2580,0.9984
2026-02-01 16:36:26,Arrhythmia,114,57,0.3096,0.9972
2026-02-01 16:36:26,Arrhythmia,123,62,0.3904,0.9943
2026-02-01 16:36:27,Arrhythmia,131,66,0.4491,1.0009
2026-02-01 16:36:28,Arrhythmia,139,70,0.5394,0.9978
2026-02-01 16:36:29,Arrhythmia,147,74,0.6236,1.0011
2026-02-01 16:36:30,Arrhythmia,155,78,0.7355,0.9982
2026-02-01 16:36:31,Arrhythmia,163,82,0.8358,0.9998
2026-02-01 16:36:32,Arrhythmia,172,86,0.9702,0.9946
2026-02-01 16:36:33,Arrhythmia,180,90,1.0924,0.9987
2026-02-01 16:36:34,Arrhythmia,188,94,1.2334,1.0009
2026-02-01 16:36:35,Arrhythmia,196,98,1.3982,0.9997
2026-02-01 16:36:37,Arrhythmia,204,102,1.5471,1.0023
2026-02-01 16:36:38,Arrhythmia,212,106,1.7037,0.9992
2026-02-01 16:36:40,Arrhythmia,221,111,1.9150,1.0000
2026-02-01 16:36:42,Arrhythmia,229,115,2.1282,1.0015
2026-02-01 16:36:44,Arrhythmia,237,119,2.3123,1.0006
2026-02-01 16:36:47,Arrhythmia,245,123,2.4968,1.0012
2026-02-01 16:36:49,Arrhythmia,253,127,2.7139,0.9992
2026-02-01 16:36:52,Arrhythmia,262,131,2.9741,1.0003
2026-02-01 16:36:55,Myocardial,25,13,0.0092,1.0012
2026-02-01 16:36:55,Myocardial,27,14,0.0101,0.9917
2026-02-01 16:36:55,Myocardial,30,15,0.0124,0.9934
2026-02-01 16:36:56,Myocardial,33,17,0.0151,0.9864
2026-02-01 16:36:56,Myocardial,36,18,0.0184,0.9966
2026-02-01 16:36:57,Myocardial,39,20,0.0227,0.9903
2026-02-01 16:36:57,Myocardial,42,21,0.0260,0.9900
2026-02-01 16:36:57,Myocardial,45,23,0.0315,0.9902
2026-02-01 16:36:58,Myocardial,48,24,0.0365,0.9932
2026-02-01 16:36:58,Myocardial,51,26,0.0420,0.9954
2026-02-01 16:36:58,Myocardial,54,27,0.0483,0.9898
2026-02-01 16:36:59,Myocardial,57,29,0.0562,0.9850
2026-02-01 16:36:59,Myocardial,60,30,0.0625,0.9832
2026-02-01 16:37:00,Myocardial,63,32,0.0709,0.9906
2026-02-01 16:37:00,Myocardial,66,33,0.0817,0.9935
2026-02-01 16:37:01,Myocardial,69,35,0.0887,0.9964
2026-02-01 16:37:01,Myocardial,72,36,0.0973,0.9912
2026-02-01 16:37:01,Myocardial,75,38,0.1098,0.9890
2026-02-01 16:37:02,Myocardial,78,39,0.1160,0.9885
2026-02-01 16:37:02,Myocardial,81,41,0.1318,0.9905
2026-02-01 16:37:03,Myocardial,84,42,0.1459,0.9913
2026-02-01 16:37:03,Myocardial,87,44,0.1564,0.9948
2026-02-01 16:37:04,Myocardial,90,45,0.1716,0.9968
2026-02-01 16:37:04,Myocardial,93,47,0.1897,0.9933
2026-02-01 16:37:05,Myocardial,96,48,0.2050,0.9893
2026-02-01 16:37:05,Myocardial,99,50,0.2181,0.9951
2026-02-01 16:37:06,Myocardial,102,51,0.2396,0.9930
2026-02-01 16:37:06,Myocardial,105,53,0.2570,0.9910
2026-02-01 16:37:07,Myocardial,108,54,0.2739,0.9947
2026-02-01 16:37:08,Myocardial,111,56,0.2982,0.9948
2026-02-01 16:37:10,Myocardial,25,13,0.0098,0.9960
2026-02-01 16:37:11,Myocardial,27,14,0.0101,0.9894
2026-02-01 16:37:11,Myocardial,30,15,0.0123,0.9885
2026-02-01 16:37:11,Myocardial,33,17,0.0158,0.9865
2026-02-01 16:37:12,Myocardial,36,18,0.0180,0.9918
2026-02-01 16:37:12,Myocardial,39,20,0.0231,0.9884
2026-02-01 16:37:12,Myocardial,42,21,0.0265,0.9873
2026-02-01 16:37:13,Myocardial,45,23,0.0310,0.9951
2026-02-01 16:37:13,Myocardial,48,24,0.0360,0.9933
2026-02-01 16:37:14,Myocardial,51,26,0.0422,0.9849
2026-02-01 16:37:14,Myocardial,54,27,0.0487,0.9942
2026-02-01 16:37:14,Myocardial,57,29,0.0573,0.9914
2026-02-01 16:37:15,Myocardial,60,30,0.0626,0.9895
2026-02-01 16:37:15,Myocardial,63,32,0.0719,0.9828
2026-02-01 16:37:16,Myocardial,66,33,0.0774,0.9902
2026-02-01 16:37:16,Myocardial,69,35,0.0923,0.9859
2026-02-01 16:37:17,Myocardial,72,36,0.1006,0.9883
2026-02-01 16:37:17,Myocardial,75,38,0.1108,0.9936
2026-02-01 16:37:17,Myocardial,78,39,0.1189,0.9914
2026-02-01 16:37:18,Myocardial,81,41,0.1330,0.9921
2026-02-01 16:37:18,Myocardial,84,42,0.1409,0.9923
2026-02-01 16:37:19,Myocardial,87,44,0.1599,0.9958
2026-02-01 16:37:19,Myocardial,90,45,0.1704,0.9911
2026-02-01 16:37:20,Myocardial,93,47,0.1901,0.9885
2026-02-01 16:37:20,Myocardial,96,48,0.2050,0.9916
2026-02-01 16:37:21,Myocardial,99,50,0.2191,0.9926
2026-02-01 16:37:21,Myocardial,102,51,0.2293,0.9949
2026-02-01 16:37:22,Myocardial,105,53,0.2561,0.9965
2026-02-01 16:37:23,Myocardial,108,54,0.2748,0.9933
2026-02-01 16:37:23,Myocardial,111,56,0.2942,0.9932
2026-02-01 16:37:26,Myocardial,25,13,0.0165,0.9914
2026-02-01 16:37:26,Myocardial,27,14,0.0101,0.9964
2026-02-01 16:37:26,Myocardial,30,15,0.0122,0.9898
2026-02-01 16:37:27,Myocardial,33,17,0.0154,0.9950
2026-02-01 16:37:27,Myocardial,36,18,0.0184,0.9971
2026-02-01 16:37:28,Myocardial,39,20,0.0228,0.9970
2026-02-01 16:37:28,Myocardial,42,21,0.0261,0.9826
2026-02-01 16:37:28,Myocardial,45,23,0.0312,0.9869
2026-02-01 16:37:29,Myocardial,48,24,0.0361,0.9889
2026-02-01 16:37:29,Myocardial,51,26,0.0431,0.9912
2026-02-01 16:37:30,Myocardial,54,27,0.0497,0.9932
2026-02-01 16:37:30,Myocardial,57,29,0.0562,0.9863
2026-02-01 16:37:30,Myocardial,60,30,0.0625,0.9948
2026-02-01 16:37:31,Myocardial,63,32,0.0707,0.9855
2026-02-01 16:37:31,Myocardial,66,33,0.0807,0.9920
2026-02-01 16:37:32,Myocardial,69,35,0.0835,0.9934
2026-02-01 16:37:32,Myocardial,72,36,0.0988,0.9824
2026-02-01 16:37:33,Myocardial,75,38,0.2929,0.9982
2026-02-01 16:37:33,Myocardial,78,39,0.1865,0.9868
2026-02-01 16:37:34,Myocardial,81,41,0.1699,0.9905
2026-02-01 16:37:34,Myocardial,84,42,0.1458,0.9920
2026-02-01 16:37:35,Myocardial,87,44,0.1726,0.9911
2026-02-01 16:37:35,Myocardial,90,45,0.1715,0.9958
2026-02-01 16:37:36,Myocardial,93,47,0.1876,0.9930
2026-02-01 16:37:36,Myocardial,96,48,0.2060,0.9947
2026-02-01 16:37:37,Myocardial,99,50,0.2200,0.9915
2026-02-01 16:37:37,Myocardial,102,51,0.2339,0.9970
2026-02-01 16:37:38,Myocardial,105,53,0.2550,0.9917
2026-02-01 16:37:38,Myocardial,108,54,0.2708,0.9904
2026-02-01 16:37:39,Myocardial,111,56,0.2973,0.9936
2026-02-01 16:37:41,Myocardial,25,13,0.0141,0.9847
2026-02-01 16:37:42,Myocardial,27,14,0.0099,0.9927
2026-02-01 16:37:42,Myocardial,30,15,0.0122,0.9922
2026-02-01 16:37:42,Myocardial,33,17,0.0156,0.9929
2026-02-01 16:37:43,Myocardial,36,18,0.0181,0.9885
2026-02-01 16:37:43,Myocardial,39,20,0.0222,0.9955
2026-02-01 16:37:44,Myocardial,42,21,0.0263,0.9888
2026-02-01 16:37:44,Myocardial,45,23,0.0312,0.9855
2026-02-01 16:37:44,Myocardial,48,24,0.0350,0.9895
2026-02-01 16:37:45,Myocardial,51,26,0.0425,0.9931
2026-02-01 16:37:45,Myocardial,54,27,0.0485,0.9938
2026-02-01 16:37:46,Myocardial,57,29,0.0563,0.9924
2026-02-01 16:37:46,Myocardial,60,30,0.0636,0.9934
2026-02-01 16:37:46,Myocardial,63,32,0.0725,0.9978
2026-02-01 16:37:47,Myocardial,66,33,0.0791,0.9884
2026-02-01 16:37:47,Myocardial,69,35,0.0888,0.9837
2026-02-01 16:37:48,Myocardial,72,36,0.0997,0.9884
2026-02-01 16:37:48,Myocardial,75,38,0.1091,0.9917
2026-02-01 16:37:49,Myocardial,78,39,0.1177,0.9927
2026-02-01 16:37:49,Myocardial,81,41,0.1328,0.9927
2026-02-01 16:37:50,Myocardial,84,42,0.1470,0.9950
2026-02-01 16:37:50,Myocardial,87,44,0.1583,0.9952
2026-02-01 16:37:51,Myocardial,90,45,0.1719,0.9945
2026-02-01 16:37:51,Myocardial,93,47,0.1901,0.9890
2026-02-01 16:37:52,Myocardial,96,48,0.2104,0.9939
2026-02-01 16:37:52,Myocardial,99,50,0.2173,0.9963
2026-02-01 16:37:53,Myocardial,102,51,0.2319,0.9916
2026-02-01 16:37:53,Myocardial,105,53,0.2568,0.9942
2026-02-01 16:37:54,Myocardial,108,54,0.2752,0.9936
2026-02-01 16:37:54,Myocardial,111,56,0.2961,0.9939
2026-02-01 16:37:57,Myocardial,25,13,0.0163,0.9943
2026-02-01 16:37:57,Myocardial,27,14,0.0097,0.9919
2026-02-01 16:37:58,Myocardial,30,15,0.0125,0.9884
2026-02-01 16:37:58,Myocardial,33,17,0.0155,0.9905
2026-02-01 16:37:58,Myocardial,36,18,0.0182,0.9922
2026-02-01 16:37:59,Myocardial,39,20,0.0228,0.9929
2026-02-01 16:37:59,Myocardial,42,21,0.0255,0.9896
2026-02-01 16:37:59,Myocardial,45,23,0.0314,0.9905
2026-02-01 16:38:00,Myocardial,48,24,0.0365,0.9899
2026-02-01 16:38:00,Myocardial,51,26,0.0425,0.9915
2026-02-01 16:38:01,Myocardial,54,27,0.0484,0.9867
2026-02-01 16:38:01,Myocardial,57,29,0.0565,0.9930
2026-02-01 16:38:01,Myocardial,60,30,0.0655,0.9885
2026-02-01 16:38:02,Myocardial,63,32,0.0718,0.9927
2026-02-01 16:38:02,Myocardial,66,33,0.0801,0.9869
2026-02-01 16:38:03,Myocardial,69,35,0.0879,0.9855
2026-02-01 16:38:03,Myocardial,72,36,0.0948,0.9917
2026-02-01 16:38:04,Myocardial,75,38,0.1124,0.9822
2026-02-01 16:38:04,Myocardial,78,39,0.1226,0.9960
2026-02-01 16:38:04,Myocardial,81,41,0.1323,0.9924
2026-02-01 16:38:05,Myocardial,84,42,0.1448,0.9868
2026-02-01 16:38:05,Myocardial,87,44,0.1579,0.9900
2026-02-01 16:38:06,Myocardial,90,45,0.1676,0.9914
2026-02-01 16:38:06,Myocardial,93,47,0.1901,0.9914
2026-02-01 16:38:07,Myocardial,96,48,0.2045,0.9900
2026-02-01 16:38:07,Myocardial,99,50,0.2166,0.9922
2026-02-01 16:38:08,Myocardial,102,51,0.2369,0.9897
2026-02-01 16:38:09,Myocardial,105,53,0.2484,0.9931
2026-02-01 16:38:09,Myocardial,108,54,0.2768,0.9917
2026-02-01 16:38:10,Myocardial,111,56,0.2968,0.9910