Timestamp,Dataset,p,Experiment,k,Steps,Samples,Alpha,Greedy_Obj,FW_Obj,Ratio,Greedy_Time_s,FW_Time_s,Speedup_x,Status
2026-01-28 12:40:15,Residential,103,compare_k1_a0.1_m20,1,100,20,0.1000,67.5649,67.0536,0.9924,0.0010,0.0177,0.0582,DONE
2026-01-28 12:40:15,Residential,103,compare_k10_a0.1_m20,10,200,20,0.1000,94.3341,91.5609,0.9706,0.0108,0.0351,0.3091,DONE
2026-01-28 12:40:15,Residential,103,compare_k20_a0.1_m20,20,400,20,0.1000,100.0077,99.6479,0.9964,0.0266,0.0726,0.3659,DONE
2026-01-28 12:40:15,Residential,103,compare_k30_a0.1_m20,30,600,20,0.1000,101.9689,101.7951,0.9983,0.0498,0.1064,0.4684,DONE
2026-01-28 12:40:15,Residential,103,compare_k51_a0.1_m20,51,1020,20,0.1000,102.9037,102.8715,0.9997,0.1095,0.1804,0.6068,DONE
2026-01-28 12:40:17,Residential,103,compare_k1_a0.1_m50,1,100,50,0.1000,67.5649,66.9659,0.9911,0.0010,0.0317,0.0325,DONE
2026-01-28 12:40:17,Residential,103,compare_k10_a0.1_m50,10,200,50,0.1000,94.3341,93.3420,0.9895,0.0107,0.0630,0.1698,DONE
2026-01-28 12:40:17,Residential,103,compare_k20_a0.1_m50,20,400,50,0.1000,100.0077,98.4756,0.9847,0.0269,0.1252,0.2153,DONE
2026-01-28 12:40:17,Residential,103,compare_k30_a0.1_m50,30,600,50,0.1000,101.9689,101.6752,0.9971,0.0486,0.1934,0.2515,DONE
2026-01-28 12:40:17,Residential,103,compare_k51_a0.1_m50,51,1020,50,0.1000,102.9037,102.8334,0.9993,0.1065,0.3239,0.3289,DONE
2026-01-28 12:40:19,Residential,103,compare_k1_a0.2_m20,1,100,20,0.2000,67.5649,66.9243,0.9905,0.0011,0.0183,0.0587,DONE
2026-01-28 12:40:19,Residential,103,compare_k10_a0.2_m20,10,200,20,0.2000,94.3341,91.2479,0.9673,0.0112,0.0361,0.3102,DONE
2026-01-28 12:40:19,Residential,103,compare_k20_a0.2_m20,20,400,20,0.2000,100.0077,98.7217,0.9871,0.0261,0.0717,0.3637,DONE
2026-01-28 12:40:19,Residential,103,compare_k30_a0.2_m20,30,600,20,0.2000,101.9689,101.6922,0.9973,0.0491,0.1088,0.4511,DONE
2026-01-28 12:40:19,Residential,103,compare_k51_a0.2_m20,51,1020,20,0.2000,102.9037,102.8845,0.9998,0.1088,0.1814,0.6000,DONE
2026-01-28 12:40:20,Residential,103,compare_k1_a0.2_m50,1,100,50,0.2000,67.5649,67.5649,1.0000,0.0010,0.0310,0.0330,DONE
2026-01-28 12:40:20,Residential,103,compare_k10_a0.2_m50,10,200,50,0.2000,94.3341,92.7600,0.9833,0.0105,0.0618,0.1695,DONE
2026-01-28 12:40:21,Residential,103,compare_k20_a0.2_m50,20,400,50,0.2000,100.0077,99.0579,0.9905,0.0265,0.1246,0.2128,DONE
2026-01-28 12:40:21,Residential,103,compare_k30_a0.2_m50,30,600,50,0.2000,101.9689,101.6766,0.9971,0.0483,0.1882,0.2566,DONE
2026-01-28 12:40:21,Residential,103,compare_k51_a0.2_m50,51,1020,50,0.2000,102.9037,102.8060,0.9991,0.1089,0.3226,0.3377,DONE
2026-01-28 12:46:32,Synthetic_high_corr,1000,compare_k10_a0.1_m20,10,200,20,0.1000,491.7681,200.0455,0.4068,0.1092,1.1022,0.0991,DONE
2026-01-28 12:46:49,Synthetic_high_corr,1000,compare_k100_a0.1_m20,100,2000,20,0.1000,987.8137,986.1995,0.9984,5.9546,11.2827,0.5278,DONE
2026-01-28 12:47:44,Synthetic_high_corr,1000,compare_k200_a0.1_m20,200,4000,20,0.1000,990.5433,990.1158,0.9996,32.7109,21.6049,1.5140,DONE
2026-01-28 12:49:47,Synthetic_high_corr,1000,compare_k300_a0.1_m20,300,6000,20,0.1000,992.4308,992.1225,0.9997,91.1266,32.2425,2.8263,DONE
2026-01-28 12:57:07,Synthetic_high_corr,1000,compare_k500_a0.1_m20,500,10000,20,0.1000,995.3986,995.2627,0.9999,385.5227,54.4421,7.0813,DONE
2026-01-28 12:57:09,Synthetic_high_corr,1000,compare_k10_a0.1_m50,10,200,50,0.1000,492.1187,151.1541,0.3071,0.1174,1.2173,0.0964,DONE
2026-01-28 12:57:27,Synthetic_high_corr,1000,compare_k100_a0.1_m50,100,2000,50,0.1000,987.6884,986.5062,0.9988,5.9597,12.4533,0.4786,DONE
2026-01-28 12:58:24,Synthetic_high_corr,1000,compare_k200_a0.1_m50,200,4000,50,0.1000,990.4445,989.7184,0.9993,32.7795,24.3709,1.3450,DONE
2026-01-28 13:00:32,Synthetic_high_corr,1000,compare_k300_a0.1_m50,300,6000,50,0.1000,992.3497,992.0646,0.9997,92.0806,35.3810,2.6025,DONE
2026-01-28 13:07:40,Synthetic_high_corr,1000,compare_k500_a0.1_m50,500,10000,50,0.1000,995.3456,995.2134,0.9999,369.7606,58.8122,6.2871,DONE
2026-01-28 13:07:42,Synthetic_high_corr,1000,compare_k10_a0.2_m20,10,200,20,0.2000,491.7894,248.3068,0.5049,0.1129,1.0845,0.1041,DONE
2026-01-28 13:07:58,Synthetic_high_corr,1000,compare_k100_a0.2_m20,100,2000,20,0.2000,987.9090,986.0821,0.9982,5.7950,10.3934,0.5576,DONE
2026-01-28 13:08:51,Synthetic_high_corr,1000,compare_k200_a0.2_m20,200,4000,20,0.2000,990.6273,989.1054,0.9985,31.6485,21.0010,1.5070,DONE
2026-01-28 13:14:04,Synthetic_high_corr,1000,compare_k300_a0.2_m20,300,6000,20,0.2000,992.5056,992.0938,0.9996,92.1624,220.9272,0.4172,DONE
2026-01-28 13:31:37,Synthetic_high_corr,1000,compare_k500_a0.2_m20,500,10000,20,0.2000,995.4418,995.2937,0.9999,1001.4642,52.1805,19.1923,DONE
2026-01-28 13:31:39,Synthetic_high_corr,1000,compare_k10_a0.2_m50,10,200,50,0.2000,491.8808,152.1321,0.3093,0.1147,1.1963,0.0959,DONE
2026-01-28 13:31:57,Synthetic_high_corr,1000,compare_k100_a0.2_m50,100,2000,50,0.2000,987.8838,985.6968,0.9978,5.8196,11.7667,0.4946,DONE
2026-01-28 13:32:52,Synthetic_high_corr,1000,compare_k200_a0.2_m50,200,4000,50,0.2000,990.6047,989.5925,0.9990,31.6428,24.2179,1.3066,DONE
2026-01-28 13:35:02,Synthetic_high_corr,1000,compare_k300_a0.2_m50,300,6000,50,0.2000,992.4802,992.0109,0.9995,93.0412,36.8837,2.5226,DONE
2026-01-28 13:42:20,Synthetic_high_corr,1000,compare_k500_a0.2_m50,500,10000,50,0.2000,995.4281,995.2811,0.9999,377.0016,60.3909,6.2427,DONE
2026-01-28 13:42:20,Synthetic_toeplitz,500,compare_k5_a0.1_m20,5,100,20,0.1000,52.6273,43.4063,0.8248,0.0274,0.1320,0.2073,DONE
2026-01-28 13:42:22,Synthetic_toeplitz,500,compare_k50_a0.1_m20,50,1000,20,0.1000,339.3315,339.1321,0.9994,0.6469,1.2829,0.5043,DONE
2026-01-28 13:42:27,Synthetic_toeplitz,500,compare_k100_a0.1_m20,100,2000,20,0.1000,421.1150,420.5043,0.9985,2.7787,2.5742,1.0795,DONE
2026-01-28 13:42:38,Synthetic_toeplitz,500,compare_k150_a0.1_m20,150,3000,20,0.1000,452.0372,451.9763,0.9999,6.8516,3.8534,1.7781,DONE
2026-01-28 13:43:07,Synthetic_toeplitz,500,compare_k250_a0.1_m20,250,5000,20,0.1000,478.1337,479.2740,1.0024,22.0986,6.4944,3.4027,DONE
2026-01-28 13:43:07,Synthetic_toeplitz,500,compare_k5_a0.1_m50,5,100,50,0.1000,53.5471,50.5949,0.9449,0.0290,0.1561,0.1859,DONE
2026-01-28 13:43:09,Synthetic_toeplitz,500,compare_k50_a0.1_m50,50,1000,50,0.1000,343.2098,339.1375,0.9881,0.6621,1.5597,0.4245,DONE
2026-01-28 13:43:15,Synthetic_toeplitz,500,compare_k100_a0.1_m50,100,2000,50,0.1000,422.9819,422.4834,0.9988,2.6856,3.1532,0.8517,DONE
2026-01-28 13:43:27,Synthetic_toeplitz,500,compare_k150_a0.1_m50,150,3000,50,0.1000,452.2002,452.8083,1.0013,6.8250,4.6680,1.4621,DONE
2026-01-28 13:43:56,Synthetic_toeplitz,500,compare_k250_a0.1_m50,250,5000,50,0.1000,478.1317,479.9064,1.0037,21.8196,7.9725,2.7369,DONE
2026-01-28 13:43:57,Synthetic_toeplitz,500,compare_k5_a0.2_m20,5,100,20,0.2000,54.0215,50.9177,0.9425,0.0269,0.1292,0.2082,DONE
2026-01-28 13:43:58,Synthetic_toeplitz,500,compare_k50_a0.2_m20,50,1000,20,0.2000,341.3095,337.6803,0.9894,0.6522,1.2849,0.5076,DONE
2026-01-28 13:44:04,Synthetic_toeplitz,500,compare_k100_a0.2_m20,100,2000,20,0.2000,421.2673,420.4359,0.9980,2.6822,2.5647,1.0458,DONE
2026-01-28 13:44:14,Synthetic_toeplitz,500,compare_k150_a0.2_m20,150,3000,20,0.2000,452.1374,451.9074,0.9995,6.8370,3.8483,1.7766,DONE
2026-01-28 13:44:43,Synthetic_toeplitz,500,compare_k250_a0.2_m20,250,5000,20,0.2000,478.2657,478.8709,1.0013,21.5724,6.7834,3.1802,DONE
2026-01-28 13:44:43,Synthetic_toeplitz,500,compare_k5_a0.2_m50,5,100,50,0.2000,53.9504,50.8503,0.9425,0.0264,0.1778,0.1483,DONE
2026-01-28 13:44:45,Synthetic_toeplitz,500,compare_k50_a0.2_m50,50,1000,50,0.2000,340.8473,338.4504,0.9930,0.6610,1.5666,0.4220,DONE
2026-01-28 13:44:51,Synthetic_toeplitz,500,compare_k100_a0.2_m50,100,2000,50,0.2000,421.5928,421.8298,1.0006,2.7088,3.1490,0.8602,DONE
2026-01-28 13:45:03,Synthetic_toeplitz,500,compare_k150_a0.2_m50,150,3000,50,0.2000,452.6087,452.5077,0.9998,6.9053,4.7731,1.4467,DONE
2026-01-28 13:45:32,Synthetic_toeplitz,500,compare_k250_a0.2_m50,250,5000,50,0.2000,478.2798,479.4405,1.0024,21.5748,7.7911,2.7692,DONE
2026-01-28 13:54:11,Residential,103,compare_k1_a0.1_m20,1,100,20,0.1000,67.5649,66.1950,0.9797,0.0011,0.0178,0.0592,DONE
2026-01-28 13:54:11,Residential,103,compare_k10_a0.1_m20,10,200,20,0.1000,94.3341,91.0612,0.9653,0.0110,0.0350,0.3128,DONE
2026-01-28 13:54:11,Residential,103,compare_k20_a0.1_m20,20,400,20,0.1000,100.0077,99.8106,0.9980,0.0262,0.0699,0.3749,DONE
2026-01-28 13:54:11,Residential,103,compare_k30_a0.1_m20,30,600,20,0.1000,101.9689,101.7384,0.9977,0.0489,0.1054,0.4637,DONE
2026-01-28 13:54:12,Residential,103,compare_k51_a0.1_m20,51,1020,20,0.1000,102.9037,102.8892,0.9999,0.1091,0.1834,0.5947,DONE
2026-01-28 13:54:13,Residential,103,compare_k1_a0.1_m50,1,100,50,0.1000,67.5649,67.5649,1.0000,0.0011,0.0311,0.0346,DONE
2026-01-28 13:54:13,Residential,103,compare_k10_a0.1_m50,10,200,50,0.1000,94.3341,89.1482,0.9450,0.0112,0.0618,0.1818,DONE
2026-01-28 13:54:13,Residential,103,compare_k20_a0.1_m50,20,400,50,0.1000,100.0077,99.6782,0.9967,0.0264,0.1230,0.2150,DONE
2026-01-28 13:54:13,Residential,103,compare_k30_a0.1_m50,30,600,50,0.1000,101.9689,101.7742,0.9981,0.0483,0.1883,0.2564,DONE
2026-01-28 13:54:14,Residential,103,compare_k51_a0.1_m50,51,1020,50,0.1000,102.9037,102.8350,0.9993,0.1087,0.3167,0.3433,DONE
2026-01-28 13:54:15,Residential,103,compare_k1_a0.2_m20,1,100,20,0.2000,67.5649,66.8315,0.9891,0.0014,0.0176,0.0787,DONE
2026-01-28 13:54:15,Residential,103,compare_k10_a0.2_m20,10,200,20,0.2000,94.3341,90.3625,0.9579,0.0108,0.0351,0.3083,DONE
2026-01-28 13:54:15,Residential,103,compare_k20_a0.2_m20,20,400,20,0.2000,100.0077,98.3299,0.9832,0.0266,0.0691,0.3853,DONE
2026-01-28 13:54:15,Residential,103,compare_k30_a0.2_m20,30,600,20,0.2000,101.9689,101.6040,0.9964,0.0482,0.1065,0.4529,DONE
2026-01-28 13:54:16,Residential,103,compare_k51_a0.2_m20,51,1020,20,0.2000,102.9037,102.8711,0.9997,0.1087,0.1812,0.5998,DONE
2026-01-28 13:54:17,Residential,103,compare_k1_a0.2_m50,1,100,50,0.2000,67.5649,67.5649,1.0000,0.0010,0.0308,0.0332,DONE
2026-01-28 13:54:17,Residential,103,compare_k10_a0.2_m50,10,200,50,0.2000,94.3341,91.5201,0.9702,0.0111,0.0613,0.1813,DONE
2026-01-28 13:54:17,Residential,103,compare_k20_a0.2_m50,20,400,50,0.2000,100.0077,99.6262,0.9962,0.0263,0.1248,0.2104,DONE
2026-01-28 13:54:17,Residential,103,compare_k30_a0.2_m50,30,600,50,0.2000,101.9689,101.5703,0.9961,0.0495,0.2040,0.2424,DONE
2026-01-28 13:54:18,Residential,103,compare_k51_a0.2_m50,51,1020,50,0.2000,102.9037,102.8098,0.9991,0.1108,0.3197,0.3467,DONE
2026-01-28 13:54:20,Secom,478,compare_k4_a0.1_m20,4,100,20,0.1000,61.8287,54.1924,0.8765,0.0204,0.1215,0.1675,DONE
2026-01-28 13:54:22,Secom,478,compare_k47_a0.1_m20,47,940,20,0.1000,264.4359,260.3901,0.9847,0.5831,1.1355,0.5135,DONE
2026-01-28 13:54:26,Secom,478,compare_k95_a0.1_m20,95,1900,20,0.1000,375.7530,369.5459,0.9835,2.4609,2.3700,1.0384,DONE
2026-01-28 13:54:36,Secom,478,compare_k143_a0.1_m20,143,2860,20,0.1000,429.4074,426.3421,0.9929,6.0594,3.5552,1.7044,DONE
2026-01-28 13:55:01,Secom,478,compare_k239_a0.1_m20,239,4780,20,0.1000,473.2312,473.0217,0.9996,19.2835,5.8693,3.2855,DONE
2026-01-28 13:55:03,Secom,478,compare_k4_a0.1_m50,4,100,50,0.1000,61.8287,43.8707,0.7096,0.0200,0.1504,0.1327,DONE
2026-01-28 13:55:05,Secom,478,compare_k47_a0.1_m50,47,940,50,0.1000,264.4359,259.2000,0.9802,0.5740,1.4390,0.3989,DONE
2026-01-28 13:55:10,Secom,478,compare_k95_a0.1_m50,95,1900,50,0.1000,375.7530,369.5898,0.9836,2.3738,2.8515,0.8325,DONE
2026-01-28 13:55:21,Secom,478,compare_k143_a0.1_m50,143,2860,50,0.1000,429.4074,426.7722,0.9939,6.0824,4.2554,1.4293,DONE
2026-01-28 13:55:47,Secom,478,compare_k239_a0.1_m50,239,4780,50,0.1000,473.2312,472.9051,0.9993,19.2300,7.1062,2.7061,DONE
2026-01-28 13:55:49,Secom,478,compare_k4_a0.2_m20,4,100,20,0.2000,61.8287,54.2868,0.8780,0.0200,0.1220,0.1637,DONE
2026-01-28 13:55:51,Secom,478,compare_k47_a0.2_m20,47,940,20,0.2000,264.4359,257.6960,0.9745,0.5730,1.1355,0.5046,DONE
2026-01-28 13:55:55,Secom,478,compare_k95_a0.2_m20,95,1900,20,0.2000,375.7530,371.3443,0.9883,2.3953,2.4106,0.9936,DONE
2026-01-28 13:56:05,Secom,478,compare_k143_a0.2_m20,143,2860,20,0.2000,429.4074,425.2936,0.9904,6.1287,3.4230,1.7905,DONE
2026-01-28 13:56:30,Secom,478,compare_k239_a0.2_m20,239,4780,20,0.2000,473.2312,472.7954,0.9991,19.4261,5.7944,3.3526,DONE
2026-01-28 13:56:33,Secom,478,compare_k4_a0.2_m50,4,100,50,0.2000,61.8287,43.9712,0.7112,0.0206,0.1479,0.1395,DONE
2026-01-28 13:56:35,Secom,478,compare_k47_a0.2_m50,47,940,50,0.2000,264.4359,259.9747,0.9831,0.5765,1.3872,0.4156,DONE
2026-01-28 13:56:40,Secom,478,compare_k95_a0.2_m50,95,1900,50,0.2000,375.7530,370.4196,0.9858,2.4245,2.7868,0.8700,DONE
2026-01-28 13:56:50,Secom,478,compare_k143_a0.2_m50,143,2860,50,0.2000,429.4074,426.2558,0.9927,6.1024,4.2047,1.4513,DONE
2026-01-28 13:57:17,Secom,478,compare_k239_a0.2_m50,239,4780,50,0.2000,473.2312,472.8490,0.9992,19.2057,7.3508,2.6127,DONE
2026-01-28 13:57:18,Arrhythmia,262,compare_k2_a0.1_m20,2,100,20,0.1000,32.4524,30.2138,0.9310,0.0082,0.0459,0.1782,DONE
2026-01-28 13:57:18,Arrhythmia,262,compare_k26_a0.1_m20,26,520,20,0.1000,141.5791,137.0922,0.9683,0.1080,0.2208,0.4890,DONE
2026-01-28 13:57:19,Arrhythmia,262,compare_k52_a0.1_m20,52,1040,20,0.1000,188.6110,184.8983,0.9803,0.3461,0.4385,0.7894,DONE
2026-01-28 13:57:21,Arrhythmia,262,compare_k78_a0.1_m20,78,1560,20,0.1000,217.1170,214.8960,0.9898,0.7527,0.6574,1.1451,DONE
2026-01-28 13:57:24,Arrhythmia,262,compare_k131_a0.1_m20,131,2620,20,0.1000,249.8098,249.8312,1.0001,2.1183,1.1026,1.9211,DONE
2026-01-28 13:57:25,Arrhythmia,262,compare_k2_a0.1_m50,2,100,50,0.1000,32.4524,24.5851,0.7576,0.0085,0.0646,0.1321,DONE
2026-01-28 13:57:26,Arrhythmia,262,compare_k26_a0.1_m50,26,520,50,0.1000,141.5791,135.3435,0.9560,0.1072,0.3121,0.3437,DONE
2026-01-28 13:57:26,Arrhythmia,262,compare_k52_a0.1_m50,52,1040,50,0.1000,188.6110,184.1943,0.9766,0.3423,0.6225,0.5499,DONE
2026-01-28 13:57:28,Arrhythmia,262,compare_k78_a0.1_m50,78,1560,50,0.1000,217.1170,215.1145,0.9908,0.7889,0.9307,0.8476,DONE
2026-01-28 13:57:32,Arrhythmia,262,compare_k131_a0.1_m50,131,2620,50,0.1000,249.8098,249.4226,0.9984,2.1194,1.5530,1.3647,DONE
2026-01-28 13:57:33,Arrhythmia,262,compare_k2_a0.2_m20,2,100,20,0.2000,32.4524,26.6706,0.8218,0.0087,0.0463,0.1883,DONE
2026-01-28 13:57:34,Arrhythmia,262,compare_k26_a0.2_m20,26,520,20,0.2000,141.5791,133.8739,0.9456,0.1082,0.2197,0.4924,DONE
2026-01-28 13:57:34,Arrhythmia,262,compare_k52_a0.2_m20,52,1040,20,0.2000,188.6110,184.2092,0.9767,0.3449,0.4376,0.7881,DONE
2026-01-28 13:57:36,Arrhythmia,262,compare_k78_a0.2_m20,78,1560,20,0.2000,217.1170,214.6913,0.9888,0.7523,0.6575,1.1442,DONE
2026-01-28 13:57:39,Arrhythmia,262,compare_k131_a0.2_m20,131,2620,20,0.2000,249.8098,249.8693,1.0002,2.1173,1.1013,1.9226,DONE
2026-01-28 13:57:40,Arrhythmia,262,compare_k2_a0.2_m50,2,100,50,0.2000,32.4524,26.2978,0.8103,0.0067,0.0604,0.1114,DONE
2026-01-28 13:57:41,Arrhythmia,262,compare_k26_a0.2_m50,26,520,50,0.2000,141.5791,136.7431,0.9658,0.1559,0.3172,0.4916,DONE
2026-01-28 13:57:42,Arrhythmia,262,compare_k52_a0.2_m50,52,1040,50,0.2000,188.6110,183.8536,0.9748,0.3461,0.6219,0.5565,DONE
2026-01-28 13:57:43,Arrhythmia,262,compare_k78_a0.2_m50,78,1560,50,0.2000,217.1170,214.9110,0.9898,0.8238,0.9813,0.8395,DONE
2026-01-28 13:57:47,Arrhythmia,262,compare_k131_a0.2_m50,131,2620,50,0.2000,249.8098,249.7703,0.9998,2.1306,1.6243,1.3117,DONE
2026-01-28 13:57:49,Mnist,639,compare_k6_a0.1_m20,6,120,20,0.1000,91.0807,72.2876,0.7937,0.0468,0.2670,0.1753,DONE
2026-01-28 13:57:53,Mnist,639,compare_k63_a0.1_m20,63,1260,20,0.1000,367.5541,363.6221,0.9893,1.3442,2.7252,0.4933,DONE
2026-01-28 13:58:05,Mnist,639,compare_k127_a0.1_m20,127,2540,20,0.1000,489.0256,484.7422,0.9912,6.5634,5.5570,1.1811,DONE
2026-01-28 13:58:31,Mnist,639,compare_k191_a0.1_m20,191,3820,20,0.1000,553.2089,553.0815,0.9998,16.9528,8.5773,1.9765,DONE
2026-01-28 13:59:44,Mnist,639,compare_k319_a0.1_m20,319,6380,20,0.1000,608.1041,609.9487,1.0030,59.2910,13.9686,4.2446,DONE
2026-01-28 13:59:46,Mnist,639,compare_k6_a0.1_m50,6,120,50,0.1000,91.0807,76.5959,0.8410,0.0435,0.3046,0.1427,DONE
2026-01-28 13:59:51,Mnist,639,compare_k63_a0.1_m50,63,1260,50,0.1000,367.5541,363.5287,0.9890,1.3304,3.1521,0.4221,DONE
2026-01-28 14:00:04,Mnist,639,compare_k127_a0.1_m50,127,2540,50,0.1000,489.0256,484.2511,0.9902,6.6765,6.7200,0.9935,DONE
2026-01-28 14:00:31,Mnist,639,compare_k191_a0.1_m50,191,3820,50,0.1000,553.2089,553.2597,1.0001,17.0634,9.7203,1.7554,DONE
2026-01-28 14:01:46,Mnist,639,compare_k319_a0.1_m50,319,6380,50,0.1000,608.1041,609.7759,1.0027,58.3277,16.2456,3.5904,DONE
2026-01-28 14:01:48,Mnist,639,compare_k6_a0.2_m20,6,120,20,0.2000,91.0807,74.8126,0.8214,0.0433,0.2792,0.1552,DONE
2026-01-28 14:01:52,Mnist,639,compare_k63_a0.2_m20,63,1260,20,0.2000,367.5541,362.1042,0.9852,1.4059,2.7751,0.5066,DONE
2026-01-28 14:02:04,Mnist,639,compare_k127_a0.2_m20,127,2540,20,0.2000,489.0256,483.8631,0.9894,6.4577,5.6486,1.1432,DONE
2026-01-28 14:02:30,Mnist,639,compare_k191_a0.2_m20,191,3820,20,0.2000,553.2089,554.4380,1.0022,17.0253,8.4831,2.0070,DONE
2026-01-28 14:03:43,Mnist,639,compare_k319_a0.2_m20,319,6380,20,0.2000,608.1041,609.2662,1.0019,59.2708,13.9421,4.2512,DONE
2026-01-28 14:03:45,Mnist,639,compare_k6_a0.2_m50,6,120,50,0.2000,91.0807,81.5586,0.8955,0.0420,0.3111,0.1349,DONE
2026-01-28 14:03:50,Mnist,639,compare_k63_a0.2_m50,63,1260,50,0.2000,367.5541,362.6993,0.9868,1.3441,3.1891,0.4215,DONE
2026-01-28 14:04:03,Mnist,639,compare_k127_a0.2_m50,127,2540,50,0.2000,489.0256,485.3692,0.9925,6.5022,6.5991,0.9853,DONE
2026-01-28 14:04:30,Mnist,639,compare_k191_a0.2_m50,191,3820,50,0.2000,553.2089,553.8763,1.0012,17.0743,9.7448,1.7522,DONE
2026-01-28 14:05:44,Mnist,639,compare_k319_a0.2_m50,319,6380,50,0.2000,608.1041,609.4926,1.0023,58.5115,16.2188,3.6076,DONE
2026-01-28 14:05:45,Madelon,500,compare_k5_a0.1_m20,5,100,20,0.1000,20.5391,20.2995,0.9883,0.0297,0.1308,0.2271,DONE
2026-01-28 14:05:47,Madelon,500,compare_k50_a0.1_m20,50,1000,20,0.1000,73.8241,73.3287,0.9933,0.6650,1.2590,0.5282,DONE
2026-01-28 14:05:52,Madelon,500,compare_k100_a0.1_m20,100,2000,20,0.1000,130.7953,129.7292,0.9918,2.8184,2.5006,1.1271,DONE
2026-01-28 14:06:03,Madelon,500,compare_k150_a0.1_m20,150,3000,20,0.1000,185.5655,184.2294,0.9928,7.1148,3.9737,1.7905,DONE
2026-01-28 14:06:32,Madelon,500,compare_k250_a0.1_m20,250,5000,20,0.1000,288.8704,287.5231,0.9953,22.5609,6.3892,3.5311,DONE
2026-01-28 14:06:32,Madelon,500,compare_k5_a0.1_m50,5,100,50,0.1000,20.5391,20.0933,0.9783,0.0279,0.1567,0.1781,DONE
2026-01-28 14:06:34,Madelon,500,compare_k50_a0.1_m50,50,1000,50,0.1000,73.8241,73.2622,0.9924,0.6577,1.5490,0.4246,DONE
2026-01-28 14:06:40,Madelon,500,compare_k100_a0.1_m50,100,2000,50,0.1000,130.7953,129.7849,0.9923,2.7823,3.0867,0.9014,DONE
2026-01-28 14:06:52,Madelon,500,compare_k150_a0.1_m50,150,3000,50,0.1000,185.5655,184.5624,0.9946,7.0210,4.6015,1.5258,DONE
2026-01-28 14:07:22,Madelon,500,compare_k250_a0.1_m50,250,5000,50,0.1000,288.8704,287.7955,0.9963,22.4623,7.6662,2.9301,DONE
2026-01-28 14:07:22,Madelon,500,compare_k5_a0.2_m20,5,100,20,0.2000,20.5391,20.5079,0.9985,0.0268,0.1233,0.2171,DONE
2026-01-28 14:07:24,Madelon,500,compare_k50_a0.2_m20,50,1000,20,0.2000,73.8241,72.9721,0.9885,0.6673,1.3796,0.4837,DONE
2026-01-28 14:07:30,Madelon,500,compare_k100_a0.2_m20,100,2000,20,0.2000,130.7953,129.5164,0.9902,2.7847,2.4990,1.1143,DONE
2026-01-28 14:07:41,Madelon,500,compare_k150_a0.2_m20,150,3000,20,0.2000,185.5655,184.1285,0.9923,7.1932,3.8410,1.8727,DONE
2026-01-28 14:08:10,Madelon,500,compare_k250_a0.2_m20,250,5000,20,0.2000,288.8704,287.6050,0.9956,22.6839,6.4131,3.5372,DONE
2026-01-28 14:08:10,Madelon,500,compare_k5_a0.2_m50,5,100,50,0.2000,20.5391,20.4080,0.9936,0.0269,0.1550,0.1736,DONE
2026-01-28 14:08:12,Madelon,500,compare_k50_a0.2_m50,50,1000,50,0.2000,73.8241,73.2355,0.9920,0.6751,1.6276,0.4148,DONE
2026-01-28 14:08:18,Madelon,500,compare_k100_a0.2_m50,100,2000,50,0.2000,130.7953,129.7625,0.9921,2.8763,3.0971,0.9287,DONE
2026-01-28 14:08:30,Madelon,500,compare_k150_a0.2_m50,150,3000,50,0.2000,185.5655,184.1484,0.9924,7.2520,4.7452,1.5283,DONE
2026-01-28 14:09:01,Madelon,500,compare_k250_a0.2_m50,250,5000,50,0.2000,288.8704,287.7770,0.9962,22.6327,7.8588,2.8799,DONE
2026-01-28 14:12:52,Synthetic_high_corr,500,compare_k5_a0.1_m20_block_1,5,100,20,0.1000,492.8645,492.7025,0.9997,0.0274,0.1309,0.2095,DONE
2026-01-28 14:12:54,Synthetic_high_corr,500,compare_k50_a0.1_m20_block_1,50,1000,20,0.1000,494.4898,494.4212,0.9999,0.6798,1.2781,0.5319,DONE
2026-01-28 14:13:00,Synthetic_high_corr,500,compare_k100_a0.1_m20_block_1,100,2000,20,0.1000,495.2849,495.2187,0.9999,2.8489,2.5848,1.1022,DONE
2026-01-28 14:13:11,Synthetic_high_corr,500,compare_k150_a0.1_m20_block_1,150,3000,20,0.1000,496.0125,495.9453,0.9999,7.0458,3.8697,1.8208,DONE
2026-01-28 14:13:40,Synthetic_high_corr,500,compare_k250_a0.1_m20_block_1,250,5000,20,0.1000,497.3370,497.2616,0.9998,22.4173,6.4107,3.4969,DONE
2026-01-28 14:13:40,Synthetic_high_corr,500,compare_k5_a0.1_m50_block_1,5,100,50,0.1000,493.2525,493.1225,0.9997,0.0269,0.1574,0.1707,DONE
2026-01-28 14:13:42,Synthetic_high_corr,500,compare_k50_a0.1_m50_block_1,50,1000,50,0.1000,494.7950,494.7248,0.9999,0.6642,1.6096,0.4126,DONE
2026-01-28 14:13:48,Synthetic_high_corr,500,compare_k100_a0.1_m50_block_1,100,2000,50,0.1000,495.5457,495.4804,0.9999,2.7930,3.1488,0.8870,DONE
2026-01-28 14:14:00,Synthetic_high_corr,500,compare_k150_a0.1_m50_block_1,150,3000,50,0.1000,496.2339,496.1607,0.9999,7.0443,4.6750,1.5068,DONE
2026-01-28 14:14:30,Synthetic_high_corr,500,compare_k250_a0.1_m50_block_1,250,5000,50,0.1000,497.4878,497.4219,0.9999,22.4487,7.8070,2.8755,DONE
2026-01-28 14:14:30,Synthetic_high_corr,500,compare_k5_a0.2_m20_block_1,5,100,20,0.2000,492.9580,492.8167,0.9997,0.0269,0.1293,0.2083,DONE
2026-01-28 14:14:32,Synthetic_high_corr,500,compare_k50_a0.2_m20_block_1,50,1000,20,0.2000,494.5634,494.4893,0.9999,0.6642,1.2864,0.5163,DONE
2026-01-28 14:14:38,Synthetic_high_corr,500,compare_k100_a0.2_m20_block_1,100,2000,20,0.2000,495.3482,495.2875,0.9999,2.7953,2.5721,1.0867,DONE
2026-01-28 14:14:49,Synthetic_high_corr,500,compare_k150_a0.2_m20_block_1,150,3000,20,0.2000,496.0665,495.9945,0.9999,7.0879,3.8756,1.8289,DONE
2026-01-28 14:15:17,Synthetic_high_corr,500,compare_k250_a0.2_m20_block_1,250,5000,20,0.2000,497.3767,497.3136,0.9999,22.4529,6.4191,3.4978,DONE
2026-01-28 14:15:18,Synthetic_high_corr,500,compare_k5_a0.2_m50_block_1,5,100,50,0.2000,492.9934,492.8197,0.9996,0.0268,0.1577,0.1698,DONE
2026-01-28 14:15:20,Synthetic_high_corr,500,compare_k50_a0.2_m50_block_1,50,1000,50,0.2000,494.5781,494.5139,0.9999,0.6651,1.5593,0.4265,DONE
2026-01-28 14:15:26,Synthetic_high_corr,500,compare_k100_a0.2_m50_block_1,100,2000,50,0.2000,495.3592,495.2821,0.9998,2.8189,3.1146,0.9051,DONE
2026-01-28 14:15:38,Synthetic_high_corr,500,compare_k150_a0.2_m50_block_1,150,3000,50,0.2000,496.0770,496.0043,0.9999,7.0267,4.6668,1.5057,DONE
2026-01-28 14:16:08,Synthetic_high_corr,500,compare_k250_a0.2_m50_block_1,250,5000,50,0.2000,497.3840,497.3096,0.9999,22.4153,8.3058,2.6988,DONE
2026-01-28 14:16:09,Synthetic_toeplitz,500,compare_k5_a0.1_m20_block_1,5,100,20,0.1000,54.6192,47.3451,0.8668,0.0272,0.1283,0.2118,DONE
2026-01-28 14:16:10,Synthetic_toeplitz,500,compare_k50_a0.1_m20_block_1,50,1000,20,0.1000,341.4378,338.7683,0.9922,0.6747,1.2809,0.5268,DONE
2026-01-28 14:16:16,Synthetic_toeplitz,500,compare_k100_a0.1_m20_block_1,100,2000,20,0.1000,421.6255,420.1512,0.9965,2.8113,2.6106,1.0769,DONE
2026-01-28 14:16:27,Synthetic_toeplitz,500,compare_k150_a0.1_m20_block_1,150,3000,20,0.1000,452.3399,452.3422,1.0000,7.4494,3.8959,1.9121,DONE
2026-01-28 14:16:56,Synthetic_toeplitz,500,compare_k250_a0.1_m20_block_1,250,5000,20,0.1000,478.2266,479.3728,1.0024,22.4817,6.4140,3.5051,DONE
2026-01-28 14:16:56,Synthetic_toeplitz,500,compare_k5_a0.1_m50_block_1,5,100,50,0.1000,54.1307,52.1191,0.9628,0.0277,0.1671,0.1656,DONE
2026-01-28 14:16:59,Synthetic_toeplitz,500,compare_k50_a0.1_m50_block_1,50,1000,50,0.1000,342.2068,339.3598,0.9917,0.6670,1.5556,0.4288,DONE
2026-01-28 14:17:05,Synthetic_toeplitz,500,compare_k100_a0.1_m50_block_1,100,2000,50,0.1000,422.4367,421.4194,0.9976,2.8887,3.2914,0.8777,DONE
2026-01-28 14:17:17,Synthetic_toeplitz,500,compare_k150_a0.1_m50_block_1,150,3000,50,0.1000,452.4152,452.9067,1.0011,7.2221,4.7673,1.5149,DONE
2026-01-28 14:17:48,Synthetic_toeplitz,500,compare_k250_a0.1_m50_block_1,250,5000,50,0.1000,478.3581,479.7159,1.0028,23.1162,8.0159,2.8838,DONE
2026-01-28 14:17:48,Synthetic_toeplitz,500,compare_k5_a0.2_m20_block_1,5,100,20,0.2000,53.8631,44.8649,0.8329,0.0277,0.1324,0.2092,DONE
2026-01-28 14:17:50,Synthetic_toeplitz,500,compare_k50_a0.2_m20_block_1,50,1000,20,0.2000,342.0090,340.3531,0.9952,0.6661,1.2955,0.5142,DONE
2026-01-28 14:17:55,Synthetic_toeplitz,500,compare_k100_a0.2_m20_block_1,100,2000,20,0.2000,422.1473,420.8488,0.9969,2.7882,2.5593,1.0894,DONE
2026-01-28 14:18:06,Synthetic_toeplitz,500,compare_k150_a0.2_m20_block_1,150,3000,20,0.2000,451.9469,452.2549,1.0007,7.0325,3.8447,1.8292,DONE
2026-01-28 14:18:35,Synthetic_toeplitz,500,compare_k250_a0.2_m20_block_1,250,5000,20,0.2000,478.4901,479.1179,1.0013,22.3788,6.3750,3.5104,DONE
2026-01-28 14:18:35,Synthetic_toeplitz,500,compare_k5_a0.2_m50_block_1,5,100,50,0.2000,53.9344,47.4774,0.8803,0.0279,0.1635,0.1709,DONE
2026-01-28 14:18:38,Synthetic_toeplitz,500,compare_k50_a0.2_m50_block_1,50,1000,50,0.2000,341.9645,339.8132,0.9937,0.6723,1.5568,0.4319,DONE
2026-01-28 14:18:44,Synthetic_toeplitz,500,compare_k100_a0.2_m50_block_1,100,2000,50,0.2000,423.2299,421.6636,0.9963,2.8231,3.0912,0.9133,DONE
2026-01-28 14:18:55,Synthetic_toeplitz,500,compare_k150_a0.2_m50_block_1,150,3000,50,0.2000,452.3382,452.7108,1.0008,7.0091,4.7120,1.4875,DONE
2026-01-28 14:19:26,Synthetic_toeplitz,500,compare_k250_a0.2_m50_block_1,250,5000,50,0.2000,478.4410,479.5656,1.0024,22.8809,7.9229,2.8879,DONE
2026-01-28 15:50:41,Myocardial,111,compare_k1_a0.1_m20_block_1,1,100,20,0.1000,2.8590,2.4716,0.8645,0.0018,0.0219,0.0814,DONE
2026-01-28 15:50:41,Myocardial,111,compare_k11_a0.1_m20_block_1,11,220,20,0.1000,21.5093,20.8368,0.9687,0.0143,0.0401,0.3564,DONE
2026-01-28 15:50:41,Myocardial,111,compare_k22_a0.1_m20_block_1,22,440,20,0.1000,35.2432,34.3437,0.9745,0.0328,0.0808,0.4063,DONE
2026-01-28 15:50:41,Myocardial,111,compare_k33_a0.1_m20_block_1,33,660,20,0.1000,46.9708,46.2376,0.9844,0.0617,0.1222,0.5045,DONE
2026-01-28 15:50:42,Myocardial,111,compare_k55_a0.1_m20_block_1,55,1100,20,0.1000,69.0452,68.6061,0.9936,0.1352,0.2031,0.6655,DONE
2026-01-28 15:50:44,Myocardial,111,compare_k1_a0.1_m50_block_1,1,100,50,0.1000,2.8590,2.8590,1.0000,0.0012,0.0377,0.0325,DONE
2026-01-28 15:50:44,Myocardial,111,compare_k11_a0.1_m50_block_1,11,220,50,0.1000,21.5093,20.3857,0.9478,0.0149,0.0703,0.2127,DONE
2026-01-28 15:50:44,Myocardial,111,compare_k22_a0.1_m50_block_1,22,440,50,0.1000,35.2432,34.6883,0.9843,0.0321,0.1397,0.2302,DONE
2026-01-28 15:50:44,Myocardial,111,compare_k33_a0.1_m50_block_1,33,660,50,0.1000,46.9708,46.5732,0.9915,0.0600,0.2083,0.2883,DONE
2026-01-28 15:50:45,Myocardial,111,compare_k55_a0.1_m50_block_1,55,1100,50,0.1000,69.0452,68.6627,0.9945,0.1339,0.3497,0.3830,DONE
2026-01-28 15:50:47,Myocardial,111,compare_k1_a0.2_m20_block_1,1,100,20,0.2000,2.8590,2.4716,0.8645,0.0023,0.0259,0.0877,DONE
2026-01-28 15:50:47,Myocardial,111,compare_k11_a0.2_m20_block_1,11,220,20,0.2000,21.5093,20.4358,0.9501,0.0155,0.0397,0.3900,DONE
2026-01-28 15:50:47,Myocardial,111,compare_k22_a0.2_m20_block_1,22,440,20,0.2000,35.2432,34.5151,0.9793,0.0315,0.0808,0.3903,DONE
2026-01-28 15:50:47,Myocardial,111,compare_k33_a0.2_m20_block_1,33,660,20,0.2000,46.9708,46.2358,0.9844,0.0598,0.1214,0.4930,DONE
2026-01-28 15:50:48,Myocardial,111,compare_k55_a0.2_m20_block_1,55,1100,20,0.2000,69.0452,68.1193,0.9866,0.1335,0.2003,0.6663,DONE
2026-01-28 15:50:50,Myocardial,111,compare_k1_a0.2_m50_block_1,1,100,50,0.2000,2.8590,2.8590,1.0000,0.0020,0.0391,0.0521,DONE
2026-01-28 15:50:50,Myocardial,111,compare_k11_a0.2_m50_block_1,11,220,50,0.2000,21.5093,21.3965,0.9948,0.0135,0.0689,0.1961,DONE
2026-01-28 15:50:50,Myocardial,111,compare_k22_a0.2_m50_block_1,22,440,50,0.2000,35.2432,34.7379,0.9857,0.0318,0.1375,0.2312,DONE
2026-01-28 15:50:50,Myocardial,111,compare_k33_a0.2_m50_block_1,33,660,50,0.2000,46.9708,46.1631,0.9828,0.0599,0.2091,0.2864,DONE
2026-01-28 15:50:51,Myocardial,111,compare_k55_a0.2_m50_block_1,55,1100,50,0.2000,69.0452,68.9266,0.9983,0.1346,0.3472,0.3877,DONE
2026-01-28 17:05:18,Myocardial,111,compare_k1_a0.2_m200_block_1,1,100,200,0.2000,2.8590,2.8590,1.0000,0.0019,0.1069,0.0182,DONE
2026-01-28 17:05:18,Myocardial,111,compare_k11_a0.2_m200_block_1,11,220,200,0.2000,21.5093,21.0848,0.9803,0.0132,0.2223,0.0593,DONE
2026-01-28 17:05:19,Myocardial,111,compare_k22_a0.2_m200_block_1,22,440,200,0.2000,35.2432,34.6802,0.9840,0.0345,0.4511,0.0765,DONE
2026-01-28 17:05:20,Myocardial,111,compare_k33_a0.2_m200_block_1,33,660,200,0.2000,46.9708,46.3998,0.9878,0.0614,0.6930,0.0886,DONE
2026-01-28 17:05:21,Myocardial,111,compare_k55_a0.2_m200_block_1,55,1100,200,0.2000,69.0452,68.9898,0.9992,0.1327,1.1386,0.1166,DONE
2026-01-28 17:05:23,Myocardial,111,compare_k1_a0.2_m500_block_1,1,100,500,0.2000,2.8590,2.8590,1.0000,0.0023,0.2571,0.0091,DONE
2026-01-28 17:05:24,Myocardial,111,compare_k11_a0.2_m500_block_1,11,220,500,0.2000,21.5093,21.0317,0.9778,0.0134,0.5374,0.0249,DONE
2026-01-28 17:05:25,Myocardial,111,compare_k22_a0.2_m500_block_1,22,440,500,0.2000,35.2432,34.7155,0.9850,0.0335,1.0487,0.0320,DONE
2026-01-28 17:05:26,Myocardial,111,compare_k33_a0.2_m500_block_1,33,660,500,0.2000,46.9708,46.5542,0.9911,0.0618,1.6618,0.0372,DONE
2026-01-28 17:05:28,Synthetic_high_corr,500,compare_k5_a0.2_m200_block_1,5,100,200,0.2000,493.0060,492.8976,0.9998,0.0279,0.2963,0.0941,DONE
2026-01-28 17:05:29,Myocardial,111,compare_k55_a0.2_m500_block_1,55,1100,500,0.2000,69.0452,68.8695,0.9975,0.1336,2.9607,0.0451,DONE
2026-01-28 17:05:32,Synthetic_high_corr,500,compare_k50_a0.2_m200_block_1,50,1000,200,0.2000,494.6085,494.5301,0.9998,0.6726,2.9398,0.2288,DONE
2026-01-28 17:05:41,Synthetic_high_corr,500,compare_k100_a0.2_m200_block_1,100,2000,200,0.2000,495.3859,495.3175,0.9999,2.8777,5.9278,0.4855,DONE
2026-01-28 17:05:57,Synthetic_high_corr,500,compare_k150_a0.2_m200_block_1,150,3000,200,0.2000,496.0989,496.0281,0.9999,7.1193,8.6458,0.8234,DONE
2026-01-28 17:06:01,Synthetic_high_corr,500,compare_k5_a0.2_m200_block_1,5,100,200,0.2000,123.4700,25.8124,0.2091,0.0310,0.3556,0.0871,DONE
2026-01-28 17:06:05,Synthetic_high_corr,500,compare_k50_a0.2_m200_block_1,50,1000,200,0.2000,492.5659,491.8075,0.9985,0.7150,3.2226,0.2219,DONE
2026-01-28 17:06:15,Synthetic_high_corr,500,compare_k100_a0.2_m200_block_1,100,2000,200,0.2000,494.4940,493.7577,0.9985,2.8685,6.6959,0.4284,DONE
2026-01-28 17:06:30,Synthetic_high_corr,500,compare_k5_a0.2_m200_block_1,5,100,200,0.2000,123.8839,50.0324,0.4039,0.0323,0.4307,0.0749,DONE
2026-01-28 17:06:33,Synthetic_high_corr,500,compare_k150_a0.2_m200_block_1,150,3000,200,0.2000,495.5626,495.2200,0.9993,7.1282,11.6540,0.6117,DONE
2026-01-28 17:06:35,Synthetic_high_corr,500,compare_k50_a0.2_m200_block_1,50,1000,200,0.2000,492.5998,491.5939,0.9980,0.6773,4.3004,0.1575,DONE
2026-01-28 17:06:41,Synthetic_high_corr,500,compare_k250_a0.2_m200_block_1,250,5000,200,0.2000,497.3974,497.3215,0.9998,24.5717,19.3731,1.2683,DONE
2026-01-28 17:06:42,Synthetic_high_corr,500,compare_k5_a0.2_m500_block_1,5,100,500,0.2000,493.0014,492.9044,0.9998,0.0340,0.8250,0.0412,DONE
2026-01-28 17:06:47,Synthetic_high_corr,500,compare_k100_a0.2_m200_block_1,100,2000,200,0.2000,494.5368,493.7492,0.9984,3.0623,8.4747,0.3614,DONE
2026-01-28 17:06:50,Synthetic_high_corr,500,compare_k50_a0.2_m500_block_1,50,1000,500,0.2000,494.5889,494.5094,0.9998,0.8021,8.1095,0.0989,DONE
2026-01-28 17:07:08,Synthetic_high_corr,500,compare_k150_a0.2_m200_block_1,150,3000,200,0.2000,495.6022,495.2070,0.9992,8.1675,13.0830,0.6243,DONE
2026-01-28 17:07:10,Synthetic_high_corr,500,compare_k100_a0.2_m500_block_1,100,2000,500,0.2000,495.3721,495.3004,0.9999,3.2927,16.7553,0.1965,DONE
2026-01-28 17:07:23,Synthetic_high_corr,500,compare_k250_a0.2_m200_block_1,250,5000,200,0.2000,497.1546,497.0540,0.9998,27.9308,21.8493,1.2783,DONE
2026-01-28 17:07:24,Synthetic_high_corr,500,compare_k5_a0.2_m500_block_1,5,100,500,0.2000,123.3498,25.7760,0.2090,0.0377,0.9432,0.0400,DONE
2026-01-28 17:07:35,Synthetic_high_corr,500,compare_k50_a0.2_m500_block_1,50,1000,500,0.2000,492.7069,491.7973,0.9982,0.8457,9.4517,0.0895,DONE
2026-01-28 17:07:48,Synthetic_high_corr,500,compare_k150_a0.2_m500_block_1,150,3000,500,0.2000,496.0886,496.0091,0.9998,9.4855,28.1115,0.3374,DONE
2026-01-28 17:07:57,Synthetic_high_corr,500,compare_k100_a0.2_m500_block_1,100,2000,500,0.2000,494.6073,493.8308,0.9984,3.4821,18.8935,0.1843,DONE
2026-01-28 17:08:02,Synthetic_high_corr,500,compare_k250_a0.2_m200_block_1,250,5000,200,0.2000,497.1857,497.0795,0.9998,31.0644,22.7193,1.3673,DONE
2026-01-28 17:08:03,Synthetic_high_corr,500,compare_k5_a0.2_m500_block_1,5,100,500,0.2000,123.6178,50.4958,0.4085,0.0371,0.8215,0.0452,DONE
2026-01-28 17:08:12,Synthetic_high_corr,500,compare_k50_a0.2_m500_block_1,50,1000,500,0.2000,492.6279,491.3068,0.9973,0.7768,8.9157,0.0871,DONE
2026-01-28 17:08:33,Synthetic_high_corr,500,compare_k150_a0.2_m500_block_1,150,3000,500,0.2000,495.6521,495.3729,0.9994,8.4908,27.7338,0.3062,DONE
2026-01-28 17:08:34,Synthetic_high_corr,500,compare_k100_a0.2_m500_block_1,100,2000,500,0.2000,494.5489,493.7631,0.9984,3.1920,18.6141,0.1715,DONE
2026-01-28 17:09:04,Synthetic_high_corr,500,compare_k250_a0.2_m500_block_1,250,5000,500,0.2000,497.3922,497.3281,0.9999,30.5234,44.9132,0.6796,DONE
2026-01-28 17:09:06,Mnist,639,compare_k6_a0.2_m200_block_1,6,120,200,0.2000,91.0807,77.1686,0.8473,0.0539,0.7558,0.0713,DONE
2026-01-28 17:09:11,Synthetic_high_corr,500,compare_k150_a0.2_m500_block_1,150,3000,500,0.2000,495.6072,495.2624,0.9993,8.4335,28.0722,0.3004,DONE
2026-01-28 17:09:15,Mnist,639,compare_k63_a0.2_m200_block_1,63,1260,200,0.2000,367.5541,361.6427,0.9839,1.5564,7.7830,0.2000,DONE
2026-01-28 17:09:40,Mnist,639,compare_k127_a0.2_m200_block_1,127,2540,200,0.2000,489.0256,487.0686,0.9960,7.8875,16.2799,0.4845,DONE
2026-01-28 17:09:46,Synthetic_high_corr,500,compare_k250_a0.2_m500_block_1,250,5000,500,0.2000,497.2136,497.0962,0.9998,28.7689,44.3582,0.6486,DONE
2026-01-28 17:09:49,Mnist,639,compare_k6_a0.2_m200_block_1,6,120,200,0.2000,91.0807,77.1465,0.8470,0.0556,0.7484,0.0743,DONE
2026-01-28 17:09:58,Mnist,639,compare_k63_a0.2_m200_block_1,63,1260,200,0.2000,367.5541,363.1303,0.9880,1.5450,7.9724,0.1938,DONE
2026-01-28 17:10:25,Synthetic_high_corr,500,compare_k250_a0.2_m500_block_1,250,5000,500,0.2000,497.1847,497.0951,0.9998,29.6071,44.6560,0.6630,DONE
2026-01-28 17:10:26,Mnist,639,compare_k127_a0.2_m200_block_1,127,2540,200,0.2000,489.0256,485.1812,0.9921,7.9995,19.1542,0.4176,DONE
2026-01-28 17:10:28,Mnist,639,compare_k6_a0.2_m200_block_1,6,120,200,0.2000,91.0807,71.1851,0.7816,0.0596,0.8177,0.0729,DONE
2026-01-28 17:10:29,Mnist,639,compare_k191_a0.2_m200_block_1,191,3820,200,0.2000,553.2089,552.9361,0.9995,21.8604,27.2179,0.8032,DONE
2026-01-28 17:10:37,Mnist,639,compare_k63_a0.2_m200_block_1,63,1260,200,0.2000,367.5541,362.4811,0.9862,1.6611,7.7586,0.2141,DONE
2026-01-28 17:11:05,Mnist,639,compare_k127_a0.2_m200_block_1,127,2540,200,0.2000,489.0256,484.8933,0.9915,8.0262,19.6474,0.4085,DONE
2026-01-28 17:11:16,Mnist,639,compare_k191_a0.2_m200_block_1,191,3820,200,0.2000,553.2089,553.3329,1.0002,22.5475,28.2796,0.7973,DONE
2026-01-28 17:11:55,Mnist,639,compare_k191_a0.2_m200_block_1,191,3820,200,0.2000,553.2089,552.4791,0.9987,23.1034,27.4815,0.8407,DONE
2026-01-28 17:12:45,Mnist,639,compare_k319_a0.2_m200_block_1,319,6380,200,0.2000,608.1041,609.2905,1.0020,91.8245,44.8545,2.0472,DONE
2026-01-28 17:12:49,Mnist,639,compare_k6_a0.2_m500_block_1,6,120,500,0.2000,91.0807,73.4420,0.8063,0.0565,1.7381,0.0325,DONE
2026-01-28 17:13:10,Mnist,639,compare_k63_a0.2_m500_block_1,63,1260,500,0.2000,367.5541,361.9408,0.9847,1.8642,18.5274,0.1006,DONE
2026-01-28 17:13:39,Mnist,639,compare_k319_a0.2_m200_block_1,319,6380,200,0.2000,608.1041,609.2838,1.0019,91.8055,50.5937,1.8146,DONE
2026-01-28 17:13:43,Mnist,639,compare_k6_a0.2_m500_block_1,6,120,500,0.2000,91.0807,72.0358,0.7909,0.0616,1.9041,0.0323,DONE
2026-01-28 17:13:58,Mnist,639,compare_k127_a0.2_m500_block_1,127,2540,500,0.2000,489.0256,485.7347,0.9933,9.7477,38.6872,0.2520,DONE
2026-01-28 17:14:04,Mnist,639,compare_k63_a0.2_m500_block_1,63,1260,500,0.2000,367.5541,363.6720,0.9894,1.8649,19.1135,0.0976,DONE
2026-01-28 17:14:20,Mnist,639,compare_k319_a0.2_m200_block_1,319,6380,200,0.2000,608.1041,609.4127,1.0022,96.3053,47.8444,2.0129,DONE
2026-01-28 17:14:23,Mnist,639,compare_k6_a0.2_m500_block_1,6,120,500,0.2000,91.0807,69.7468,0.7658,0.0616,1.6344,0.0377,DONE
2026-01-28 17:14:46,Mnist,639,compare_k63_a0.2_m500_block_1,63,1260,500,0.2000,367.5541,362.9449,0.9875,1.8655,20.3463,0.0917,DONE
2026-01-28 17:14:52,Mnist,639,compare_k127_a0.2_m500_block_1,127,2540,500,0.2000,489.0256,486.5389,0.9949,8.7598,38.6458,0.2267,DONE
2026-01-28 17:15:20,Mnist,639,compare_k191_a0.2_m500_block_1,191,3820,500,0.2000,553.2089,552.2422,0.9983,25.6205,56.2043,0.4558,DONE
2026-01-28 17:15:32,Mnist,639,compare_k127_a0.2_m500_block_1,127,2540,500,0.2000,489.0256,485.6541,0.9931,8.8917,37.0637,0.2399,DONE
2026-01-28 17:16:11,Mnist,639,compare_k191_a0.2_m500_block_1,191,3820,500,0.2000,553.2089,552.1622,0.9981,24.5109,55.0252,0.4454,DONE
2026-01-28 17:16:52,Mnist,639,compare_k191_a0.2_m500_block_1,191,3820,500,0.2000,553.2089,553.2833,1.0001,25.6827,54.2140,0.4737,DONE
2026-01-28 17:18:32,Mnist,639,compare_k319_a0.2_m500_block_1,319,6380,500,0.2000,608.1041,609.5433,1.0024,98.4552,93.4686,1.0534,DONE
2026-01-28 17:18:33,Madelon,500,compare_k5_a0.2_m200_block_1,5,100,200,0.2000,20.5391,20.4027,0.9934,0.0451,0.5343,0.0845,DONE
2026-01-28 17:18:39,Madelon,500,compare_k50_a0.2_m200_block_1,50,1000,200,0.2000,73.8241,73.2577,0.9923,0.9377,5.3472,0.1754,DONE
2026-01-28 17:18:53,Madelon,500,compare_k100_a0.2_m200_block_1,100,2000,200,0.2000,130.7953,129.7358,0.9919,4.0554,10.1779,0.3985,DONE
2026-01-28 17:19:19,Madelon,500,compare_k150_a0.2_m200_block_1,150,3000,200,0.2000,185.5655,184.4523,0.9940,10.4605,15.5286,0.6736,DONE
2026-01-28 17:19:27,Mnist,639,compare_k319_a0.2_m500_block_1,319,6380,500,0.2000,608.1041,608.9266,1.0014,96.6083,99.1549,0.9743,DONE
2026-01-28 17:19:28,Madelon,500,compare_k5_a0.2_m200_block_1,5,100,200,0.2000,20.5391,20.1345,0.9803,0.0453,0.5167,0.0877,DONE
2026-01-28 17:19:34,Madelon,500,compare_k50_a0.2_m200_block_1,50,1000,200,0.2000,73.8241,73.2778,0.9926,0.9239,5.0621,0.1825,DONE
2026-01-28 17:19:48,Madelon,500,compare_k100_a0.2_m200_block_1,100,2000,200,0.2000,130.7953,129.7471,0.9920,3.8546,10.2304,0.3768,DONE
2026-01-28 17:20:05,Mnist,639,compare_k319_a0.2_m500_block_1,319,6380,500,0.2000,608.1041,608.9103,1.0013,99.3730,94.0362,1.0568,DONE
2026-01-28 17:20:06,Madelon,500,compare_k5_a0.2_m200_block_1,5,100,200,0.2000,20.5391,20.1379,0.9805,0.0494,0.5631,0.0878,DONE
2026-01-28 17:20:12,Madelon,500,compare_k50_a0.2_m200_block_1,50,1000,200,0.2000,73.8241,73.1642,0.9911,0.9089,5.4731,0.1661,DONE
2026-01-28 17:20:14,Madelon,500,compare_k150_a0.2_m200_block_1,150,3000,200,0.2000,185.5655,184.5460,0.9945,10.1054,16.3421,0.6184,DONE
2026-01-28 17:20:21,Madelon,500,compare_k250_a0.2_m200_block_1,250,5000,200,0.2000,288.8704,288.1812,0.9976,36.0331,25.8712,1.3928,DONE
2026-01-28 17:20:22,Madelon,500,compare_k5_a0.2_m500_block_1,5,100,500,0.2000,20.5391,20.1488,0.9810,0.0412,1.0075,0.0409,DONE
2026-01-28 17:20:26,Madelon,500,compare_k100_a0.2_m200_block_1,100,2000,200,0.2000,130.7953,129.9920,0.9939,3.8610,9.9967,0.3862,DONE
2026-01-28 17:20:33,Madelon,500,compare_k50_a0.2_m500_block_1,50,1000,500,0.2000,73.8241,73.3873,0.9941,0.9346,9.6267,0.0971,DONE
2026-01-28 17:20:51,Madelon,500,compare_k150_a0.2_m200_block_1,150,3000,200,0.2000,185.5655,184.7013,0.9953,9.8777,15.3823,0.6421,DONE
2026-01-28 17:20:57,Madelon,500,compare_k100_a0.2_m500_block_1,100,2000,500,0.2000,130.7953,130.2820,0.9961,3.9365,20.0574,0.1963,DONE
2026-01-28 17:21:13,Madelon,500,compare_k250_a0.2_m200_block_1,250,5000,200,0.2000,288.8704,287.9735,0.9969,34.0416,25.0344,1.3598,DONE
2026-01-28 17:21:15,Madelon,500,compare_k5_a0.2_m500_block_1,5,100,500,0.2000,20.5391,20.4152,0.9940,0.0449,1.1288,0.0398,DONE
2026-01-28 17:21:26,Madelon,500,compare_k50_a0.2_m500_block_1,50,1000,500,0.2000,73.8241,73.3960,0.9942,0.9393,10.8417,0.0866,DONE
2026-01-28 17:21:39,Madelon,500,compare_k150_a0.2_m500_block_1,150,3000,500,0.2000,185.5655,184.8962,0.9964,10.7834,31.3846,0.3436,DONE
2026-01-28 17:21:51,Madelon,500,compare_k100_a0.2_m500_block_1,100,2000,500,0.2000,130.7953,130.1051,0.9947,3.9036,20.4229,0.1911,DONE
2026-01-28 17:21:51,Madelon,500,compare_k250_a0.2_m200_block_1,250,5000,200,0.2000,288.8704,288.1453,0.9975,34.8229,24.6499,1.4127,DONE
2026-01-28 17:21:52,Madelon,500,compare_k5_a0.2_m500_block_1,5,100,500,0.2000,20.5391,20.1604,0.9816,0.0504,0.9562,0.0527,DONE
2026-01-28 17:22:03,Madelon,500,compare_k50_a0.2_m500_block_1,50,1000,500,0.2000,73.8241,73.3120,0.9931,0.9496,9.8669,0.0962,DONE
2026-01-28 17:22:29,Madelon,500,compare_k100_a0.2_m500_block_1,100,2000,500,0.2000,130.7953,130.1423,0.9950,3.8487,22.2906,0.1727,DONE
2026-01-28 17:22:33,Madelon,500,compare_k150_a0.2_m500_block_1,150,3000,500,0.2000,185.5655,184.8460,0.9961,10.0304,32.5785,0.3079,DONE
2026-01-28 17:23:07,Madelon,500,compare_k250_a0.2_m500_block_1,250,5000,500,0.2000,288.8704,288.3536,0.9982,35.4132,52.8326,0.6703,DONE
2026-01-28 17:23:08,Synthetic_toeplitz,500,compare_k5_a0.2_m200_block_1,5,100,200,0.2000,52.7988,51.0625,0.9671,0.0454,0.5313,0.0854,DONE
2026-01-28 17:23:12,Madelon,500,compare_k150_a0.2_m500_block_1,150,3000,500,0.2000,185.5655,184.8604,0.9962,10.0031,32.9992,0.3031,DONE
2026-01-28 17:23:14,Synthetic_toeplitz,500,compare_k50_a0.2_m200_block_1,50,1000,200,0.2000,341.7148,337.1203,0.9866,0.9433,4.9032,0.1924,DONE
2026-01-28 17:23:28,Synthetic_toeplitz,500,compare_k100_a0.2_m200_block_1,100,2000,200,0.2000,422.0325,420.4841,0.9963,4.0536,9.7800,0.4145,DONE
2026-01-28 17:23:53,Synthetic_toeplitz,500,compare_k150_a0.2_m200_block_1,150,3000,200,0.2000,451.1095,452.3777,1.0028,10.6303,15.0909,0.7044,DONE
2026-01-28 17:23:59,Madelon,500,compare_k250_a0.2_m500_block_1,250,5000,500,0.2000,288.8704,288.3129,0.9981,34.4119,51.5211,0.6679,DONE
2026-01-28 17:24:00,Synthetic_toeplitz,500,compare_k5_a0.2_m200_block_1,5,100,200,0.2000,53.9213,51.8426,0.9614,0.0438,0.5206,0.0841,DONE
2026-01-28 17:24:06,Synthetic_toeplitz,500,compare_k50_a0.2_m200_block_1,50,1000,200,0.2000,342.6657,340.0132,0.9923,0.9669,4.9518,0.1953,DONE
2026-01-28 17:24:20,Synthetic_toeplitz,500,compare_k100_a0.2_m200_block_1,100,2000,200,0.2000,422.1649,421.6943,0.9989,3.9314,10.0677,0.3905,DONE
2026-01-28 17:24:38,Madelon,500,compare_k250_a0.2_m500_block_1,250,5000,500,0.2000,288.8704,288.3122,0.9981,34.6047,51.1229,0.6769,DONE
2026-01-28 17:24:38,Synthetic_toeplitz,500,compare_k5_a0.2_m200_block_1,5,100,200,0.2000,53.0503,51.4128,0.9691,0.0460,0.5780,0.0796,DONE
2026-01-28 17:24:45,Synthetic_toeplitz,500,compare_k50_a0.2_m200_block_1,50,1000,200,0.2000,341.1554,338.8007,0.9931,0.9517,5.6513,0.1684,DONE
2026-01-28 17:24:46,Synthetic_toeplitz,500,compare_k150_a0.2_m200_block_1,150,3000,200,0.2000,452.1130,452.3481,1.0005,10.1994,16.1712,0.6307,DONE
2026-01-28 17:24:55,Synthetic_toeplitz,500,compare_k250_a0.2_m200_block_1,250,5000,200,0.2000,478.0221,479.3568,1.0028,36.1023,25.5965,1.4104,DONE
2026-01-28 17:24:56,Synthetic_toeplitz,500,compare_k5_a0.2_m500_block_1,5,100,500,0.2000,53.8009,43.4186,0.8070,0.0475,1.0235,0.0464,DONE
2026-01-28 17:24:59,Synthetic_toeplitz,500,compare_k100_a0.2_m200_block_1,100,2000,200,0.2000,421.2458,421.5453,1.0007,3.9685,10.1354,0.3915,DONE
2026-01-28 17:25:07,Synthetic_toeplitz,500,compare_k50_a0.2_m500_block_1,50,1000,500,0.2000,339.9227,339.4823,0.9987,0.9837,9.7052,0.1014,DONE
2026-01-28 17:25:25,Synthetic_toeplitz,500,compare_k150_a0.2_m200_block_1,150,3000,200,0.2000,452.5645,452.0471,0.9989,10.2121,15.7600,0.6480,DONE
2026-01-28 17:25:31,Synthetic_toeplitz,500,compare_k100_a0.2_m500_block_1,100,2000,500,0.2000,421.5528,421.2883,0.9994,4.1114,20.3839,0.2017,DONE
2026-01-28 17:25:48,Synthetic_toeplitz,500,compare_k250_a0.2_m200_block_1,250,5000,200,0.2000,478.3887,479.6036,1.0025,34.9875,26.3578,1.3274,DONE
2026-01-28 17:25:49,Synthetic_toeplitz,500,compare_k5_a0.2_m500_block_1,5,100,500,0.2000,53.3897,45.8291,0.8584,0.0523,1.1462,0.0457,DONE
2026-01-28 17:26:02,Synthetic_toeplitz,500,compare_k50_a0.2_m500_block_1,50,1000,500,0.2000,339.7709,339.3676,0.9988,1.0263,11.8540,0.0866,DONE
2026-01-28 17:26:17,Synthetic_toeplitz,500,compare_k150_a0.2_m500_block_1,150,3000,500,0.2000,452.0087,452.6268,1.0014,11.5933,34.0632,0.3403,DONE
2026-01-28 17:26:29,Synthetic_toeplitz,500,compare_k100_a0.2_m500_block_1,100,2000,500,0.2000,420.9968,421.0397,1.0001,4.3666,22.7148,0.1922,DONE
2026-01-28 17:26:31,Synthetic_toeplitz,500,compare_k250_a0.2_m200_block_1,250,5000,200,0.2000,478.0513,479.5878,1.0032,38.4190,27.5130,1.3964,DONE
2026-01-28 17:26:32,Synthetic_toeplitz,500,compare_k5_a0.2_m500_block_1,5,100,500,0.2000,53.3962,44.5585,0.8345,0.0516,0.9869,0.0522,DONE
2026-01-28 17:26:45,Synthetic_toeplitz,500,compare_k50_a0.2_m500_block_1,50,1000,500,0.2000,341.8769,341.5137,0.9989,0.9816,11.6114,0.0845,DONE
2026-01-28 17:27:15,Synthetic_toeplitz,500,compare_k100_a0.2_m500_block_1,100,2000,500,0.2000,421.8742,422.0058,1.0003,4.6953,25.6772,0.1829,DONE
2026-01-28 17:27:18,Synthetic_toeplitz,500,compare_k150_a0.2_m500_block_1,150,3000,500,0.2000,452.7192,452.0818,0.9986,11.6268,37.6993,0.3084,DONE
2026-01-28 17:27:59,Synthetic_toeplitz,500,compare_k250_a0.2_m500_block_1,250,5000,500,0.2000,477.9149,479.6536,1.0036,41.7120,59.8575,0.6969,DONE
2026-01-28 17:28:01,Residential,103,compare_k1_a0.2_m200_block_1,1,100,200,0.2000,67.5649,67.5649,1.0000,0.0019,0.1593,0.0118,DONE
2026-01-28 17:28:01,Residential,103,compare_k10_a0.2_m200_block_1,10,200,200,0.2000,94.3341,88.7350,0.9406,0.0180,0.3196,0.0563,DONE
2026-01-28 17:28:02,Residential,103,compare_k20_a0.2_m200_block_1,20,400,200,0.2000,100.0077,98.2422,0.9823,0.0423,0.6905,0.0612,DONE
2026-01-28 17:28:02,Synthetic_toeplitz,500,compare_k150_a0.2_m500_block_1,150,3000,500,0.2000,452.3542,452.4788,1.0003,12.8668,34.1481,0.3768,DONE
2026-01-28 17:28:03,Residential,103,compare_k30_a0.2_m200_block_1,30,600,200,0.2000,101.9689,101.6414,0.9968,0.0779,1.0851,0.0718,DONE
2026-01-28 17:28:05,Residential,103,compare_k51_a0.2_m200_block_1,51,1020,200,0.2000,102.9037,102.7976,0.9990,0.1596,1.8683,0.0854,DONE
2026-01-28 17:28:07,Residential,103,compare_k1_a0.2_m500_block_1,1,100,500,0.2000,67.5649,67.5649,1.0000,0.0017,0.3730,0.0045,DONE
2026-01-28 17:28:07,Residential,103,compare_k10_a0.2_m500_block_1,10,200,500,0.2000,94.3341,89.5616,0.9494,0.0188,0.8041,0.0233,DONE
2026-01-28 17:28:09,Residential,103,compare_k20_a0.2_m500_block_1,20,400,500,0.2000,100.0077,97.6727,0.9767,0.0438,1.9893,0.0220,DONE
2026-01-28 17:28:12,Residential,103,compare_k30_a0.2_m500_block_1,30,600,500,0.2000,101.9689,101.6681,0.9970,0.0872,2.6459,0.0329,DONE
2026-01-28 17:28:16,Residential,103,compare_k51_a0.2_m500_block_1,51,1020,500,0.2000,102.9037,102.7937,0.9989,0.1662,4.0141,0.0414,DONE
2026-01-28 17:28:19,Secom,478,compare_k4_a0.2_m200_block_1,4,100,200,0.2000,61.8287,48.4761,0.7840,0.0337,0.5212,0.0647,DONE
2026-01-28 17:28:25,Secom,478,compare_k47_a0.2_m200_block_1,47,940,200,0.2000,264.4359,259.4336,0.9811,0.9853,4.9695,0.1983,DONE
2026-01-28 17:28:39,Secom,478,compare_k95_a0.2_m200_block_1,95,1900,200,0.2000,375.7530,371.2996,0.9881,3.7777,10.6785,0.3538,DONE
2026-01-28 17:28:54,Synthetic_toeplitz,500,compare_k250_a0.2_m500_block_1,250,5000,500,0.2000,478.0664,479.7130,1.0034,38.7676,57.1975,0.6778,DONE
2026-01-28 17:28:56,Residential,103,compare_k1_a0.2_m200_block_1,1,100,200,0.2000,67.5649,67.5649,1.0000,0.0021,0.2411,0.0088,DONE
2026-01-28 17:28:57,Residential,103,compare_k10_a0.2_m200_block_1,10,200,200,0.2000,94.3341,87.1997,0.9244,0.0296,1.1633,0.0254,DONE
2026-01-28 17:28:59,Residential,103,compare_k20_a0.2_m200_block_1,20,400,200,0.2000,100.0077,99.1942,0.9919,0.0674,1.4309,0.0471,DONE
2026-01-28 17:29:00,Residential,103,compare_k30_a0.2_m200_block_1,30,600,200,0.2000,101.9689,101.5380,0.9958,0.1114,1.4789,0.0753,DONE
2026-01-28 17:29:03,Residential,103,compare_k51_a0.2_m200_block_1,51,1020,200,0.2000,102.9037,102.7840,0.9988,0.2084,2.1647,0.0963,DONE
2026-01-28 17:29:04,Residential,103,compare_k1_a0.2_m500_block_1,1,100,500,0.2000,67.5649,67.5649,1.0000,0.0021,0.4681,0.0046,DONE
2026-01-28 17:29:05,Residential,103,compare_k10_a0.2_m500_block_1,10,200,500,0.2000,94.3341,90.0327,0.9544,0.0216,1.1221,0.0192,DONE
2026-01-28 17:29:08,Residential,103,compare_k20_a0.2_m500_block_1,20,400,500,0.2000,100.0077,99.2979,0.9929,0.0509,2.1702,0.0234,DONE
2026-01-28 17:29:09,Secom,478,compare_k143_a0.2_m200_block_1,143,2860,200,0.2000,429.4074,426.1092,0.9923,10.8360,19.2044,0.5642,DONE
2026-01-28 17:29:11,Residential,103,compare_k30_a0.2_m500_block_1,30,600,500,0.2000,101.9689,101.6672,0.9970,0.0846,3.0209,0.0280,DONE
2026-01-28 17:29:16,Residential,103,compare_k51_a0.2_m500_block_1,51,1020,500,0.2000,102.9037,102.7614,0.9986,0.2078,5.0530,0.0411,DONE
2026-01-28 17:29:19,Secom,478,compare_k4_a0.2_m200_block_1,4,100,200,0.2000,61.8287,47.2482,0.7642,0.0286,0.4624,0.0618,DONE
2026-01-28 17:29:24,Secom,478,compare_k47_a0.2_m200_block_1,47,940,200,0.2000,264.4359,258.1735,0.9763,0.8624,4.6861,0.1840,DONE
2026-01-28 17:29:38,Secom,478,compare_k95_a0.2_m200_block_1,95,1900,200,0.2000,375.7530,370.5521,0.9862,3.4721,9.8941,0.3509,DONE
2026-01-28 17:29:40,Synthetic_toeplitz,500,compare_k250_a0.2_m500_block_1,250,5000,500,0.2000,478.4162,479.6926,1.0027,39.1523,59.0095,0.6635,DONE
2026-01-28 17:29:42,Residential,103,compare_k1_a0.2_m200_block_1,1,100,200,0.2000,67.5649,67.5649,1.0000,0.0017,0.1566,0.0109,DONE
2026-01-28 17:29:42,Residential,103,compare_k10_a0.2_m200_block_1,10,200,200,0.2000,94.3341,89.8133,0.9521,0.0174,0.3098,0.0562,DONE
2026-01-28 17:29:43,Residential,103,compare_k20_a0.2_m200_block_1,20,400,200,0.2000,100.0077,99.1507,0.9914,0.0399,0.6706,0.0595,DONE
2026-01-28 17:29:44,Residential,103,compare_k30_a0.2_m200_block_1,30,600,200,0.2000,101.9689,101.6770,0.9971,0.0698,1.1130,0.0627,DONE
2026-01-28 17:29:46,Residential,103,compare_k51_a0.2_m200_block_1,51,1020,200,0.2000,102.9037,102.8098,0.9991,0.1578,2.0048,0.0787,DONE
2026-01-28 17:29:48,Residential,103,compare_k1_a0.2_m500_block_1,1,100,500,0.2000,67.5649,67.5649,1.0000,0.0017,0.3853,0.0045,DONE
2026-01-28 17:29:49,Residential,103,compare_k10_a0.2_m500_block_1,10,200,500,0.2000,94.3341,88.3047,0.9361,0.0182,0.8031,0.0226,DONE
2026-01-28 17:29:50,Residential,103,compare_k20_a0.2_m500_block_1,20,400,500,0.2000,100.0077,99.4117,0.9940,0.0423,1.6712,0.0253,DONE
2026-01-28 17:29:53,Residential,103,compare_k30_a0.2_m500_block_1,30,600,500,0.2000,101.9689,101.6506,0.9969,0.0706,2.4413,0.0289,DONE
2026-01-28 17:29:57,Residential,103,compare_k51_a0.2_m500_block_1,51,1020,500,0.2000,102.9037,102.8009,0.9990,0.1484,4.1764,0.0355,DONE
2026-01-28 17:30:00,Secom,478,compare_k4_a0.2_m200_block_1,4,100,200,0.2000,61.8287,48.4761,0.7840,0.0428,0.5847,0.0732,DONE
2026-01-28 17:30:01,Secom,478,compare_k143_a0.2_m200_block_1,143,2860,200,0.2000,429.4074,426.1976,0.9925,9.0785,13.9565,0.6505,DONE
2026-01-28 17:30:05,Secom,478,compare_k239_a0.2_m200_block_1,239,4780,200,0.2000,473.2312,472.6339,0.9987,32.7395,23.1759,1.4127,DONE
2026-01-28 17:30:06,Secom,478,compare_k47_a0.2_m200_block_1,47,940,200,0.2000,264.4359,260.0869,0.9836,0.8926,4.5727,0.1952,DONE
2026-01-28 17:30:08,Secom,478,compare_k4_a0.2_m500_block_1,4,100,500,0.2000,61.8287,44.3819,0.7178,0.0302,0.9463,0.0319,DONE
2026-01-28 17:30:19,Secom,478,compare_k47_a0.2_m500_block_1,47,940,500,0.2000,264.4359,260.7355,0.9860,1.0091,10.3690,0.0973,DONE
2026-01-28 17:30:20,Secom,478,compare_k95_a0.2_m200_block_1,95,1900,200,0.2000,375.7530,369.7552,0.9840,3.4677,10.4125,0.3330,DONE
2026-01-28 17:30:43,Secom,478,compare_k95_a0.2_m500_block_1,95,1900,500,0.2000,375.7530,370.1118,0.9850,3.6965,20.4788,0.1805,DONE
2026-01-28 17:30:45,Secom,478,compare_k143_a0.2_m200_block_1,143,2860,200,0.2000,429.4074,426.6780,0.9936,9.4233,16.2187,0.5810,DONE
