Timestamp,Dataset,p,Final_Critical_k,Speedup_At_k,Ratio,Steps,Samples,Run_ID
2026-02-02 15:45:44,Arrhythmia,25,13,0.05114670898546058,0.9792736007174795,260,50,0
2026-02-02 15:45:44,Arrhythmia,33,17,0.06736688465005795,0.9867517740332062,340,50,0
2026-02-02 15:45:46,Arrhythmia,41,21,0.08827013112980545,0.9988705159004521,420,50,0
2026-02-02 15:45:47,Arrhythmia,49,37,0.11183884325622286,1.0032276148585142,740,50,0
2026-02-02 15:45:49,Arrhythmia,57,56,0.14425787658323613,1.000043335461028,1000,50,0
2026-02-02 15:45:51,Arrhythmia,65,64,0.1966098544238759,1.000144045086615,1000,50,0
2026-02-02 15:45:53,Arrhythmia,74,72,0.2986050658711858,1.000065387642974,1000,50,0
2026-02-02 15:45:56,Arrhythmia,82,80,0.358987733356953,1.0000261064997766,1000,50,0
2026-02-02 15:45:59,Arrhythmia,90,88,0.46601809269112715,1.0000457666080345,1000,50,0
2026-02-02 15:46:02,Arrhythmia,98,98,0.5879409672366782,1.0000000000020886,1000,50,0
2026-02-02 15:46:06,Arrhythmia,106,106,0.7417757489645999,0.999999999999998,1000,50,0
2026-02-02 15:46:10,Arrhythmia,114,111,0.9132467218438325,1.0000956306934532,1000,50,0
2026-02-02 15:46:13,Arrhythmia,123,100,0.9760274763616918,1.0027062784756706,1000,50,0
2026-02-02 15:46:14,Arrhythmia,131,99,1.0379982997037764,1.0025976894959212,1000,50,0
2026-02-02 15:46:18,Arrhythmia,139,91,1.0105549889555712,1.0044480221044743,1000,50,0
2026-02-02 15:46:22,Arrhythmia,147,87,1.0320302065300966,1.0006517892043256,1000,50,0
2026-02-02 15:46:26,Arrhythmia,155,82,0.9728951582886024,0.9972254313616847,1000,50,0
2026-02-02 15:46:27,Arrhythmia,163,82,1.0287540050030222,0.9993292693468991,1000,50,0
2026-02-02 15:46:30,Arrhythmia,172,80,1.0393998422276352,0.9984902188685348,1000,50,0
2026-02-02 15:46:34,Arrhythmia,180,78,1.0196204840790206,0.9917070304081524,1000,50,0
2026-02-02 15:46:38,Arrhythmia,188,76,1.0149576229250328,0.9918254419627941,1000,50,0
2026-02-02 15:46:41,Arrhythmia,196,73,0.9641157344763168,0.9899672181867379,1000,50,0
2026-02-02 15:46:44,Arrhythmia,204,76,1.0496815143216214,0.9928698512048825,1000,50,0
2026-02-02 15:46:49,Arrhythmia,212,72,0.9825407735119188,0.9900182820028073,1000,50,0
2026-02-02 15:46:55,Arrhythmia,221,72,0.9916336066759303,0.9835573809465664,1000,50,0
2026-02-02 15:47:00,Arrhythmia,229,71,0.9527758148623624,0.9897758237040101,1000,50,0
2026-02-02 15:47:06,Arrhythmia,237,74,1.0468755872833007,0.99000947036672,1000,50,0
2026-02-02 15:47:14,Arrhythmia,245,72,1.0124228797507446,0.9870322793828137,1000,50,0
2026-02-02 15:47:21,Arrhythmia,253,71,0.9592984236999696,0.9878142614066389,1000,50,0
2026-02-02 15:47:32,Arrhythmia,262,71,1.0046672631485485,0.9849138511067346,1000,50,0
2026-02-02 15:47:32,Arrhythmia,25,13,0.04818194731851146,0.9528948350121378,260,50,1
2026-02-02 15:47:33,Arrhythmia,33,17,0.0675801583032804,0.9898742784464306,340,50,1
2026-02-02 15:47:34,Arrhythmia,41,31,0.08786002014870789,1.0031933607997894,620,50,1
2026-02-02 15:47:35,Arrhythmia,49,37,0.11244355048177367,1.003652972443622,740,50,1
2026-02-02 15:47:37,Arrhythmia,57,57,0.14080653859177336,0.9999999999999971,1000,50,1
2026-02-02 15:47:39,Arrhythmia,65,63,0.1979995678078597,1.0000966853896196,1000,50,1
2026-02-02 15:47:42,Arrhythmia,74,74,0.2766440138869555,1.000000000000002,1000,50,1
2026-02-02 15:47:44,Arrhythmia,82,82,0.35950096532651515,1.0000000000000009,1000,50,1
2026-02-02 15:47:47,Arrhythmia,90,90,0.46692889604786286,0.9999999999999857,1000,50,1
2026-02-02 15:47:51,Arrhythmia,98,98,0.5902033099259997,1.000000007386029,1000,50,1
2026-02-02 15:47:54,Arrhythmia,106,105,0.7461769314449009,1.0000000367405741,1000,50,1
2026-02-02 15:47:58,Arrhythmia,114,114,0.9143747514370789,1.0000000000000013,1000,50,1
2026-02-02 15:48:01,Arrhythmia,123,100,0.9750329465405957,1.001718337024413,1000,50,1
2026-02-02 15:48:02,Arrhythmia,131,99,1.0438822592630503,1.0025125189075366,1000,50,1
2026-02-02 15:48:06,Arrhythmia,139,91,1.0113909069250266,1.0031703701287262,1000,50,1
2026-02-02 15:48:10,Arrhythmia,147,87,1.0008583542034255,1.0040661167694898,1000,50,1
2026-02-02 15:48:14,Arrhythmia,155,82,0.9860969117020093,0.9990219279016309,1000,50,1
2026-02-02 15:48:15,Arrhythmia,163,82,1.0147068852798278,0.999371001620702,1000,50,1
2026-02-02 15:48:19,Arrhythmia,172,80,1.0391036732906844,0.9956738353507822,1000,50,1
2026-02-02 15:48:22,Arrhythmia,180,78,1.0341024478873573,0.9972207589539451,1000,50,1
2026-02-02 15:48:26,Arrhythmia,188,76,1.0415247239429934,0.997766463546713,1000,50,1
2026-02-02 15:48:29,Arrhythmia,196,73,0.9737925399033246,0.9917805059958531,1000,50,1
2026-02-02 15:48:32,Arrhythmia,204,76,1.0376091067135342,0.99143138399304,1000,50,1
2026-02-02 15:48:37,Arrhythmia,212,72,0.9805731370406052,0.9955932516978137,1000,50,1
2026-02-02 15:48:44,Arrhythmia,221,72,0.961090770115249,0.9883495089299122,1000,50,1
2026-02-02 15:48:49,Arrhythmia,229,71,0.9819936396130718,0.9860851712382688,1000,50,1
2026-02-02 15:48:54,Arrhythmia,237,74,1.0466103246596985,0.983342817764994,1000,50,1
2026-02-02 15:49:02,Arrhythmia,245,72,1.0059515221160815,0.9878844674965922,1000,50,1
2026-02-02 15:49:09,Arrhythmia,253,71,0.9878367316888153,0.9856970772640876,1000,50,1
2026-02-02 15:49:18,Arrhythmia,262,73,1.04642613813061,0.9863576093110755,1000,50,1
2026-02-02 15:49:18,Arrhythmia,25,13,0.04865299094050406,0.9918489683151722,260,50,2
2026-02-02 15:49:19,Arrhythmia,33,17,0.06612616003822154,0.9886551535650168,340,50,2
2026-02-02 15:49:20,Arrhythmia,41,21,0.08795228879640314,0.982464252794557,420,50,2
2026-02-02 15:49:21,Arrhythmia,49,37,0.11343826558211413,1.003543180141679,740,50,2
2026-02-02 15:49:23,Arrhythmia,57,43,0.14171140207876895,1.0070055629947763,860,50,2
2026-02-02 15:49:25,Arrhythmia,65,63,0.19593970600229957,1.0004206667591595,1000,50,2
2026-02-02 15:49:28,Arrhythmia,74,74,0.27880723383712724,0.9999999999999998,1000,50,2
2026-02-02 15:49:30,Arrhythmia,82,82,0.3600253261728938,0.9999999999999966,1000,50,2
2026-02-02 15:49:33,Arrhythmia,90,89,0.46865328408644896,1.0000109165997222,1000,50,2
2026-02-02 15:49:37,Arrhythmia,98,97,0.5969755269619144,0.9999999999999992,1000,50,2
2026-02-02 15:49:40,Arrhythmia,106,103,0.737234823858027,1.0000012083890935,1000,50,2
2026-02-02 15:49:45,Arrhythmia,114,114,0.9356185021459513,1.0000000000000049,1000,50,2
2026-02-02 15:49:46,Arrhythmia,123,108,1.049785441330893,1.0003043530356697,1000,50,2
2026-02-02 15:49:50,Arrhythmia,131,94,1.0000370485133443,1.0026392029354423,1000,50,2
2026-02-02 15:49:52,Arrhythmia,139,87,0.9635283016174022,1.0060507275297779,1000,50,2
2026-02-02 15:49:56,Arrhythmia,147,87,1.0063219239586898,1.0015122753044288,1000,50,2
2026-02-02 15:50:00,Arrhythmia,155,82,0.9841744112903028,1.0019311206499182,1000,50,2
2026-02-02 15:50:01,Arrhythmia,163,82,1.0311318199571033,0.9980618380621146,1000,50,2
2026-02-02 15:50:05,Arrhythmia,172,80,1.0219677108718432,0.9951896189879278,1000,50,2
2026-02-02 15:50:08,Arrhythmia,180,78,1.011214298714928,0.9968518190377866,1000,50,2
2026-02-02 15:50:12,Arrhythmia,188,76,1.0230365751104806,0.9900907704294436,1000,50,2
2026-02-02 15:50:15,Arrhythmia,196,73,0.976962996075455,0.9915559857388923,1000,50,2
2026-02-02 15:50:20,Arrhythmia,204,72,0.9729843396697845,0.9901442601186408,1000,50,2
2026-02-02 15:50:26,Arrhythmia,212,72,0.9989176944121001,0.9916879566031316,1000,50,2
2026-02-02 15:50:32,Arrhythmia,221,72,0.9793618996201896,0.9893843674567167,1000,50,2
2026-02-02 15:50:37,Arrhythmia,229,71,0.9592128348270932,0.9924039843472631,1000,50,2
2026-02-02 15:50:46,Arrhythmia,237,72,1.0035713907975872,0.9839632530817453,1000,50,2
2026-02-02 15:50:54,Arrhythmia,245,72,1.0076173760645875,0.9870052743694311,1000,50,2
2026-02-02 15:51:01,Arrhythmia,253,71,0.9768475786928427,0.986687133379447,1000,50,2
2026-02-02 15:51:11,Arrhythmia,262,71,0.991166325069187,0.98376829432506,1000,50,2
2026-02-02 15:54:30,Mnist,25,13,0.0492752755599123,0.9705344015510035,260,50,0
2026-02-02 15:54:31,Mnist,46,35,0.10528788251811534,0.9977635881398497,700,50,0
2026-02-02 15:54:34,Mnist,67,65,0.21781325011585304,1.000693597838021,1000,50,0
2026-02-02 15:54:36,Mnist,88,86,0.476188886031904,0.9999551646682183,1000,50,0
2026-02-02 15:54:40,Mnist,109,106,0.8484648905992136,1.0002478312075644,1000,50,0
2026-02-02 15:54:43,Mnist,130,89,0.9671936812998781,1.0052466216292886,1000,50,0
2026-02-02 15:54:47,Mnist,152,80,1.020429236397034,0.9973415957579614,1000,50,0
2026-02-02 15:54:50,Mnist,173,76,0.9696392971828992,0.9944050737491923,1000,50,0
2026-02-02 15:54:56,Mnist,194,75,1.0466213980764372,0.9911357157027982,1000,50,0
2026-02-02 15:55:02,Mnist,215,70,0.9635399405010695,0.992550849779076,1000,50,0
2026-02-02 15:55:09,Mnist,236,69,0.9754199173265021,0.9804488056793375,1000,50,0
2026-02-02 15:55:18,Mnist,257,72,1.0159118196904964,0.9880965917163829,1000,50,0
2026-02-02 15:55:22,Mnist,279,70,0.9755070715930271,0.9799129294048761,1000,50,0
2026-02-02 15:55:33,Mnist,300,70,0.9886814298261958,0.9731851199194745,1000,50,0
2026-02-02 15:55:44,Mnist,321,70,0.9667058779136661,0.9785724026313195,1000,50,0
2026-02-02 15:55:57,Mnist,342,74,1.0475115965097808,0.9718536650864711,1000,50,0
2026-02-02 15:56:14,Mnist,363,73,1.0044888335194289,0.9772459989417767,1000,50,0
2026-02-02 15:56:30,Mnist,384,72,1.026625974781676,0.9804697180292462,1000,50,0
2026-02-02 15:56:48,Mnist,406,75,1.029538726294366,0.9768149370026179,1000,50,0
2026-02-02 15:57:18,Mnist,427,76,0.9998802354325151,0.9749325008801242,1000,50,0
2026-02-02 15:57:51,Mnist,448,73,1.0045551874223757,0.977192550630916,1000,50,0
2026-02-02 15:58:29,Mnist,469,75,0.9579878206789324,0.9823170412885471,1000,50,0
2026-02-02 15:59:07,Mnist,490,76,0.9715152295786658,0.9796128889233525,1000,50,0
2026-02-02 16:00:02,Mnist,511,82,1.0106341419267741,0.988564066773781,1000,50,0
2026-02-02 16:00:59,Mnist,533,78,0.9661148750822175,0.9810276487297935,1000,50,0
2026-02-02 16:02:03,Mnist,554,81,1.0070301393412728,0.9858603061982832,1000,50,0
2026-02-02 16:03:13,Mnist,575,81,1.0062545829885787,0.99082536156202,1000,50,0
2026-02-02 16:04:39,Mnist,596,80,0.9657786093145182,0.991113936083087,1000,50,0
2026-02-02 16:06:17,Mnist,617,83,0.978430326625971,0.9945346697030419,1000,50,0
2026-02-02 16:08:02,Mnist,639,85,1.0150414975886295,0.9894405005294294,1000,50,0
2026-02-02 16:08:02,Mnist,25,13,0.04901796402515821,0.9754443877281328,260,50,1
2026-02-02 16:08:03,Mnist,46,35,0.10646966778190005,1.000524341327874,700,50,1
2026-02-02 16:08:06,Mnist,67,65,0.2212923938213035,1.0004307420465777,1000,50,1
2026-02-02 16:08:09,Mnist,88,88,0.47295645054712143,1.0000000000000009,1000,50,1
2026-02-02 16:08:12,Mnist,109,109,0.8468682850865544,1.0000000000000004,1000,50,1
2026-02-02 16:08:15,Mnist,130,89,0.9679795272552649,1.003485316174718,1000,50,1
2026-02-02 16:08:19,Mnist,152,80,1.0230085771927788,0.9886777236253185,1000,50,1
2026-02-02 16:08:22,Mnist,173,76,0.9979541456772688,0.9897341451875581,1000,50,1
2026-02-02 16:08:25,Mnist,194,72,0.9501130085252414,0.9847872231912767,1000,50,1
2026-02-02 16:08:31,Mnist,215,70,0.9712616275754674,0.9758737652460566,1000,50,1
2026-02-02 16:08:39,Mnist,236,69,0.9561257295192248,0.98062371982231,1000,50,1
2026-02-02 16:08:47,Mnist,257,72,1.0086679436626786,0.9799372244557876,1000,50,1
2026-02-02 16:08:51,Mnist,279,70,0.9778525970854304,0.971637407011504,1000,50,1
2026-02-02 16:09:02,Mnist,300,70,1.0126818674913103,0.9822277385531868,1000,50,1
2026-02-02 16:09:13,Mnist,321,70,0.9732000682395954,0.9822601061547174,1000,50,1
2026-02-02 16:09:26,Mnist,342,74,1.0395374807476734,0.9758979621789585,1000,50,1
2026-02-02 16:09:43,Mnist,363,73,1.0197930843088725,0.9834896769097149,1000,50,1
2026-02-02 16:09:58,Mnist,384,72,1.0391799092547087,0.9829018690214109,1000,50,1
2026-02-02 16:10:17,Mnist,406,75,1.0269804154366997,0.9855914208437789,1000,50,1
2026-02-02 16:10:47,Mnist,427,76,1.001783360166212,0.9822034112843938,1000,50,1
2026-02-02 16:11:20,Mnist,448,73,0.997923553869945,0.9865929375887965,1000,50,1
2026-02-02 16:11:58,Mnist,469,75,0.9521604069244268,0.9961441331255055,1000,50,1
2026-02-02 16:12:45,Mnist,490,77,1.0038117513421478,0.9866516759973146,1000,50,1
2026-02-02 16:13:30,Mnist,511,80,0.9502890340915854,0.9898475867651815,1000,50,1
2026-02-02 16:14:26,Mnist,533,78,0.9660365137624342,0.9952901608595749,1000,50,1
2026-02-02 16:15:31,Mnist,554,81,1.0134370015019434,0.9938746857357508,1000,50,1
2026-02-02 16:16:40,Mnist,575,81,0.9961561618584919,0.9842820620163216,1000,50,1
2026-02-02 16:17:57,Mnist,596,83,1.0470206019621613,0.9943485363745879,1000,50,1
2026-02-02 16:19:34,Mnist,617,83,0.9770848134587794,0.9937135420293882,1000,50,1
2026-02-02 16:21:18,Mnist,639,85,0.9997985220811426,0.9883908795094415,1000,50,1
2026-02-02 16:21:19,Mnist,25,13,0.0489670795255988,0.9699824108458222,260,50,2
2026-02-02 16:21:20,Mnist,46,23,0.10156632654106817,0.984753758745953,460,50,2
2026-02-02 16:21:22,Mnist,67,66,0.233421020612804,1.0,1000,50,2
2026-02-02 16:21:26,Mnist,88,83,0.9435288954472021,1.0025882066965082,1000,50,2
2026-02-02 16:21:29,Mnist,109,109,0.8544576558001573,1.0000000000000013,1000,50,2
2026-02-02 16:21:32,Mnist,130,89,0.9588711383834109,1.0037620397448146,1000,50,2
2026-02-02 16:21:36,Mnist,152,80,1.0029242462247563,0.9925728884133881,1000,50,2
2026-02-02 16:21:39,Mnist,173,76,0.9666508284029472,0.9886778649918475,1000,50,2
2026-02-02 16:21:42,Mnist,194,72,0.9617979520181686,0.978035133195892,1000,50,2
2026-02-02 16:21:48,Mnist,215,70,0.9573383694572747,0.9801149575767566,1000,50,2
2026-02-02 16:21:56,Mnist,236,69,0.9866071285406883,0.9828742976038002,1000,50,2
2026-02-02 16:22:04,Mnist,257,72,1.0233179861556951,0.9854882029252809,1000,50,2
2026-02-02 16:22:08,Mnist,279,70,0.970622924780055,0.9803001526087688,1000,50,2
2026-02-02 16:22:19,Mnist,300,70,0.9916108205103753,0.9755886932829413,1000,50,2
2026-02-02 16:22:30,Mnist,321,70,0.9528889340301686,0.9763053169868428,1000,50,2
2026-02-02 16:22:43,Mnist,342,74,1.0372851545781143,0.9795493986167251,1000,50,2
2026-02-02 16:23:00,Mnist,363,73,1.0264208864672977,0.9691429564087799,1000,50,2
2026-02-02 16:23:15,Mnist,384,72,1.0266352745600815,0.977879353285205,1000,50,2
2026-02-02 16:23:34,Mnist,406,75,1.0238916060695924,0.9778397598694714,1000,50,2
2026-02-02 16:24:04,Mnist,427,76,0.9980911382875269,0.9801760558086817,1000,50,2
2026-02-02 16:24:36,Mnist,448,73,1.0046075761633695,0.9885158003369577,1000,50,2
2026-02-02 16:25:15,Mnist,469,75,0.9509750160264023,0.9863244947951828,1000,50,2
2026-02-02 16:26:02,Mnist,490,77,1.0065100917057836,0.9850885187377286,1000,50,2
2026-02-02 16:26:46,Mnist,511,80,0.9505869036596114,0.9872002245024929,1000,50,2
2026-02-02 16:27:42,Mnist,533,78,0.9624579285022797,0.9871522477622449,1000,50,2
2026-02-02 16:28:47,Mnist,554,81,1.0284677039179253,0.9900980003076616,1000,50,2
2026-02-02 16:29:55,Mnist,575,81,1.0030284916337409,0.9880413005641747,1000,50,2
2026-02-02 16:31:21,Mnist,596,80,0.9648487851487185,0.9900786757641922,1000,50,2
2026-02-02 16:32:58,Mnist,617,83,0.9856317500870979,0.9908976408502631,1000,50,2
2026-02-02 16:34:44,Mnist,639,85,1.0351558217264585,0.9903702606930862,1000,50,2
2026-02-02 15:51:15,Myocardial,25,13,0.08197493419558276,0.9969794033526979,260,50,0
2026-02-02 15:51:16,Myocardial,27,14,0.05220313503415261,0.9848400918743652,280,50,0
2026-02-02 15:51:16,Myocardial,30,15,0.05914288009425374,0.9774912480662353,300,50,0
2026-02-02 15:51:17,Myocardial,33,17,0.06711807891427067,0.9793681524392301,340,50,0
2026-02-02 15:51:18,Myocardial,36,18,0.07432067758570016,0.9739218099650975,360,50,0
2026-02-02 15:51:19,Myocardial,39,20,0.08222312361400892,0.9801206204010656,400,50,0
2026-02-02 15:51:20,Myocardial,42,21,0.09225187085438993,0.9902526478349167,420,50,0
2026-02-02 15:51:22,Myocardial,45,34,0.10206954827394031,0.9885511431221686,680,50,0
2026-02-02 15:51:23,Myocardial,48,36,0.11207859128438823,0.9930104756703425,720,50,0
2026-02-02 15:51:24,Myocardial,51,39,0.11666922768534362,1.00011168559039,780,50,0
2026-02-02 15:51:26,Myocardial,54,41,0.13004349883927968,0.997289417114711,820,50,0
2026-02-02 15:51:28,Myocardial,57,57,0.14413213945832057,1.0000000000000002,1000,50,0
2026-02-02 15:51:29,Myocardial,60,60,0.16670335280895593,0.9999999999999987,1000,50,0
2026-02-02 15:51:31,Myocardial,63,60,0.18905867293955755,1.0009777763450578,1000,50,0
2026-02-02 15:51:33,Myocardial,66,65,0.2073403846357317,1.0000000000000002,1000,50,0
2026-02-02 15:51:35,Myocardial,69,67,0.23571955680794573,1.0004379785793636,1000,50,0
2026-02-02 15:51:38,Myocardial,72,72,0.27193396710674905,1.0000000000000002,1000,50,0
2026-02-02 15:51:40,Myocardial,75,75,0.29327885432394857,1.0000000000000016,1000,50,0
2026-02-02 15:51:43,Myocardial,78,77,0.3313632471357098,1.0000049183583715,1000,50,0
2026-02-02 15:51:45,Myocardial,81,80,0.37059437000103873,1.0000209544317844,1000,50,0
2026-02-02 15:51:48,Myocardial,84,84,0.4035878552802275,1.0,1000,50,0
2026-02-02 15:51:51,Myocardial,87,87,0.4334077040005309,1.0000000000000002,1000,50,0
2026-02-02 15:51:54,Myocardial,90,90,0.48630139162988173,1.0000000000000009,1000,50,0
2026-02-02 15:51:57,Myocardial,93,93,0.5423706927774401,1.0000000000000002,1000,50,0
2026-02-02 15:52:00,Myocardial,96,96,0.5902646397826252,0.9999999999999992,1000,50,0
2026-02-02 15:52:04,Myocardial,99,98,0.6439168445458273,1.000002045846081,1000,50,0
2026-02-02 15:52:07,Myocardial,102,102,0.7107173705699339,1.000000000000001,1000,50,0
2026-02-02 15:52:11,Myocardial,105,102,0.7476525751578621,1.000104265816189,1000,50,0
2026-02-02 15:52:15,Myocardial,108,105,0.8364219442148728,1.0012249176645494,1000,50,0
2026-02-02 15:52:19,Myocardial,111,111,0.8910926598453911,1.0000000000000007,1000,50,0
2026-02-02 15:52:19,Myocardial,25,13,0.04820459076331487,0.983983684875323,260,50,1
2026-02-02 15:52:20,Myocardial,27,14,0.052316343640397445,0.9830428015256902,280,50,1
2026-02-02 15:52:20,Myocardial,30,15,0.05904574605098051,0.9706816110008203,300,50,1
2026-02-02 15:52:21,Myocardial,33,17,0.0664354586240406,0.996137389631787,340,50,1
2026-02-02 15:52:22,Myocardial,36,18,0.0740449941450411,0.9936879904021111,360,50,1
2026-02-02 15:52:23,Myocardial,39,20,0.08259103022771513,0.9931190936887632,400,50,1
2026-02-02 15:52:24,Myocardial,42,32,0.08983602976231769,0.9930946062775448,640,50,1
2026-02-02 15:52:26,Myocardial,45,34,0.10044464920179536,0.9984380346447284,680,50,1
2026-02-02 15:52:27,Myocardial,48,36,0.11244154341456097,0.9918599187154282,720,50,1
2026-02-02 15:52:29,Myocardial,51,39,0.11868500479530625,0.9948349637581807,780,50,1
2026-02-02 15:52:30,Myocardial,54,41,0.12905168298978184,0.9947051705068538,820,50,1
2026-02-02 15:52:32,Myocardial,57,56,0.14287173118056992,0.9998840506701528,1000,50,1
2026-02-02 15:52:33,Myocardial,60,59,0.1633051268197947,1.000063642440089,1000,50,1
2026-02-02 15:52:35,Myocardial,63,60,0.18545453571648549,0.9989005853905992,1000,50,1
2026-02-02 15:52:37,Myocardial,66,64,0.21129698819221937,1.000004608018255,1000,50,1
2026-02-02 15:52:40,Myocardial,69,68,0.23985626919093095,1.0006046580216292,1000,50,1
2026-02-02 15:52:42,Myocardial,72,72,0.268157508485061,1.0000000000000002,1000,50,1
2026-02-02 15:52:44,Myocardial,75,73,0.29828300769686206,1.0005530524179462,1000,50,1
2026-02-02 15:52:47,Myocardial,78,77,0.3313508387716224,1.0001324087998158,1000,50,1
2026-02-02 15:52:50,Myocardial,81,81,0.36618077101902646,1.0000000000000004,1000,50,1
2026-02-02 15:52:52,Myocardial,84,83,0.39686419453836913,1.00000354407269,1000,50,1
2026-02-02 15:52:55,Myocardial,87,87,0.44251799358305033,1.0000000000000004,1000,50,1
2026-02-02 15:52:58,Myocardial,90,85,0.48724033893025337,1.0000716727320578,1000,50,1
2026-02-02 15:53:01,Myocardial,93,88,0.5313036253170845,1.0006580676788575,1000,50,1
2026-02-02 15:53:05,Myocardial,96,96,0.5897624420452224,0.9999999999999996,1000,50,1
2026-02-02 15:53:08,Myocardial,99,99,0.6227282715425242,1.0000000000000004,1000,50,1
2026-02-02 15:53:11,Myocardial,102,101,0.7002039882344554,1.0000035726007854,1000,50,1
2026-02-02 15:53:15,Myocardial,105,105,0.7658204660057798,0.9999999999999996,1000,50,1
2026-02-02 15:53:19,Myocardial,108,108,0.8325696419798762,0.9999999999999987,1000,50,1
2026-02-02 15:53:23,Myocardial,111,108,0.8953954236485718,1.0000985845242418,1000,50,1
2026-02-02 15:53:24,Myocardial,25,13,0.04911602059440464,0.9876936909516104,260,50,2
2026-02-02 15:53:24,Myocardial,27,14,0.053100406783858294,0.9904964488586249,280,50,2
2026-02-02 15:53:25,Myocardial,30,15,0.06041393407716549,0.9934590549412577,300,50,2
2026-02-02 15:53:26,Myocardial,33,17,0.06685121346232425,0.9639858608912825,340,50,2
2026-02-02 15:53:27,Myocardial,36,18,0.07437925609742682,0.9936225596734521,360,50,2
2026-02-02 15:53:28,Myocardial,39,20,0.08345254663866973,0.9954928366420909,400,50,2
2026-02-02 15:53:29,Myocardial,42,21,0.09088539970030621,0.9727347490891319,420,50,2
2026-02-02 15:53:30,Myocardial,45,34,0.10183875530410184,0.9882128027686937,680,50,2
2026-02-02 15:53:31,Myocardial,48,36,0.11252968140308964,0.9943507152541846,720,50,2
2026-02-02 15:53:33,Myocardial,51,39,0.11855679224249288,0.993434427767809,780,50,2
2026-02-02 15:53:34,Myocardial,54,41,0.12882721915137563,0.9983957138358575,820,50,2
2026-02-02 15:53:36,Myocardial,57,57,0.14414522047842546,1.0000000000000002,1000,50,2
2026-02-02 15:53:38,Myocardial,60,60,0.16409572934238795,1.0000000000000007,1000,50,2
2026-02-02 15:53:39,Myocardial,63,63,0.18552107111226135,1.0000000000000007,1000,50,2
2026-02-02 15:53:42,Myocardial,66,65,0.2065345385907493,1.0004071533021726,1000,50,2
2026-02-02 15:53:44,Myocardial,69,69,0.23523240738115428,0.9999999999999992,1000,50,2
2026-02-02 15:53:46,Myocardial,72,72,0.2698494030948307,1.0000000000000002,1000,50,2
2026-02-02 15:53:49,Myocardial,75,75,0.2953142443920273,0.9999999999999997,1000,50,2
2026-02-02 15:53:51,Myocardial,78,78,0.33228910594664646,0.9999999999999998,1000,50,2
2026-02-02 15:53:54,Myocardial,81,80,0.36590360162866836,1.000133037992743,1000,50,2
2026-02-02 15:53:57,Myocardial,84,84,0.4019620242178065,1.0000000000000002,1000,50,2
2026-02-02 15:53:59,Myocardial,87,87,0.4423932429032883,1.0000000000000007,1000,50,2
2026-02-02 15:54:02,Myocardial,90,90,0.4869602014730099,0.999999999999999,1000,50,2
2026-02-02 15:54:06,Myocardial,93,91,0.5278231494103005,1.000003994937461,1000,50,2
2026-02-02 15:54:09,Myocardial,96,93,0.599347029143036,1.0001127177338303,1000,50,2
2026-02-02 15:54:12,Myocardial,99,98,0.6509257739289551,1.000003309774521,1000,50,2
2026-02-02 15:54:16,Myocardial,102,102,0.7084834805919101,1.0,1000,50,2
2026-02-02 15:54:19,Myocardial,105,105,0.7535642541205735,1.0000000000000013,1000,50,2
2026-02-02 15:54:23,Myocardial,108,108,0.8330975997761292,1.0000000000000004,1000,50,2
2026-02-02 15:54:27,Myocardial,111,108,0.8840274872931821,1.0000982050144538,1000,50,2
2026-02-02 15:25:33,Residential,25,13,0.04835183597418167,0.9956749425822101,260,50,0
2026-02-02 15:25:33,Residential,27,14,0.05490387519579678,1.0001057429209788,280,50,0
2026-02-02 15:25:34,Residential,30,15,0.07806648144588699,0.997496723363284,300,50,0
2026-02-02 15:25:35,Residential,33,17,0.06750764025166547,0.9953465692007565,340,50,0
2026-02-02 15:25:36,Residential,35,18,0.0729435694308769,0.996632086725934,360,50,0
2026-02-02 15:25:37,Residential,38,19,0.08003900377849105,0.9950651835473009,380,50,0
2026-02-02 15:25:38,Residential,41,31,0.08843742067707697,1.0001154694513836,620,50,0
2026-02-02 15:25:39,Residential,43,22,0.0948607498322155,0.9993168753952388,440,50,0
2026-02-02 15:25:40,Residential,46,35,0.10427312589880675,0.9999625622024175,700,50,0
2026-02-02 15:25:42,Residential,49,37,0.11280445431176073,1.0000094117846763,740,50,0
2026-02-02 15:25:43,Residential,51,39,0.11999173752088699,0.9999421603532872,780,50,0
2026-02-02 15:25:45,Residential,54,41,0.13096868769658945,0.9999635654309189,820,50,0
2026-02-02 15:25:47,Residential,57,57,0.14443682900250404,0.9999999999456087,1000,50,0
2026-02-02 15:25:48,Residential,59,59,0.15724936645989754,1.0000000005509586,1000,50,0
2026-02-02 15:25:50,Residential,62,61,0.18141950640477922,0.9999998691550456,1000,50,0
2026-02-02 15:25:52,Residential,65,65,0.2022133951537307,1.00000000145698,1000,50,0
2026-02-02 15:25:55,Residential,68,66,0.2278885081184666,0.999999716356156,1000,50,0
2026-02-02 15:25:57,Residential,70,68,0.24550317970679614,0.9999999235496286,1000,50,0
2026-02-02 15:25:59,Residential,73,73,0.27152540436271494,0.9999998768594337,1000,50,0
2026-02-02 15:26:02,Residential,76,75,0.30703443928600016,0.9999996014374812,1000,50,0
2026-02-02 15:26:04,Residential,78,78,0.3267759040827738,0.9999999046237213,1000,50,0
2026-02-02 15:26:07,Residential,81,80,0.36473119851236513,1.0000001176229079,1000,50,0
2026-02-02 15:26:10,Residential,84,83,0.40285598052467964,0.9999991699754561,1000,50,0
2026-02-02 15:26:13,Residential,86,86,0.4268693987581695,1.0000007160570605,1000,50,0
2026-02-02 15:26:16,Residential,89,87,0.47629563668744435,0.999998821354995,1000,50,0
2026-02-02 15:26:19,Residential,92,91,0.5217014671469616,1.000000788684323,1000,50,0
2026-02-02 15:26:22,Residential,94,92,0.5507220025859068,0.999998342635898,1000,50,0
2026-02-02 15:26:25,Residential,97,94,0.6075745286711537,0.9999990145035714,1000,50,0
2026-02-02 15:26:29,Residential,100,100,0.6800932162878623,1.0000000889292167,1000,50,0
2026-02-02 15:26:32,Residential,103,103,0.7185866171795653,0.9999992487161802,1000,50,0
2026-02-02 15:26:33,Residential,25,13,0.048881119428084256,0.9999283630575279,260,50,1
2026-02-02 15:26:33,Residential,27,14,0.052533562909517925,0.9922443315100509,280,50,1
2026-02-02 15:26:34,Residential,30,15,0.06065570413449921,0.9892402703530292,300,50,1
2026-02-02 15:26:35,Residential,33,17,0.06587619393334392,1.0004769006323255,340,50,1
2026-02-02 15:26:36,Residential,35,18,0.07136751349943846,0.9965718858391351,360,50,1
2026-02-02 15:26:37,Residential,38,19,0.07946963302383536,0.9949577487192344,380,50,1
2026-02-02 15:26:38,Residential,41,31,0.08802424804517678,1.0000672842412803,620,50,1
2026-02-02 15:26:39,Residential,43,22,0.09565358382065223,0.9970792950497073,440,50,1
2026-02-02 15:26:40,Residential,46,35,0.10509006802284025,1.0000255888940706,700,50,1
2026-02-02 15:26:42,Residential,49,37,0.11311055598885233,1.0000472084280911,740,50,1
2026-02-02 15:26:43,Residential,51,39,0.11946274400823889,0.9999833445327253,780,50,1
2026-02-02 15:26:45,Residential,54,54,0.13880873774046093,0.9999999999912325,1000,50,1
2026-02-02 15:26:47,Residential,57,57,0.14475709952979407,1.00000000001225,1000,50,1
2026-02-02 15:26:48,Residential,59,56,0.15721213569904857,0.9999986335490781,1000,50,1
2026-02-02 15:26:50,Residential,62,61,0.17846387366075395,0.9999999125167329,1000,50,1
2026-02-02 15:26:52,Residential,65,65,0.20024634042351602,1.0000000001992964,1000,50,1
2026-02-02 15:26:55,Residential,68,67,0.22676226290909215,0.9999998967377619,1000,50,1
2026-02-02 15:26:57,Residential,70,68,0.2436192225157873,0.9999998808948628,1000,50,1
2026-02-02 15:26:59,Residential,73,71,0.2760482148999279,0.9999999462739834,1000,50,1
2026-02-02 15:27:02,Residential,76,74,0.3045529252136111,1.00000014493909,1000,50,1
2026-02-02 15:27:04,Residential,78,77,0.33140936557532263,0.9999988918354056,1000,50,1
2026-02-02 15:27:07,Residential,81,81,0.3688552177810673,1.0000004310457073,1000,50,1
2026-02-02 15:27:10,Residential,84,82,0.4052748764347618,0.9999992457446463,1000,50,1
2026-02-02 15:27:13,Residential,86,86,0.4281446556937147,1.0000007582778354,1000,50,1
2026-02-02 15:27:16,Residential,89,89,0.4701742093444818,1.0000012725820413,1000,50,1
2026-02-02 15:27:19,Residential,92,92,0.5300091260673669,0.9999996393688039,1000,50,1
2026-02-02 15:27:22,Residential,94,92,0.5514978220077998,0.9999986975027522,1000,50,1
2026-02-02 15:27:25,Residential,97,97,0.6126115596613355,1.000000050555271,1000,50,1
2026-02-02 15:27:29,Residential,100,100,0.6558467305340275,0.9999998226264575,1000,50,1
2026-02-02 15:27:32,Residential,103,102,0.726315640373615,0.9999994081073769,1000,50,1
2026-02-02 15:27:33,Residential,25,13,0.04892968737855022,0.9976264064909155,260,50,2
2026-02-02 15:27:34,Residential,27,14,0.052130190349869675,0.9969230263520348,280,50,2
2026-02-02 15:27:34,Residential,30,15,0.06078499595190461,0.9990102398500891,300,50,2
2026-02-02 15:27:35,Residential,33,17,0.06620591581342435,0.9967893791904295,340,50,2
2026-02-02 15:27:36,Residential,35,18,0.0711888115664941,0.9973211244773347,360,50,2
2026-02-02 15:27:37,Residential,38,29,0.07931404603034065,0.9999307114113205,580,50,2
2026-02-02 15:27:38,Residential,41,31,0.08780870977206434,1.0000570753921119,620,50,2
2026-02-02 15:27:39,Residential,43,22,0.09313364836197263,0.9996225055822888,440,50,2
2026-02-02 15:27:41,Residential,46,35,0.10299260309735227,0.999897455435196,700,50,2
2026-02-02 15:27:42,Residential,49,37,0.11468392682844528,1.0000182040130217,740,50,2
2026-02-02 15:27:44,Residential,51,39,0.11786897823544909,0.9999496950872602,780,50,2
2026-02-02 15:27:45,Residential,54,27,0.12915077033511904,0.9988619375897827,540,50,2
2026-02-02 15:27:47,Residential,57,57,0.14427964689156098,0.9999999999280308,1000,50,2
2026-02-02 15:27:49,Residential,59,30,0.18446742913692746,0.9996063606120102,600,50,2
2026-02-02 15:27:51,Residential,62,61,0.17899405922328201,0.9999998893616033,1000,50,2
2026-02-02 15:27:53,Residential,65,65,0.20004922581998255,0.9999999961038303,1000,50,2
2026-02-02 15:27:55,Residential,68,68,0.22888615929370415,1.000000000347242,1000,50,2
2026-02-02 15:27:57,Residential,70,69,0.2503167877208068,0.9999999948733119,1000,50,2
2026-02-02 15:28:00,Residential,73,73,0.27338652278062214,0.9999998548952337,1000,50,2
2026-02-02 15:28:02,Residential,76,75,0.3061565701193482,0.9999997339333084,1000,50,2
2026-02-02 15:28:05,Residential,78,78,0.32954462326261885,1.0000005671931627,1000,50,2
2026-02-02 15:28:08,Residential,81,80,0.36332962730217044,0.9999991331677772,1000,50,2
2026-02-02 15:28:10,Residential,84,84,0.4065054392615124,0.9999998657497958,1000,50,2
2026-02-02 15:28:13,Residential,86,86,0.4185839189736495,0.9999989118399267,1000,50,2
2026-02-02 15:28:16,Residential,89,87,0.4764570765696949,0.9999978413352821,1000,50,2
2026-02-02 15:28:19,Residential,92,92,0.5321795745085304,0.99999939269784,1000,50,2
2026-02-02 15:28:23,Residential,94,94,0.5612505681235924,0.999999390437737,1000,50,2
2026-02-02 15:28:26,Residential,97,96,0.6099149036549365,1.000000857900825,1000,50,2
2026-02-02 15:28:29,Residential,100,100,0.6610901517869917,1.0000008890473981,1000,50,2
2026-02-02 15:28:33,Residential,103,103,0.7136940088525666,0.999999627113975,1000,50,2
2026-02-02 15:28:35,Secom,25,13,0.04943105998106701,0.9589895703573158,260,50,0
2026-02-02 15:28:36,Secom,40,30,0.0861636066456174,1.0046046270423143,600,50,0
2026-02-02 15:28:37,Secom,56,55,0.13961515575922312,1.000000000000021,1000,50,0
2026-02-02 15:28:40,Secom,71,69,0.2535424683504161,0.9999997659710554,1000,50,0
2026-02-02 15:28:42,Secom,87,87,0.4390266620661279,0.9999999895161581,1000,50,0
2026-02-02 15:28:46,Secom,103,102,0.7091337839962271,1.000000000000015,1000,50,0
2026-02-02 15:28:50,Secom,118,102,0.9684251889197352,1.0001479308371646,1000,50,0
2026-02-02 15:28:53,Secom,134,92,1.0436792661685903,0.997730374044734,1000,50,0
2026-02-02 15:28:56,Secom,149,84,1.0233014365451782,0.9976664472956788,1000,50,0
2026-02-02 15:29:00,Secom,165,77,0.9716209318457371,0.994763344552982,1000,50,0
2026-02-02 15:29:05,Secom,181,76,1.0206082363525872,0.9930325740005762,1000,50,0
2026-02-02 15:29:07,Secom,196,73,1.0075446806973865,0.9932360242839514,1000,50,0
2026-02-02 15:29:13,Secom,212,72,1.0148497365975366,0.9992802701695165,1000,50,0
2026-02-02 15:29:17,Secom,228,71,0.997632040197382,0.9869225696269356,1000,50,0
2026-02-02 15:29:26,Secom,243,72,1.043346670261526,0.9831426905998898,1000,50,0
2026-02-02 15:29:35,Secom,259,69,0.9618337425711542,0.9909354090615109,1000,50,0
2026-02-02 15:29:47,Secom,274,70,0.9954311234805239,0.9890361120463903,1000,50,0
2026-02-02 15:29:58,Secom,290,69,0.9630298980378561,0.9865838500403671,1000,50,0
2026-02-02 15:30:09,Secom,306,71,1.004237756863056,0.9885089696412958,1000,50,0
2026-02-02 15:30:19,Secom,321,70,0.9521120631567824,0.9782294471232555,1000,50,0
2026-02-02 15:30:32,Secom,337,73,1.038213866039953,0.9920088358042995,1000,50,0
2026-02-02 15:30:48,Secom,353,71,0.9599306912618298,0.9875551205705243,1000,50,0
2026-02-02 15:31:02,Secom,368,69,0.9847010367952438,0.9818134396255771,1000,50,0
2026-02-02 15:31:17,Secom,384,72,1.0166270714735668,0.978109661271905,1000,50,0
2026-02-02 15:31:35,Secom,399,75,1.031236029592028,0.9800722598534186,1000,50,0
2026-02-02 15:32:00,Secom,415,71,0.985559230203368,0.9835259531998235,1000,50,0
2026-02-02 15:32:28,Secom,431,74,0.9626326373633043,0.9738455064750641,1000,50,0
2026-02-02 15:32:58,Secom,446,76,1.0432176491494891,0.9778672615950367,1000,50,0
2026-02-02 15:33:35,Secom,462,74,0.9672880584607171,0.9750834878817028,1000,50,0
2026-02-02 15:34:09,Secom,478,74,0.9533458674983651,0.9738154923539978,1000,50,0
2026-02-02 15:34:10,Secom,25,13,0.04891464840750789,0.9897239289419386,260,50,1
2026-02-02 15:34:11,Secom,40,30,0.08643135082461773,1.0014822428817416,600,50,1
2026-02-02 15:34:12,Secom,56,42,0.1396630095514854,0.9995578017389943,840,50,1
2026-02-02 15:34:14,Secom,71,69,0.2582024768126321,0.999983327862376,1000,50,1
2026-02-02 15:34:17,Secom,87,87,0.4424216998168294,1.0000000010075103,1000,50,1
2026-02-02 15:34:21,Secom,103,103,0.7208266990051594,0.999999999999497,1000,50,1
2026-02-02 15:34:23,Secom,118,104,0.964400659503227,0.9999947601251975,1000,50,1
2026-02-02 15:34:26,Secom,134,88,0.986184921141989,0.999637488869291,1000,50,1
2026-02-02 15:34:29,Secom,149,84,1.0358587261114336,0.9966739919433611,1000,50,1
2026-02-02 15:34:33,Secom,165,77,0.9762435868837832,0.9934093953152354,1000,50,1
2026-02-02 15:34:38,Secom,181,76,1.0240409506108241,0.9968278290358566,1000,50,1
2026-02-02 15:34:44,Secom,196,71,0.9558604822176072,0.9909096347427939,1000,50,1
2026-02-02 15:34:49,Secom,212,72,1.0180908498464445,0.9917007924971859,1000,50,1
2026-02-02 15:34:54,Secom,228,71,1.0188841038149319,0.9883711118177974,1000,50,1
2026-02-02 15:35:01,Secom,243,68,0.9891814861161199,0.9843011941908474,1000,50,1
2026-02-02 15:35:11,Secom,259,69,0.9520668877686073,0.9867553614565373,1000,50,1
2026-02-02 15:35:23,Secom,274,70,0.9880244988130769,0.9876890192848162,1000,50,1
2026-02-02 15:35:34,Secom,290,69,0.9669742042854171,0.9809408053261185,1000,50,1
2026-02-02 15:35:45,Secom,306,71,1.011348623938213,0.9865574017417514,1000,50,1
2026-02-02 15:35:56,Secom,321,70,0.9632592111242062,0.9849548987626876,1000,50,1
2026-02-02 15:36:08,Secom,337,73,1.0241191819465982,0.991026331271138,1000,50,1
2026-02-02 15:36:24,Secom,353,71,0.955133893914083,0.9876233046586164,1000,50,1
2026-02-02 15:36:38,Secom,368,69,0.9794033481951471,0.9865245517373499,1000,50,1
2026-02-02 15:36:53,Secom,384,72,1.0235448638118863,0.982796629871646,1000,50,1
2026-02-02 15:37:11,Secom,399,75,1.0444667098852718,0.9778679777230377,1000,50,1
2026-02-02 15:37:38,Secom,415,74,1.0069927243828156,0.9812212632039045,1000,50,1
2026-02-02 15:38:06,Secom,431,74,0.9713955418487629,0.985167094243337,1000,50,1
2026-02-02 15:38:36,Secom,446,76,1.0337515379067301,0.9839952968132479,1000,50,1
2026-02-02 15:39:10,Secom,462,78,1.044774259359224,0.9759840926437215,1000,50,1
2026-02-02 15:39:45,Secom,478,74,0.9674170891291658,0.9820470324120398,1000,50,1
2026-02-02 15:39:46,Secom,25,24,0.04661573596879484,1.000062182753147,480,50,2
2026-02-02 15:39:47,Secom,40,30,0.0868834430346503,0.987643943550088,600,50,2
2026-02-02 15:39:48,Secom,56,42,0.14289166843790088,0.9943763077344272,840,50,2
2026-02-02 15:39:51,Secom,71,71,0.26135541066571444,0.9999999857463158,1000,50,2
2026-02-02 15:39:53,Secom,87,87,0.4407306074143436,1.0000000003289562,1000,50,2
2026-02-02 15:39:57,Secom,103,103,0.7671574272084224,0.999999999999905,1000,50,2
2026-02-02 15:39:59,Secom,118,104,1.00791713152371,1.0000930299371282,1000,50,2
2026-02-02 15:40:01,Secom,134,84,1.0350367515351633,0.9964186242667027,1000,50,2
2026-02-02 15:40:04,Secom,149,84,1.0258983594145488,0.9982841920034133,1000,50,2
2026-02-02 15:40:08,Secom,165,77,0.9920171643890627,0.9906363879577549,1000,50,2
2026-02-02 15:40:13,Secom,181,76,1.0168590161164457,0.9901183746177231,1000,50,2
2026-02-02 15:40:16,Secom,196,73,1.0189677452236874,0.9934495680055687,1000,50,2
2026-02-02 15:40:20,Secom,212,66,1.0138909069630087,0.9765841231225068,1000,50,2
2026-02-02 15:40:25,Secom,228,71,0.9949545326009571,0.9929730163327294,1000,50,2
2026-02-02 15:40:34,Secom,243,72,1.0333768316383871,0.9870448670724471,1000,50,2
2026-02-02 15:40:44,Secom,259,71,1.0248228392388237,0.9875008354054782,1000,50,2
2026-02-02 15:40:58,Secom,274,72,1.051919717445096,0.9861278080870052,1000,50,2
2026-02-02 15:41:03,Secom,290,72,1.0497806430064955,0.9860328530899868,1000,50,2
2026-02-02 15:41:14,Secom,306,71,0.9881346043459532,0.9884290660497674,1000,50,2
2026-02-02 15:41:30,Secom,321,71,0.9512510660809086,0.9830549013786397,1000,50,2
2026-02-02 15:41:48,Secom,337,73,0.9487518368721082,0.9864668470846156,1000,50,2
2026-02-02 15:42:05,Secom,353,71,0.9720344460482503,0.9893422100557732,1000,50,2
2026-02-02 15:42:19,Secom,368,69,1.016507157124941,0.9809289077045802,1000,50,2
2026-02-02 15:42:35,Secom,384,72,0.995938007544402,0.9776854609458379,1000,50,2
2026-02-02 15:42:53,Secom,399,75,1.0440749192639711,0.9834175861158039,1000,50,2
2026-02-02 15:43:20,Secom,415,74,0.9965325560126351,0.9846262937386407,1000,50,2
2026-02-02 15:43:54,Secom,431,75,0.9904424281141467,0.9788218626393438,1000,50,2
2026-02-02 15:44:24,Secom,446,76,1.0347864780859428,0.9803019073259914,1000,50,2
2026-02-02 15:45:01,Secom,462,74,0.9657614479756951,0.9759917071031862,1000,50,2
2026-02-02 15:45:42,Secom,478,77,1.0208432126786948,0.9800646040164794,1000,50,2
2026-02-02 16:42:40,Synthetic_high_corr,25,13,0.047992384578772015,0.9998242761963688,260,50,0
2026-02-02 16:42:41,Synthetic_high_corr,41,31,0.08731632395754534,0.9999354620535934,620,50,0
2026-02-02 16:42:43,Synthetic_high_corr,57,56,0.14286202991341423,0.9999939137587998,1000,50,0
2026-02-02 16:42:45,Synthetic_high_corr,74,72,0.27733745619459904,1.0000027892601346,1000,50,0
2026-02-02 16:42:48,Synthetic_high_corr,90,89,0.46756974223384634,1.00000423889178,1000,50,0
2026-02-02 16:42:52,Synthetic_high_corr,106,106,0.7389894266723617,1.0000000000000036,1000,50,0
2026-02-02 16:42:55,Synthetic_high_corr,123,100,0.9621071740794499,1.0000159178111194,1000,50,0
2026-02-02 16:42:57,Synthetic_high_corr,139,87,0.9577982207870817,0.9999599524002251,1000,50,0
2026-02-02 16:43:01,Synthetic_high_corr,156,82,1.0041162443654712,0.999928157118608,1000,50,0
2026-02-02 16:43:05,Synthetic_high_corr,172,80,1.0358226018109695,0.9999098440649354,1000,50,0
2026-02-02 16:43:09,Synthetic_high_corr,188,76,1.023259609623261,0.9998628860489935,1000,50,0
2026-02-02 16:43:15,Synthetic_high_corr,205,73,0.9616599149472986,0.9997753944949991,1000,50,0
2026-02-02 16:43:22,Synthetic_high_corr,221,72,0.97260248270065,0.9997427057344203,1000,50,0
2026-02-02 16:43:27,Synthetic_high_corr,237,74,1.0471964699609633,0.999842627985577,1000,50,0
2026-02-02 16:43:35,Synthetic_high_corr,254,71,0.9779982086258171,0.9996700878584742,1000,50,0
2026-02-02 16:43:44,Synthetic_high_corr,270,71,0.9975647150847724,0.9997146943213419,1000,50,0
2026-02-02 16:43:49,Synthetic_high_corr,287,72,1.030658765625139,0.9996619713364574,1000,50,0
2026-02-02 16:44:00,Synthetic_high_corr,303,71,0.978491201242124,0.9995803692996826,1000,50,0
2026-02-02 16:44:14,Synthetic_high_corr,319,72,1.005292481146622,0.999750593262443,1000,50,0
2026-02-02 16:44:28,Synthetic_high_corr,336,70,0.9960864662260909,0.9996429697365645,1000,50,0
2026-02-02 16:44:43,Synthetic_high_corr,352,71,1.0317248120805698,0.9996432653993944,1000,50,0
2026-02-02 16:45:02,Synthetic_high_corr,368,71,0.9940152127882901,0.999764667818773,1000,50,0
2026-02-02 16:45:25,Synthetic_high_corr,385,75,1.0082862189051571,0.9995425900036062,1000,50,0
2026-02-02 16:45:42,Synthetic_high_corr,401,75,0.9821426378842054,0.9995759711513105,1000,50,0
2026-02-02 16:46:11,Synthetic_high_corr,418,76,0.9928024470810034,0.9996061207020297,1000,50,0
2026-02-02 16:46:41,Synthetic_high_corr,434,77,1.0060567972885168,0.9995203593135169,1000,50,0
2026-02-02 16:47:11,Synthetic_high_corr,450,77,1.0075305304846334,0.999529260357899,1000,50,0
2026-02-02 16:47:46,Synthetic_high_corr,467,79,1.0243347091209605,0.9996294485172568,1000,50,0
2026-02-02 16:48:26,Synthetic_high_corr,483,78,0.9762569532861591,0.9995382541810723,1000,50,0
2026-02-02 16:49:05,Synthetic_high_corr,500,77,0.9708149681361905,0.9994510747057312,1000,50,0
2026-02-02 16:49:05,Synthetic_high_corr,25,13,0.048426103499002594,0.9996542288676865,260,50,1
2026-02-02 16:49:06,Synthetic_high_corr,41,21,0.0862022314536281,0.9998507441076361,420,50,1
2026-02-02 16:49:08,Synthetic_high_corr,57,56,0.13845869057777657,1.000009948170412,1000,50,1
2026-02-02 16:49:11,Synthetic_high_corr,74,73,0.27311704739056947,1.0000000000000235,1000,50,1
2026-02-02 16:49:13,Synthetic_high_corr,90,90,0.4637547720281892,0.9999999999999851,1000,50,1
2026-02-02 16:49:17,Synthetic_high_corr,106,106,0.7330808533692719,0.9999999999999982,1000,50,1
2026-02-02 16:49:20,Synthetic_high_corr,123,100,0.9729684266008009,0.999991144953906,1000,50,1
2026-02-02 16:49:22,Synthetic_high_corr,139,87,0.9514539861554315,0.9999636872295143,1000,50,1
2026-02-02 16:49:26,Synthetic_high_corr,156,82,0.9938240761220817,0.9998658611884429,1000,50,1
2026-02-02 16:49:30,Synthetic_high_corr,172,80,1.0418060896250831,0.9998497399928814,1000,50,1
2026-02-02 16:49:34,Synthetic_high_corr,188,76,1.0050662426785917,0.9998246373200247,1000,50,1
2026-02-02 16:49:40,Synthetic_high_corr,205,73,0.9638306382492429,0.999835318526455,1000,50,1
2026-02-02 16:49:47,Synthetic_high_corr,221,72,0.9736100489887731,0.999806830254434,1000,50,1
2026-02-02 16:49:52,Synthetic_high_corr,237,74,1.0466266573695129,0.9997562437055395,1000,50,1
2026-02-02 16:49:59,Synthetic_high_corr,254,71,0.9759184953770838,0.9997575561559795,1000,50,1
2026-02-02 16:50:09,Synthetic_high_corr,270,71,0.9843089329292368,0.9997034274728112,1000,50,1
2026-02-02 16:50:14,Synthetic_high_corr,287,72,1.0168039963961804,0.9997188285761626,1000,50,1
2026-02-02 16:50:25,Synthetic_high_corr,303,71,0.9697729016891623,0.9996639996889832,1000,50,1
2026-02-02 16:50:35,Synthetic_high_corr,319,70,0.9505701385660584,0.9997075729468333,1000,50,1
2026-02-02 16:50:50,Synthetic_high_corr,336,70,1.0034015546389399,0.9996941401111434,1000,50,1
2026-02-02 16:51:05,Synthetic_high_corr,352,71,1.0198836114755243,0.9997360278421054,1000,50,1
2026-02-02 16:51:24,Synthetic_high_corr,368,71,0.9981662266199246,0.999593088490869,1000,50,1
2026-02-02 16:51:46,Synthetic_high_corr,385,75,1.0072472389424247,0.9996454970228015,1000,50,1
2026-02-02 16:52:04,Synthetic_high_corr,401,75,0.9814992522130764,0.9997208711761495,1000,50,1
2026-02-02 16:52:24,Synthetic_high_corr,418,78,1.0460269521041496,0.9995896559124129,1000,50,1
2026-02-02 16:52:54,Synthetic_high_corr,434,77,1.0048515242780631,0.9995810987263475,1000,50,1
2026-02-02 16:55:51,Synthetic_high_corr,450,225,0.8199987392262292,0.9999237281909344,1000,50,1
2026-02-02 16:56:25,Synthetic_high_corr,467,79,1.026184063183373,0.9996211529756713,1000,50,1
2026-02-02 16:57:06,Synthetic_high_corr,483,78,0.9808758810858519,0.9996086069095382,1000,50,1
2026-02-02 16:57:45,Synthetic_high_corr,500,77,0.956166898693065,0.9994599184100804,1000,50,1
2026-02-02 16:57:45,Synthetic_high_corr,25,13,0.048382989559460146,0.999790406586446,260,50,2
2026-02-02 16:57:46,Synthetic_high_corr,41,21,0.08683494558645707,0.9998379531307487,420,50,2
2026-02-02 16:57:48,Synthetic_high_corr,57,54,0.13945828534050025,1.0000097032292274,1000,50,2
2026-02-02 16:57:50,Synthetic_high_corr,74,72,0.2754965546231358,0.9999995350160502,1000,50,2
2026-02-02 16:57:53,Synthetic_high_corr,90,90,0.4635173955177348,1.0000000000000142,1000,50,2
2026-02-02 16:57:57,Synthetic_high_corr,106,106,0.7332322943061991,1.0000000000000016,1000,50,2
2026-02-02 16:57:59,Synthetic_high_corr,123,108,1.0340884852118026,1.0000271154020377,1000,50,2
2026-02-02 16:58:03,Synthetic_high_corr,139,91,1.0159824217237552,0.9999874641529858,1000,50,2
2026-02-02 16:58:07,Synthetic_high_corr,156,82,0.9900414830529853,0.9999275181070125,1000,50,2
2026-02-02 16:58:11,Synthetic_high_corr,172,80,1.03515072413248,0.9999096495843993,1000,50,2
2026-02-02 16:58:15,Synthetic_high_corr,188,76,1.0187847433500643,0.9998486454406933,1000,50,2
2026-02-02 16:58:21,Synthetic_high_corr,205,73,0.9618249830556312,0.9997768998592708,1000,50,2
2026-02-02 16:58:27,Synthetic_high_corr,221,72,0.9873504790501197,0.9997462382892086,1000,50,2
2026-02-02 16:58:36,Synthetic_high_corr,237,72,0.9839356220084728,0.999731391629248,1000,50,2
2026-02-02 16:58:43,Synthetic_high_corr,254,71,0.9799773718423435,0.999762262677639,1000,50,2
2026-02-02 17:15:25,Synthetic_high_corr,270,66,0.8817481061842626,0.9996826157894475,1000,50,2
2026-02-02 17:15:31,Synthetic_high_corr,287,72,1.022757184706345,0.9997886654027851,1000,50,2
2026-02-02 17:28:57,Synthetic_high_corr,303,76,1.0517232340584168,0.9996964024403354,1000,50,2
2026-02-02 17:52:58,Synthetic_high_corr,319,240,1.8227153887407561,0.9999759958527284,1000,50,2
2026-02-02 18:11:09,Synthetic_high_corr,336,89,1.4726880459193468,0.9997911965304166,1000,50,2
2026-02-02 18:50:28,Synthetic_high_corr,352,71,0.839895555009871,0.9996951224577723,1000,50,2
2026-02-02 19:40:20,Synthetic_high_corr,368,44,0.5158126136622248,0.9993554769416155,880,50,2
2026-02-02 20:15:10,Synthetic_high_corr,385,66,0.8194976292417493,0.9994501139446431,1000,50,2
2026-02-02 20:21:28,Synthetic_high_corr,401,71,0.9853714748359466,0.9995772005773406,1000,50,2
2026-02-02 20:21:57,Synthetic_high_corr,418,76,0.9965568834543184,0.99955348308814,1000,50,2
2026-02-02 20:22:27,Synthetic_high_corr,434,77,1.0087130298595781,0.9995547843733468,1000,50,2
2026-02-02 20:22:58,Synthetic_high_corr,450,77,1.0066422219246494,0.9996115006183729,1000,50,2
2026-02-02 20:23:32,Synthetic_high_corr,467,79,1.0240893181539532,0.9995435865240492,1000,50,2
2026-02-02 20:24:13,Synthetic_high_corr,483,78,0.9829256697842381,0.999414629871474,1000,50,2
2026-02-02 20:24:51,Synthetic_high_corr,500,77,0.9745571035307508,0.9994629693807091,1000,50,2
