Timestamp,Dataset,p,Experiment,k,Steps,Samples,Alpha,Greedy_Obj,FW_Obj,Ratio,Greedy_Time_s,FW_Time_s,Speedup_x,Status
2026-04-12 16:52:26,Synthetic_high_corr,500,compare_k5_a0.2_m500_block_1,5,1000,500,0.2000,123.7563,50.2920,0.4064,0.0269,5.5645,0.0048,DONE
2026-04-12 16:52:33,Synthetic_high_corr,500,compare_k50_a0.2_m500_block_1,50,1000,500,0.2000,492.6927,491.9687,0.9985,0.6671,5.5643,0.1199,DONE
2026-04-12 16:52:47,Synthetic_high_corr,500,compare_k100_a0.2_m500_block_1,100,2000,500,0.2000,494.5996,493.7295,0.9982,2.8544,11.4102,0.2502,DONE
2026-04-12 16:53:11,Synthetic_high_corr,500,compare_k150_a0.2_m500_block_1,150,3000,500,0.2000,495.6491,495.2970,0.9993,7.0188,16.8704,0.4160,DONE
2026-04-12 16:54:01,Synthetic_high_corr,500,compare_k250_a0.2_m500_block_1,250,5000,500,0.2000,497.2115,497.0580,0.9997,22.5367,27.9522,0.8063,DONE
2026-04-12 16:54:10,Mnist,639,compare_k6_a0.2_m500_block_1,6,1000,500,0.2000,91.0807,66.8256,0.7337,0.0416,7.7486,0.0054,DONE
2026-04-12 17:03:45,Mnist,639,compare_k63_a0.2_m500_block_1,63,1260,500,0.2000,367.5541,361.9439,0.9847,1.4024,573.0476,0.0024,DONE
2026-04-12 17:12:31,Mnist,639,compare_k127_a0.2_m500_block_1,127,2540,500,0.2000,489.0256,485.0443,0.9919,9.3841,517.0334,0.0181,DONE
2026-04-12 17:14:40,Mnist,639,compare_k191_a0.2_m500_block_1,191,3820,500,0.2000,553.2089,553.0043,0.9996,47.1246,81.3984,0.5789,DONE
2026-04-12 17:23:16,Mnist,639,compare_k319_a0.2_m500_block_1,319,6380,500,0.2000,608.1041,609.5361,1.0024,466.9244,49.4777,9.4371,DONE
2026-04-12 17:23:22,Madelon,500,compare_k5_a0.2_m500_block_1,5,1000,500,0.2000,20.5391,20.1488,0.9810,0.0277,5.5827,0.0050,DONE
2026-04-12 17:23:28,Madelon,500,compare_k50_a0.2_m500_block_1,50,1000,500,0.2000,73.8241,73.3167,0.9931,0.6658,5.5055,0.1209,DONE
2026-04-12 17:23:42,Madelon,500,compare_k100_a0.2_m500_block_1,100,2000,500,0.2000,130.7953,130.1042,0.9947,2.8221,11.3388,0.2489,DONE
2026-04-12 17:24:06,Madelon,500,compare_k150_a0.2_m500_block_1,150,3000,500,0.2000,185.5655,184.8549,0.9962,7.0462,16.7499,0.4207,DONE
2026-04-12 17:24:56,Madelon,500,compare_k250_a0.2_m500_block_1,250,5000,500,0.2000,288.8704,288.3572,0.9982,22.5577,27.8856,0.8089,DONE
2026-04-12 17:25:02,Synthetic_toeplitz,500,compare_k5_a0.2_m500_block_1,5,1000,500,0.2000,54.0752,52.1830,0.9650,0.0270,5.6005,0.0048,DONE
2026-04-12 17:25:08,Synthetic_toeplitz,500,compare_k50_a0.2_m500_block_1,50,1000,500,0.2000,343.0381,341.5804,0.9958,0.6686,5.5761,0.1199,DONE
2026-04-12 17:25:23,Synthetic_toeplitz,500,compare_k100_a0.2_m500_block_1,100,2000,500,0.2000,423.4752,422.5569,0.9978,2.9722,11.8914,0.2499,DONE
2026-04-12 17:25:47,Synthetic_toeplitz,500,compare_k150_a0.2_m500_block_1,150,3000,500,0.2000,452.8195,452.8983,1.0002,7.1019,16.9967,0.4178,DONE
2026-04-12 17:26:40,Synthetic_toeplitz,500,compare_k250_a0.2_m500_block_1,250,5000,500,0.2000,478.1517,479.6208,1.0031,22.7467,29.4010,0.7737,DONE
2026-04-12 17:26:42,Residential,103,compare_k1_a0.2_m500_block_1,1,1000,500,0.2000,67.5649,67.5649,1.0000,0.0011,2.3864,0.0005,DONE
2026-04-12 17:26:44,Residential,103,compare_k10_a0.2_m500_block_1,10,1000,500,0.2000,94.3341,88.9608,0.9430,0.0115,2.3371,0.0049,DONE
2026-04-12 17:26:47,Residential,103,compare_k20_a0.2_m500_block_1,20,1000,500,0.2000,100.0077,98.9989,0.9899,0.0271,2.3646,0.0115,DONE
2026-04-12 17:26:49,Residential,103,compare_k30_a0.2_m500_block_1,30,1000,500,0.2000,101.9689,101.4553,0.9950,0.0658,2.3672,0.0278,DONE
2026-04-12 17:26:52,Residential,103,compare_k51_a0.2_m500_block_1,51,1020,500,0.2000,102.9037,102.7937,0.9989,0.1058,2.4301,0.0435,DONE
2026-04-12 17:26:57,Secom,478,compare_k4_a0.2_m500_block_1,4,1000,500,0.2000,61.8287,44.3819,0.7178,0.0208,5.4007,0.0038,DONE
2026-04-12 17:27:03,Secom,478,compare_k47_a0.2_m500_block_1,47,1000,500,0.2000,264.4359,262.1790,0.9915,0.5711,5.3929,0.1059,DONE
2026-04-12 17:27:16,Secom,478,compare_k95_a0.2_m500_block_1,95,1900,500,0.2000,375.7530,369.5012,0.9834,2.3809,10.2205,0.2330,DONE
2026-04-12 17:27:38,Secom,478,compare_k143_a0.2_m500_block_1,143,2860,500,0.2000,429.4074,426.2902,0.9927,6.0222,16.3337,0.3687,DONE
2026-04-12 17:28:24,Secom,478,compare_k239_a0.2_m500_block_1,239,4780,500,0.2000,473.2312,472.6604,0.9988,19.3750,26.3682,0.7348,DONE
2026-04-12 17:28:27,Arrhythmia,262,compare_k2_a0.2_m500_block_1,2,1000,500,0.2000,32.4524,28.5764,0.8806,0.0058,3.3193,0.0018,DONE
2026-04-12 17:28:31,Arrhythmia,262,compare_k26_a0.2_m500_block_1,26,1000,500,0.2000,141.5791,137.4287,0.9707,0.1100,3.3552,0.0328,DONE
2026-04-12 17:28:35,Arrhythmia,262,compare_k52_a0.2_m500_block_1,52,1040,500,0.2000,188.6110,183.4779,0.9728,0.3481,3.6486,0.0954,DONE
2026-04-12 17:28:41,Arrhythmia,262,compare_k78_a0.2_m500_block_1,78,1560,500,0.2000,217.1170,215.1006,0.9907,0.8087,5.7459,0.1407,DONE
2026-04-12 17:28:52,Arrhythmia,262,compare_k131_a0.2_m500_block_1,131,2620,500,0.2000,249.8098,249.0387,0.9969,2.2836,8.6884,0.2628,DONE
2026-05-24 23:08:28,Synthetic_high_corr,500,compare_k5_a0.2_m500_block_1,5,1000,500,0.2000,123.4715,74.5809,0.6040,0.0271,6.0949,0.0044,DONE
2026-05-24 23:08:35,Synthetic_high_corr,500,compare_k50_a0.2_m500_block_1,50,1000,500,0.2000,492.6513,491.2281,0.9971,0.7346,5.8088,0.1265,DONE
2026-05-24 23:08:51,Synthetic_high_corr,500,compare_k100_a0.2_m500_block_1,100,2000,500,0.2000,494.5746,493.6110,0.9981,2.8451,12.9423,0.2198,DONE
2026-05-24 23:09:18,Synthetic_high_corr,500,compare_k150_a0.2_m500_block_1,150,3000,500,0.2000,495.6301,495.3331,0.9994,7.3058,20.0758,0.3639,DONE
2026-05-24 23:10:12,Synthetic_high_corr,500,compare_k250_a0.2_m500_block_1,250,5000,500,0.2000,497.2017,497.0976,0.9998,23.9462,29.5332,0.8108,DONE
2026-05-24 23:10:22,Mnist,639,compare_k6_a0.2_m500_block_1,6,1000,500,0.2000,91.0807,82.6512,0.9075,0.0468,8.4749,0.0055,DONE
2026-05-24 23:10:34,Mnist,639,compare_k63_a0.2_m500_block_1,63,1260,500,0.2000,367.5541,359.5953,0.9783,1.3579,10.3585,0.1311,DONE
2026-05-24 23:11:02,Mnist,639,compare_k127_a0.2_m500_block_1,127,2540,500,0.2000,489.0256,487.0246,0.9959,6.7195,21.5765,0.3114,DONE
2026-05-24 23:11:51,Mnist,639,compare_k191_a0.2_m500_block_1,191,3820,500,0.2000,553.2089,552.8045,0.9993,17.5130,31.8897,0.5492,DONE
2026-05-24 23:13:42,Mnist,639,compare_k319_a0.2_m500_block_1,319,6380,500,0.2000,608.1041,609.2203,1.0018,59.0539,51.2481,1.1523,DONE
2026-05-24 23:13:48,Madelon,500,compare_k5_a0.2_m500_block_1,5,1000,500,0.2000,20.5391,20.2667,0.9867,0.0318,6.1245,0.0052,DONE
2026-05-24 23:13:55,Madelon,500,compare_k50_a0.2_m500_block_1,50,1000,500,0.2000,73.8241,73.3782,0.9940,0.7158,5.9478,0.1204,DONE
2026-05-24 23:14:10,Madelon,500,compare_k100_a0.2_m500_block_1,100,2000,500,0.2000,130.7953,130.0871,0.9946,2.8423,12.9640,0.2192,DONE
2026-05-24 23:14:36,Madelon,500,compare_k150_a0.2_m500_block_1,150,3000,500,0.2000,185.5655,184.8365,0.9961,7.4775,18.5176,0.4038,DONE
2026-05-24 23:15:28,Madelon,500,compare_k250_a0.2_m500_block_1,250,5000,500,0.2000,288.8704,288.4974,0.9987,22.4255,29.2008,0.7680,DONE
2026-05-24 23:15:34,Synthetic_toeplitz,500,compare_k5_a0.2_m500_block_1,5,1000,500,0.2000,52.9717,51.2369,0.9672,0.0266,6.0281,0.0044,DONE
2026-05-24 23:15:41,Synthetic_toeplitz,500,compare_k50_a0.2_m500_block_1,50,1000,500,0.2000,341.9043,338.8656,0.9911,0.7142,5.9721,0.1196,DONE
2026-05-24 23:15:56,Synthetic_toeplitz,500,compare_k100_a0.2_m500_block_1,100,2000,500,0.2000,422.1772,421.2462,0.9978,2.9168,12.2206,0.2387,DONE
2026-05-24 23:16:22,Synthetic_toeplitz,500,compare_k150_a0.2_m500_block_1,150,3000,500,0.2000,452.2310,452.0326,0.9996,7.3492,18.3761,0.3999,DONE
2026-05-24 23:17:20,Synthetic_toeplitz,500,compare_k250_a0.2_m500_block_1,250,5000,500,0.2000,478.4261,479.6204,1.0025,24.5083,33.6428,0.7285,DONE
