Timestamp,Dataset,p,Final_Critical_k,Speedup_At_k,Ratio
2026-04-12 17:28:56,Synthetic_high_corr,25,13,0.0633,0.9999
2026-04-12 17:28:57,Synthetic_high_corr,32,24,0.1047,1.0000
2026-04-12 17:28:58,Synthetic_high_corr,40,20,0.0866,0.9998
2026-04-12 17:29:00,Synthetic_high_corr,48,36,0.1123,1.0000
2026-04-12 17:29:01,Synthetic_high_corr,56,42,0.1398,0.9999
2026-04-12 17:29:03,Synthetic_high_corr,63,63,0.1961,1.0000
2026-04-12 17:29:05,Synthetic_high_corr,71,71,0.2584,1.0000
2026-04-12 17:29:08,Synthetic_high_corr,79,79,0.3439,1.0000
2026-04-12 17:29:11,Synthetic_high_corr,87,86,0.4372,1.0000
2026-04-12 17:29:14,Synthetic_high_corr,94,92,0.5503,1.0000
2026-04-12 17:29:18,Synthetic_high_corr,102,102,0.6895,1.0000
2026-04-12 17:29:22,Synthetic_high_corr,110,110,0.8681,1.0000
2026-04-12 17:29:25,Synthetic_high_corr,118,100,0.9513,1.0000
2026-04-12 17:29:28,Synthetic_high_corr,125,98,1.0476,1.0000
2026-04-12 17:29:32,Synthetic_high_corr,133,87,0.9737,1.0000
2026-04-12 17:29:34,Synthetic_high_corr,141,88,1.0392,0.9999
2026-04-12 17:29:37,Synthetic_high_corr,149,84,1.0321,0.9999
2026-04-12 17:29:43,Synthetic_high_corr,156,80,1.0287,1.0000
2026-04-12 17:29:44,Synthetic_high_corr,164,82,1.0450,0.9999
2026-04-12 17:29:47,Synthetic_high_corr,172,75,1.0077,0.9998
2026-04-12 17:29:52,Synthetic_high_corr,180,75,1.0135,0.9999
2026-04-12 17:29:56,Synthetic_high_corr,187,76,1.0407,0.9998
2026-04-12 17:29:59,Synthetic_high_corr,195,73,0.9970,0.9998
2026-04-12 17:30:05,Synthetic_high_corr,203,72,0.9807,0.9999
2026-04-12 17:30:10,Synthetic_high_corr,211,72,1.0063,0.9998
2026-04-12 17:30:16,Synthetic_high_corr,218,70,0.9775,0.9998
2026-04-12 17:30:21,Synthetic_high_corr,226,70,0.9815,0.9997
2026-04-12 17:30:30,Synthetic_high_corr,234,70,0.9682,0.9997
2026-04-12 17:30:38,Synthetic_high_corr,242,71,0.9883,0.9997
2026-04-12 17:30:45,Synthetic_high_corr,250,69,0.9591,0.9997
2026-04-12 17:30:46,Synthetic_high_corr,25,13,0.0503,0.9997
2026-04-12 17:30:46,Synthetic_high_corr,32,16,0.0652,0.9996
2026-04-12 17:30:47,Synthetic_high_corr,40,20,0.0869,0.9998
2026-04-12 17:30:49,Synthetic_high_corr,48,36,0.1139,1.0000
2026-04-12 17:30:50,Synthetic_high_corr,56,42,0.1417,0.9999
2026-04-12 17:30:52,Synthetic_high_corr,63,63,0.1925,1.0000
2026-04-12 17:30:55,Synthetic_high_corr,71,70,0.2581,1.0000
2026-04-12 17:30:57,Synthetic_high_corr,79,79,0.3464,1.0000
2026-04-12 17:31:00,Synthetic_high_corr,87,85,0.4410,1.0000
2026-04-12 17:31:03,Synthetic_high_corr,94,92,0.5537,1.0000
2026-04-12 17:31:07,Synthetic_high_corr,102,102,0.7026,1.0000
2026-04-12 17:31:11,Synthetic_high_corr,110,109,0.8747,1.0000
2026-04-12 17:31:12,Synthetic_high_corr,118,104,0.9728,1.0000
2026-04-12 17:31:14,Synthetic_high_corr,125,94,0.9966,1.0000
2026-04-12 17:31:16,Synthetic_high_corr,133,91,1.0217,1.0000
2026-04-12 17:31:19,Synthetic_high_corr,141,88,1.0483,1.0000
2026-04-12 17:31:22,Synthetic_high_corr,149,84,1.0333,0.9999
2026-04-12 17:31:23,Synthetic_high_corr,156,78,0.9674,0.9999
2026-04-12 17:31:26,Synthetic_high_corr,164,76,0.9640,0.9999
2026-04-12 17:31:29,Synthetic_high_corr,172,75,0.9792,0.9999
2026-04-12 17:31:34,Synthetic_high_corr,180,75,0.9923,0.9998
2026-04-12 17:31:39,Synthetic_high_corr,187,73,0.9580,0.9998
2026-04-12 17:31:42,Synthetic_high_corr,195,73,0.9720,0.9998
2026-04-12 17:31:48,Synthetic_high_corr,203,72,0.9899,0.9998
2026-04-12 17:31:53,Synthetic_high_corr,211,72,1.0050,0.9998
2026-04-12 17:32:00,Synthetic_high_corr,218,70,0.9629,0.9998
2026-04-12 17:32:05,Synthetic_high_corr,226,70,0.9712,0.9997
2026-04-12 17:32:10,Synthetic_high_corr,234,72,1.0285,0.9997
2026-04-12 17:32:18,Synthetic_high_corr,242,71,1.0112,0.9998
2026-04-12 17:32:25,Synthetic_high_corr,250,69,0.9609,0.9997
2026-04-12 17:32:26,Synthetic_high_corr,25,13,0.0497,0.9994
2026-04-12 17:32:27,Synthetic_high_corr,32,16,0.0667,0.9998
2026-04-12 17:32:28,Synthetic_high_corr,40,20,0.0878,0.9998
2026-04-12 17:32:29,Synthetic_high_corr,48,36,0.1146,1.0000
2026-04-12 17:32:31,Synthetic_high_corr,56,56,0.1413,1.0000
2026-04-12 17:32:33,Synthetic_high_corr,63,63,0.1907,1.0000
2026-04-12 17:32:35,Synthetic_high_corr,71,71,0.2619,1.0000
2026-04-12 17:32:37,Synthetic_high_corr,79,79,0.3479,1.0000
2026-04-12 17:32:40,Synthetic_high_corr,87,87,0.4411,1.0000
2026-04-12 17:32:43,Synthetic_high_corr,94,93,0.5541,1.0000
2026-04-12 17:32:47,Synthetic_high_corr,102,102,0.6937,1.0000
2026-04-12 17:32:51,Synthetic_high_corr,110,109,0.8685,1.0000
2026-04-12 17:32:53,Synthetic_high_corr,118,104,0.9819,0.9999
2026-04-12 17:32:54,Synthetic_high_corr,125,94,0.9887,1.0000
2026-04-12 17:32:57,Synthetic_high_corr,133,91,1.0180,1.0000
2026-04-12 17:32:59,Synthetic_high_corr,141,88,1.0468,1.0000
2026-04-12 17:33:02,Synthetic_high_corr,149,84,1.0305,1.0000
2026-04-12 17:33:03,Synthetic_high_corr,156,78,0.9662,0.9999
2026-04-12 17:33:07,Synthetic_high_corr,164,76,0.9510,0.9999
2026-04-12 17:33:10,Synthetic_high_corr,172,75,0.9617,0.9998
2026-04-12 17:33:14,Synthetic_high_corr,180,75,1.0059,0.9999
2026-04-12 17:33:19,Synthetic_high_corr,187,76,1.0404,0.9998
2026-04-12 17:33:22,Synthetic_high_corr,195,73,0.9907,0.9999
2026-04-12 17:33:27,Synthetic_high_corr,203,72,0.9835,0.9998
2026-04-12 17:33:33,Synthetic_high_corr,211,72,1.0083,0.9997
2026-04-12 17:33:39,Synthetic_high_corr,218,70,0.9666,0.9998
2026-04-12 17:33:44,Synthetic_high_corr,226,70,0.9798,0.9998
2026-04-12 17:33:49,Synthetic_high_corr,234,72,1.0351,0.9997
2026-04-12 17:33:57,Synthetic_high_corr,242,71,1.0322,0.9998
2026-04-12 17:34:05,Synthetic_high_corr,250,69,0.9698,0.9999
2026-04-12 17:34:05,Synthetic_high_corr,25,13,0.0491,1.0000
2026-04-12 17:34:06,Synthetic_high_corr,32,16,0.0653,0.9996
2026-04-12 17:34:07,Synthetic_high_corr,40,30,0.0879,0.9999
2026-04-12 17:34:08,Synthetic_high_corr,48,36,0.1134,1.0000
2026-04-12 17:34:10,Synthetic_high_corr,56,42,0.1416,1.0000
2026-04-12 17:34:12,Synthetic_high_corr,63,63,0.1900,1.0000
2026-04-12 17:34:14,Synthetic_high_corr,71,71,0.2598,1.0000
2026-04-12 17:34:17,Synthetic_high_corr,79,79,0.3471,1.0000
2026-04-12 17:34:20,Synthetic_high_corr,87,85,0.4414,1.0000
2026-04-12 17:34:23,Synthetic_high_corr,94,89,0.5518,1.0000
2026-04-12 17:34:26,Synthetic_high_corr,102,102,0.7007,1.0000
2026-04-12 17:34:30,Synthetic_high_corr,110,110,0.8813,1.0000
2026-04-12 17:34:32,Synthetic_high_corr,118,104,0.9934,1.0000
2026-04-12 17:34:33,Synthetic_high_corr,125,94,0.9975,1.0000
2026-04-12 17:34:36,Synthetic_high_corr,133,91,1.0337,0.9999
2026-04-12 17:34:38,Synthetic_high_corr,141,88,1.0403,1.0000
2026-04-12 17:34:42,Synthetic_high_corr,149,84,1.0377,0.9999
2026-04-12 17:34:42,Synthetic_high_corr,156,78,0.9560,0.9999
2026-04-12 17:34:46,Synthetic_high_corr,164,76,0.9670,0.9998
2026-04-12 17:34:49,Synthetic_high_corr,172,75,0.9651,0.9999
2026-04-12 17:34:54,Synthetic_high_corr,180,75,0.9997,0.9999
2026-04-12 17:34:58,Synthetic_high_corr,187,76,1.0401,0.9999
2026-04-12 17:35:01,Synthetic_high_corr,195,73,0.9919,0.9999
2026-04-12 17:35:07,Synthetic_high_corr,203,72,0.9805,0.9998
2026-04-12 17:35:12,Synthetic_high_corr,211,72,1.0173,0.9998
2026-04-12 17:35:19,Synthetic_high_corr,218,70,0.9765,0.9998
2026-04-12 17:35:24,Synthetic_high_corr,226,70,0.9867,0.9998
2026-04-12 17:35:29,Synthetic_high_corr,234,72,1.0438,0.9997
2026-04-12 17:35:37,Synthetic_high_corr,242,71,1.0188,0.9998
2026-04-12 17:35:44,Synthetic_high_corr,250,69,0.9735,0.9998
2026-04-12 17:35:45,Synthetic_high_corr,25,13,0.0490,0.9996
2026-04-12 17:35:45,Synthetic_high_corr,32,16,0.0668,1.0000
2026-04-12 17:35:47,Synthetic_high_corr,40,20,0.0865,0.9995
2026-04-12 17:35:48,Synthetic_high_corr,48,36,0.1128,0.9999
2026-04-12 17:35:49,Synthetic_high_corr,56,56,0.1419,1.0000
2026-04-12 17:35:51,Synthetic_high_corr,63,63,0.1914,1.0000
2026-04-12 17:35:54,Synthetic_high_corr,71,69,0.2549,1.0000
2026-04-12 17:35:56,Synthetic_high_corr,79,78,0.3412,1.0000
2026-04-12 17:35:59,Synthetic_high_corr,87,87,0.4366,1.0000
2026-04-12 17:36:02,Synthetic_high_corr,94,94,0.5538,1.0000
2026-04-12 17:36:06,Synthetic_high_corr,102,99,0.6916,1.0000
2026-04-12 17:36:10,Synthetic_high_corr,110,109,0.8826,1.0000
2026-04-12 17:36:12,Synthetic_high_corr,118,104,0.9808,1.0000
2026-04-12 17:36:13,Synthetic_high_corr,125,94,0.9965,1.0000
2026-04-12 17:36:15,Synthetic_high_corr,133,91,1.0302,1.0000
2026-04-12 17:36:18,Synthetic_high_corr,141,88,1.0450,1.0000
2026-04-12 17:36:21,Synthetic_high_corr,149,84,1.0299,1.0000
2026-04-12 17:36:22,Synthetic_high_corr,156,78,0.9652,0.9999
2026-04-12 17:36:25,Synthetic_high_corr,164,76,0.9787,0.9999
2026-04-12 17:36:28,Synthetic_high_corr,172,75,0.9656,0.9999
2026-04-12 17:36:33,Synthetic_high_corr,180,75,0.9892,0.9999
2026-04-12 17:36:39,Synthetic_high_corr,187,73,0.9617,0.9998
2026-04-12 17:36:41,Synthetic_high_corr,195,73,0.9914,0.9998
2026-04-12 17:36:47,Synthetic_high_corr,203,72,0.9801,0.9998
2026-04-12 17:36:52,Synthetic_high_corr,211,72,1.0158,0.9998
2026-04-12 17:36:59,Synthetic_high_corr,218,70,0.9696,0.9999
2026-04-12 17:37:04,Synthetic_high_corr,226,70,0.9664,0.9997
2026-04-12 17:37:09,Synthetic_high_corr,234,72,1.0462,0.9998
2026-04-12 17:37:17,Synthetic_high_corr,242,71,1.0261,0.9998
2026-04-12 17:37:24,Synthetic_high_corr,250,69,0.9664,0.9997
2026-04-12 17:37:26,Mnist,25,13,0.0482,0.9581
2026-04-12 17:37:27,Mnist,35,18,0.0721,0.9923
2026-04-12 17:37:28,Mnist,45,34,0.1029,1.0069
2026-04-12 17:37:30,Mnist,55,42,0.1376,1.0015
2026-04-12 17:37:32,Mnist,65,65,0.2027,1.0000
2026-04-12 17:37:35,Mnist,75,74,0.2946,1.0010
2026-04-12 17:37:37,Mnist,85,85,0.4097,1.0000
2026-04-12 17:37:41,Mnist,95,94,0.5642,1.0008
2026-04-12 17:37:44,Mnist,106,105,0.7913,1.0000
2026-04-12 17:37:47,Mnist,116,109,0.9824,1.0023
2026-04-12 17:37:48,Mnist,126,95,1.0209,1.0011
2026-04-12 17:37:50,Mnist,136,85,0.9769,0.9991
2026-04-12 17:37:53,Mnist,146,82,0.9736,0.9937
2026-04-12 17:37:54,Mnist,156,78,0.9604,0.9905
2026-04-12 17:37:58,Mnist,166,77,0.9925,0.9971
2026-04-12 17:38:01,Mnist,177,77,1.0138,0.9918
2026-04-12 17:38:05,Mnist,187,76,1.0302,0.9880
2026-04-12 17:38:08,Mnist,197,74,1.0045,0.9832
2026-04-12 17:38:13,Mnist,207,71,0.9725,0.9789
2026-04-12 17:38:20,Mnist,217,70,0.9619,0.9836
2026-04-12 17:38:25,Mnist,227,71,1.0018,0.9805
2026-04-12 17:38:32,Mnist,237,70,0.9706,0.9787
2026-04-12 17:38:39,Mnist,248,69,1.0487,0.9828
2026-04-12 17:38:48,Mnist,258,72,1.0386,0.9835
2026-04-12 17:38:58,Mnist,268,71,1.0489,0.9800
2026-04-12 17:39:02,Mnist,278,69,0.9694,0.9709
2026-04-12 17:39:11,Mnist,288,67,0.9660,0.9875
2026-04-12 17:39:21,Mnist,298,69,0.9582,0.9627
2026-04-12 17:39:34,Mnist,308,69,0.9737,0.9841
2026-04-12 17:39:45,Mnist,319,70,0.9811,0.9701
2026-04-12 17:39:46,Mnist,25,13,0.0504,0.9814
2026-04-12 17:39:47,Mnist,35,18,0.0729,0.9762
2026-04-12 17:39:49,Mnist,45,23,0.1024,0.9876
2026-04-12 17:39:50,Mnist,55,42,0.1359,0.9953
2026-04-12 17:39:52,Mnist,65,65,0.2058,1.0000
2026-04-12 17:39:55,Mnist,75,75,0.2986,1.0000
2026-04-12 17:39:58,Mnist,85,85,0.4144,1.0000
2026-04-12 17:40:01,Mnist,95,90,0.5911,1.0015
2026-04-12 17:40:05,Mnist,106,106,0.7818,1.0000
2026-04-12 17:40:07,Mnist,116,109,0.9690,1.0016
2026-04-12 17:40:08,Mnist,126,95,1.0098,1.0055
2026-04-12 17:40:10,Mnist,136,85,0.9953,0.9982
2026-04-12 17:40:14,Mnist,146,82,0.9610,1.0025
2026-04-12 17:40:14,Mnist,156,78,0.9750,0.9901
2026-04-12 17:40:18,Mnist,166,77,0.9783,0.9855
2026-04-12 17:40:21,Mnist,177,77,1.0240,0.9780
2026-04-12 17:40:26,Mnist,187,76,1.0387,0.9857
2026-04-12 17:40:28,Mnist,197,74,1.0071,0.9862
2026-04-12 17:40:33,Mnist,207,71,0.9642,0.9825
2026-04-12 17:40:40,Mnist,217,70,0.9822,0.9847
2026-04-12 17:40:45,Mnist,227,71,1.0090,0.9819
2026-04-12 17:40:53,Mnist,237,70,0.9933,0.9810
2026-04-12 17:41:02,Mnist,248,67,0.9962,0.9758
2026-04-12 17:41:10,Mnist,258,72,1.0434,0.9769
2026-04-12 17:41:21,Mnist,268,69,0.9910,0.9752
2026-04-12 17:41:26,Mnist,278,69,0.9829,0.9815
2026-04-12 17:41:35,Mnist,288,67,0.9696,0.9847
2026-04-12 17:41:45,Mnist,298,69,0.9547,0.9696
2026-04-12 17:41:56,Mnist,308,72,1.0121,0.9754
2026-04-12 17:42:07,Mnist,319,70,0.9875,0.9758
2026-04-12 17:42:08,Mnist,25,13,0.0497,0.9320
2026-04-12 17:42:09,Mnist,35,18,0.0714,0.9782
2026-04-12 17:42:11,Mnist,45,34,0.1006,0.9944
2026-04-12 17:42:12,Mnist,55,55,0.1351,1.0000
2026-04-12 17:42:14,Mnist,65,64,0.2022,1.0009
2026-04-12 17:42:17,Mnist,75,71,0.3019,1.0019
2026-04-12 17:42:20,Mnist,85,85,0.4126,1.0000
2026-04-12 17:42:23,Mnist,95,95,0.5698,1.0000
2026-04-12 17:42:27,Mnist,106,106,0.7907,1.0000
2026-04-12 17:42:28,Mnist,116,102,0.9523,1.0044
2026-04-12 17:42:30,Mnist,126,95,1.0366,1.0045
2026-04-12 17:42:32,Mnist,136,85,0.9894,1.0009
2026-04-12 17:42:35,Mnist,146,82,0.9555,0.9961
2026-04-12 17:42:36,Mnist,156,78,0.9733,0.9955
2026-04-12 17:42:39,Mnist,166,77,0.9583,0.9908
2026-04-12 17:42:42,Mnist,177,77,1.0282,0.9865
2026-04-12 17:42:47,Mnist,187,76,1.0430,0.9843
2026-04-12 17:42:50,Mnist,197,74,1.0170,0.9863
2026-04-12 17:42:55,Mnist,207,71,0.9683,0.9803
2026-04-12 17:43:01,Mnist,217,70,0.9614,0.9810
2026-04-12 17:43:06,Mnist,227,71,0.9961,0.9780
2026-04-12 17:43:14,Mnist,237,70,0.9760,0.9809
2026-04-12 17:43:21,Mnist,248,69,1.0332,0.9819
2026-04-12 17:43:31,Mnist,258,70,0.9861,0.9785
2026-04-12 17:43:42,Mnist,268,71,1.0498,0.9813
2026-04-12 17:43:46,Mnist,278,69,0.9733,0.9688
2026-04-12 17:43:55,Mnist,288,67,0.9892,0.9806
2026-04-12 17:44:05,Mnist,298,69,0.9527,0.9808
2026-04-12 17:44:18,Mnist,308,69,0.9617,0.9740
2026-04-12 17:44:29,Mnist,319,70,0.9845,0.9793
2026-04-12 17:44:30,Mnist,25,13,0.0498,0.9824
2026-04-12 17:44:31,Mnist,35,18,0.0721,0.9797
2026-04-12 17:44:33,Mnist,45,34,0.1035,1.0113
2026-04-12 17:44:34,Mnist,55,42,0.1363,1.0064
2026-04-12 17:44:36,Mnist,65,65,0.2069,1.0000
2026-04-12 17:44:39,Mnist,75,75,0.3008,1.0000
2026-04-12 17:44:42,Mnist,85,84,0.4086,1.0000
2026-04-12 17:44:45,Mnist,95,95,0.5821,1.0000
2026-04-12 17:44:49,Mnist,106,106,0.7878,1.0000
2026-04-12 17:44:51,Mnist,116,109,0.9843,1.0021
2026-04-12 17:44:52,Mnist,126,95,1.0063,1.0069
2026-04-12 17:44:54,Mnist,136,85,0.9759,0.9979
2026-04-12 17:44:57,Mnist,146,82,0.9556,0.9976
2026-04-12 17:44:58,Mnist,156,78,0.9659,1.0015
2026-04-12 17:45:02,Mnist,166,77,0.9880,0.9892
2026-04-12 17:45:05,Mnist,177,77,1.0137,0.9880
2026-04-12 17:45:09,Mnist,187,76,1.0280,0.9980
2026-04-12 17:45:12,Mnist,197,74,1.0047,0.9830
2026-04-12 17:45:17,Mnist,207,71,0.9734,0.9764
2026-04-12 17:45:24,Mnist,217,70,0.9615,0.9851
2026-04-12 17:45:29,Mnist,227,71,1.0028,0.9863
2026-04-12 17:45:36,Mnist,237,70,0.9902,0.9850
2026-04-12 17:45:44,Mnist,248,69,1.0287,0.9751
2026-04-12 17:45:52,Mnist,258,72,1.0462,0.9844
2026-04-12 17:46:03,Mnist,268,69,0.9945,0.9769
2026-04-12 17:46:07,Mnist,278,69,0.9691,0.9736
2026-04-12 17:46:17,Mnist,288,67,0.9864,0.9727
2026-04-12 17:46:27,Mnist,298,69,0.9707,0.9731
2026-04-12 17:46:39,Mnist,308,69,0.9636,0.9717
2026-04-12 17:46:50,Mnist,319,70,0.9769,0.9757
2026-04-12 17:46:52,Mnist,25,13,0.0494,0.9765
2026-04-12 17:46:53,Mnist,35,18,0.0726,0.9700
2026-04-12 17:46:54,Mnist,45,34,0.1016,0.9967
2026-04-12 17:46:55,Mnist,55,42,0.1380,1.0022
2026-04-12 17:46:58,Mnist,65,63,0.2048,1.0012
2026-04-12 17:47:00,Mnist,75,74,0.2987,1.0000
2026-04-12 17:47:03,Mnist,85,85,0.4123,1.0000
2026-04-12 17:47:06,Mnist,95,95,0.5704,1.0000
2026-04-12 17:47:10,Mnist,106,106,0.7920,1.0000
2026-04-12 17:47:12,Mnist,116,109,0.9924,1.0012
2026-04-12 17:47:13,Mnist,126,95,1.0059,1.0020
2026-04-12 17:47:15,Mnist,136,85,0.9899,1.0013
2026-04-12 17:47:19,Mnist,146,82,0.9726,1.0004
2026-04-12 17:47:19,Mnist,156,78,0.9563,0.9891
2026-04-12 17:47:23,Mnist,166,77,0.9811,0.9931
2026-04-12 17:47:26,Mnist,177,77,1.0262,0.9880
2026-04-12 17:47:31,Mnist,187,76,1.0466,0.9911
2026-04-12 17:47:34,Mnist,197,74,1.0244,0.9879
2026-04-12 17:47:39,Mnist,207,71,0.9685,0.9832
2026-04-12 17:47:45,Mnist,217,70,0.9753,0.9874
2026-04-12 17:47:50,Mnist,227,71,1.0017,0.9860
2026-04-12 17:47:58,Mnist,237,70,0.9788,0.9762
2026-04-12 17:48:07,Mnist,248,67,0.9860,0.9776
2026-04-12 17:48:15,Mnist,258,72,1.0277,0.9746
2026-04-12 17:48:26,Mnist,268,69,0.9962,0.9792
2026-04-12 17:48:31,Mnist,278,69,0.9730,0.9883
2026-04-12 17:48:40,Mnist,288,67,0.9869,0.9788
2026-04-12 17:48:50,Mnist,298,69,0.9689,0.9817
2026-04-12 17:49:03,Mnist,308,69,0.9637,0.9735
2026-04-12 17:49:13,Mnist,319,70,0.9826,0.9756
2026-04-12 17:49:14,Madelon,25,13,0.0504,0.9983
2026-04-12 17:49:15,Madelon,32,16,0.0660,0.9977
2026-04-12 17:49:16,Madelon,40,30,0.0892,0.9995
2026-04-12 17:49:17,Madelon,48,36,0.1128,0.9996
2026-04-12 17:49:19,Madelon,56,55,0.1434,1.0000
2026-04-12 17:49:20,Madelon,63,60,0.1912,1.0000
2026-04-12 17:49:23,Madelon,71,71,0.2613,1.0000
2026-04-12 17:49:25,Madelon,79,79,0.3426,1.0000
2026-04-12 17:49:28,Madelon,87,85,0.4419,0.9998
2026-04-12 17:49:31,Madelon,94,94,0.5611,1.0000
2026-04-12 17:49:35,Madelon,102,101,0.7032,1.0004
2026-04-12 17:49:39,Madelon,110,110,0.8839,1.0000
2026-04-12 17:49:41,Madelon,118,104,0.9895,1.0002
2026-04-12 17:49:42,Madelon,125,94,1.0042,1.0012
2026-04-12 17:49:45,Madelon,133,91,1.0330,0.9976
2026-04-12 17:49:47,Madelon,141,88,1.0453,0.9982
2026-04-12 17:49:50,Madelon,149,84,1.0342,0.9967
2026-04-12 17:49:51,Madelon,156,78,0.9645,0.9972
2026-04-12 17:49:54,Madelon,164,76,0.9562,0.9956
2026-04-12 17:49:57,Madelon,172,75,0.9592,0.9949
2026-04-12 17:50:02,Madelon,180,75,0.9985,0.9961
2026-04-12 17:50:07,Madelon,187,76,1.0466,0.9954
2026-04-12 17:50:10,Madelon,195,73,0.9834,0.9952
2026-04-12 17:50:15,Madelon,203,72,0.9764,0.9959
2026-04-12 17:50:20,Madelon,211,72,1.0143,0.9959
2026-04-12 17:50:27,Madelon,218,70,0.9712,0.9942
2026-04-12 17:50:32,Madelon,226,70,0.9821,0.9938
2026-04-12 17:50:37,Madelon,234,72,1.0406,0.9940
2026-04-12 17:50:45,Madelon,242,71,1.0161,0.9950
2026-04-12 17:50:52,Madelon,250,69,0.9733,0.9963
2026-04-12 17:50:53,Madelon,25,13,0.0495,0.9942
2026-04-12 17:50:54,Madelon,32,16,0.0663,0.9884
2026-04-12 17:50:55,Madelon,40,30,0.0864,0.9993
2026-04-12 17:50:56,Madelon,48,36,0.1123,0.9996
2026-04-12 17:50:58,Madelon,56,42,0.1416,0.9994
2026-04-12 17:51:00,Madelon,63,63,0.1886,1.0000
2026-04-12 17:51:02,Madelon,71,70,0.3062,1.0000
2026-04-12 17:51:05,Madelon,79,79,0.3520,1.0000
2026-04-12 17:51:07,Madelon,87,87,0.4512,1.0000
2026-04-12 17:51:11,Madelon,94,93,0.5567,1.0001
2026-04-12 17:51:14,Madelon,102,101,0.6963,1.0001
2026-04-12 17:51:18,Madelon,110,110,0.8786,1.0000
2026-04-12 17:51:20,Madelon,118,104,0.9958,1.0002
2026-04-12 17:51:21,Madelon,125,94,0.9904,0.9995
2026-04-12 17:51:24,Madelon,133,91,1.0462,0.9964
2026-04-12 17:51:26,Madelon,141,88,1.0321,0.9977
2026-04-12 17:51:29,Madelon,149,84,1.0114,0.9968
2026-04-12 17:51:30,Madelon,156,78,0.9747,0.9979
2026-04-12 17:51:34,Madelon,164,76,0.9728,0.9946
2026-04-12 17:51:37,Madelon,172,75,0.9735,0.9956
2026-04-12 17:51:42,Madelon,180,75,0.9930,0.9945
2026-04-12 17:51:47,Madelon,187,73,0.9633,0.9948
2026-04-12 17:51:50,Madelon,195,73,0.9662,0.9989
2026-04-12 17:51:56,Madelon,203,72,0.9894,0.9964
2026-04-12 17:52:01,Madelon,211,72,1.0014,0.9950
2026-04-12 17:52:07,Madelon,218,70,0.9678,0.9944
2026-04-12 17:52:12,Madelon,226,70,0.9719,0.9944
2026-04-12 17:52:18,Madelon,234,72,1.0199,0.9962
2026-04-12 17:52:25,Madelon,242,71,1.0123,0.9943
2026-04-12 17:52:33,Madelon,250,69,0.9733,0.9934
2026-04-12 17:52:33,Madelon,25,13,0.0500,0.9985
2026-04-12 17:52:34,Madelon,32,16,0.0665,0.9992
2026-04-12 17:52:35,Madelon,40,20,0.0868,0.9980
2026-04-12 17:52:37,Madelon,48,36,0.1118,0.9948
2026-04-12 17:52:38,Madelon,56,28,0.1431,0.9975
2026-04-12 17:52:40,Madelon,63,60,0.1908,0.9999
2026-04-12 17:52:42,Madelon,71,71,0.2564,1.0000
2026-04-12 17:52:45,Madelon,79,79,0.3466,1.0000
2026-04-12 17:52:48,Madelon,87,86,0.4420,1.0003
2026-04-12 17:52:51,Madelon,94,93,0.5603,1.0002
2026-04-12 17:52:55,Madelon,102,102,0.6970,1.0000
2026-04-12 17:52:58,Madelon,110,109,0.8645,1.0000
2026-04-12 17:53:00,Madelon,118,104,0.9870,1.0001
2026-04-12 17:53:01,Madelon,125,94,0.9979,0.9993
2026-04-12 17:53:04,Madelon,133,91,1.0299,0.9985
2026-04-12 17:53:07,Madelon,141,88,1.0458,0.9971
2026-04-12 17:53:10,Madelon,149,84,1.0275,0.9976
2026-04-12 17:53:11,Madelon,156,78,0.9594,0.9971
2026-04-12 17:53:14,Madelon,164,76,0.9608,0.9967
2026-04-12 17:53:17,Madelon,172,75,0.9661,0.9952
2026-04-12 17:53:22,Madelon,180,75,1.0000,0.9949
2026-04-12 17:53:26,Madelon,187,76,1.0461,0.9960
2026-04-12 17:53:29,Madelon,195,73,0.9820,0.9924
2026-04-12 17:53:35,Madelon,203,72,0.9879,0.9956
2026-04-12 17:53:40,Madelon,211,72,1.0000,0.9919
2026-04-12 17:53:47,Madelon,218,70,0.9694,0.9944
2026-04-12 17:53:52,Madelon,226,70,0.9826,0.9957
2026-04-12 17:54:00,Madelon,234,70,0.9931,0.9952
2026-04-12 17:54:08,Madelon,242,71,1.0222,0.9947
2026-04-12 17:54:15,Madelon,250,69,0.9788,0.9962
2026-04-12 17:54:16,Madelon,25,13,0.0489,0.9845
2026-04-12 17:54:17,Madelon,32,16,0.0671,0.9983
2026-04-12 17:54:18,Madelon,40,30,0.0886,0.9994
2026-04-12 17:54:19,Madelon,48,36,0.1138,0.9992
2026-04-12 17:54:21,Madelon,56,56,0.1424,1.0000
2026-04-12 17:54:22,Madelon,63,63,0.1902,1.0000
2026-04-12 17:54:25,Madelon,71,71,0.2592,1.0000
2026-04-12 17:54:27,Madelon,79,79,0.3446,1.0000
2026-04-12 17:54:30,Madelon,87,86,0.4398,1.0019
2026-04-12 17:54:33,Madelon,94,94,0.5514,1.0000
2026-04-12 17:54:37,Madelon,102,101,0.6978,1.0001
2026-04-12 17:54:41,Madelon,110,109,0.8714,1.0005
2026-04-12 17:54:43,Madelon,118,104,0.9836,0.9999
2026-04-12 17:54:44,Madelon,125,94,0.9808,0.9983
2026-04-12 17:54:47,Madelon,133,91,1.0285,0.9976
2026-04-12 17:54:49,Madelon,141,88,1.0243,0.9970
2026-04-12 17:54:52,Madelon,149,84,1.0273,0.9958
2026-04-12 17:54:53,Madelon,156,78,0.9647,0.9961
2026-04-12 17:54:57,Madelon,164,76,0.9578,0.9961
2026-04-12 17:55:00,Madelon,172,75,0.9647,0.9962
2026-04-12 17:55:04,Madelon,180,75,0.9875,0.9954
2026-04-12 17:55:10,Madelon,187,73,0.9740,0.9963
2026-04-12 17:55:13,Madelon,195,73,1.0016,0.9948
2026-04-12 17:55:18,Madelon,203,72,0.9882,0.9971
2026-04-12 17:55:24,Madelon,211,72,1.0051,0.9947
2026-04-12 17:55:30,Madelon,218,70,0.9816,0.9948
2026-04-12 17:55:35,Madelon,226,70,0.9751,0.9957
2026-04-12 17:55:40,Madelon,234,72,1.0349,0.9958
2026-04-12 17:55:48,Madelon,242,71,1.0243,0.9962
2026-04-12 17:55:56,Madelon,250,69,1.0018,0.9922
2026-04-12 17:55:56,Madelon,25,13,0.0498,0.9980
2026-04-12 17:55:57,Madelon,32,16,0.0657,0.9985
2026-04-12 17:55:58,Madelon,40,20,0.0875,0.9983
2026-04-12 17:55:59,Madelon,48,36,0.1143,0.9962
2026-04-12 17:56:01,Madelon,56,42,0.1432,0.9991
2026-04-12 17:56:03,Madelon,63,62,0.1919,1.0001
2026-04-12 17:56:05,Madelon,71,71,0.2589,1.0000
2026-04-12 17:56:08,Madelon,79,79,0.3496,1.0000
2026-04-12 17:56:10,Madelon,87,87,0.4433,1.0000
2026-04-12 17:56:14,Madelon,94,93,0.5513,1.0000
2026-04-12 17:56:17,Madelon,102,102,0.7037,1.0000
2026-04-12 17:56:21,Madelon,110,110,0.8806,1.0000
2026-04-12 17:56:23,Madelon,118,104,0.9836,0.9985
2026-04-12 17:56:24,Madelon,125,94,0.9956,0.9979
2026-04-12 17:56:27,Madelon,133,91,1.0316,0.9992
2026-04-12 17:56:29,Madelon,141,88,1.0413,0.9973
2026-04-12 17:56:32,Madelon,149,84,1.0364,0.9976
2026-04-12 17:56:33,Madelon,156,78,0.9586,0.9967
2026-04-12 17:56:37,Madelon,164,76,0.9580,0.9963
2026-04-12 17:56:40,Madelon,172,75,0.9660,0.9930
2026-04-12 17:56:45,Madelon,180,75,1.0044,0.9954
2026-04-12 17:56:49,Madelon,187,76,1.0424,0.9963
2026-04-12 17:56:52,Madelon,195,73,0.9771,0.9960
2026-04-12 17:56:58,Madelon,203,72,0.9849,0.9948
2026-04-12 17:57:03,Madelon,211,72,0.9918,0.9955
2026-04-12 17:57:09,Madelon,218,70,0.9658,0.9953
2026-04-12 17:57:14,Madelon,226,70,0.9781,0.9952
2026-04-12 17:57:20,Madelon,234,72,1.0359,0.9953
2026-04-12 17:57:28,Madelon,242,71,1.0282,0.9969
2026-04-12 17:57:35,Madelon,250,69,0.9723,0.9957
2026-04-12 17:57:35,Synthetic_toeplitz,25,13,0.0487,0.9680
2026-04-12 17:57:36,Synthetic_toeplitz,32,16,0.0653,0.9544
2026-04-12 17:57:37,Synthetic_toeplitz,40,30,0.0890,1.0002
2026-04-12 17:57:39,Synthetic_toeplitz,48,36,0.1151,1.0003
2026-04-12 17:57:40,Synthetic_toeplitz,56,56,0.1417,1.0000
2026-04-12 17:57:42,Synthetic_toeplitz,63,63,0.1930,1.0000
2026-04-12 17:57:44,Synthetic_toeplitz,71,71,0.2573,1.0000
2026-04-12 17:57:47,Synthetic_toeplitz,79,79,0.3471,1.0000
2026-04-12 17:57:50,Synthetic_toeplitz,87,85,0.4428,1.0003
2026-04-12 17:57:53,Synthetic_toeplitz,94,94,0.5572,1.0000
2026-04-12 17:57:57,Synthetic_toeplitz,102,101,0.6996,1.0000
2026-04-12 17:58:01,Synthetic_toeplitz,110,107,0.8699,1.0005
2026-04-12 17:58:02,Synthetic_toeplitz,118,104,0.9800,1.0011
2026-04-12 17:58:04,Synthetic_toeplitz,125,94,0.9794,1.0020
2026-04-12 17:58:06,Synthetic_toeplitz,133,91,1.0334,1.0001
2026-04-12 17:58:09,Synthetic_toeplitz,141,88,1.0266,1.0021
2026-04-12 17:58:12,Synthetic_toeplitz,149,84,1.0403,0.9981
2026-04-12 17:58:13,Synthetic_toeplitz,156,78,0.9589,0.9961
2026-04-12 17:58:16,Synthetic_toeplitz,164,76,0.9605,0.9936
2026-04-12 17:58:19,Synthetic_toeplitz,172,75,0.9700,0.9925
2026-04-12 17:58:24,Synthetic_toeplitz,180,75,1.0005,0.9948
2026-04-12 17:58:28,Synthetic_toeplitz,187,76,1.0400,0.9926
2026-04-12 17:58:31,Synthetic_toeplitz,195,73,0.9993,0.9894
2026-04-12 17:58:37,Synthetic_toeplitz,203,72,0.9846,0.9922
2026-04-12 17:58:42,Synthetic_toeplitz,211,72,0.9871,0.9896
2026-04-12 17:58:49,Synthetic_toeplitz,218,70,0.9911,0.9913
2026-04-12 17:58:54,Synthetic_toeplitz,226,70,0.9805,0.9990
2026-04-12 17:59:02,Synthetic_toeplitz,234,70,0.9827,0.9909
2026-04-12 17:59:10,Synthetic_toeplitz,242,71,1.0276,0.9908
2026-04-12 17:59:17,Synthetic_toeplitz,250,69,0.9682,0.9958
2026-04-12 17:59:18,Synthetic_toeplitz,25,13,0.0489,0.9775
2026-04-12 17:59:19,Synthetic_toeplitz,32,16,0.0658,0.9717
2026-04-12 17:59:20,Synthetic_toeplitz,40,20,0.0866,0.9745
2026-04-12 17:59:21,Synthetic_toeplitz,48,36,0.1137,1.0047
2026-04-12 17:59:23,Synthetic_toeplitz,56,55,0.1404,1.0007
2026-04-12 17:59:25,Synthetic_toeplitz,63,60,0.1892,1.0010
2026-04-12 17:59:27,Synthetic_toeplitz,71,69,0.2547,1.0002
2026-04-12 17:59:29,Synthetic_toeplitz,79,79,0.3515,1.0000
2026-04-12 17:59:32,Synthetic_toeplitz,87,86,0.4428,1.0000
2026-04-12 17:59:35,Synthetic_toeplitz,94,94,0.5484,1.0000
2026-04-12 17:59:39,Synthetic_toeplitz,102,99,0.6963,1.0006
2026-04-12 17:59:43,Synthetic_toeplitz,110,110,0.8894,1.0000
2026-04-12 17:59:45,Synthetic_toeplitz,118,104,1.0136,1.0022
2026-04-12 17:59:46,Synthetic_toeplitz,125,94,1.0013,1.0001
2026-04-12 17:59:49,Synthetic_toeplitz,133,91,1.0215,1.0022
2026-04-12 17:59:51,Synthetic_toeplitz,141,88,1.0382,0.9998
2026-04-12 17:59:54,Synthetic_toeplitz,149,84,1.0246,0.9983
2026-04-12 17:59:55,Synthetic_toeplitz,156,78,0.9639,0.9971
2026-04-12 17:59:59,Synthetic_toeplitz,164,76,0.9546,0.9935
2026-04-12 18:00:02,Synthetic_toeplitz,172,75,0.9645,0.9955
2026-04-12 18:00:06,Synthetic_toeplitz,180,75,1.0068,0.9938
2026-04-12 18:00:11,Synthetic_toeplitz,187,76,1.0442,0.9950
2026-04-12 18:00:14,Synthetic_toeplitz,195,73,0.9785,0.9909
2026-04-12 18:00:20,Synthetic_toeplitz,203,72,0.9710,0.9947
2026-04-12 18:00:25,Synthetic_toeplitz,211,72,1.0064,0.9945
2026-04-12 18:00:31,Synthetic_toeplitz,218,70,0.9707,0.9912
2026-04-12 18:00:36,Synthetic_toeplitz,226,70,0.9835,0.9930
2026-04-12 18:00:42,Synthetic_toeplitz,234,72,1.0459,0.9893
2026-04-12 18:00:49,Synthetic_toeplitz,242,71,1.0209,0.9951
2026-04-12 18:00:57,Synthetic_toeplitz,250,69,0.9772,0.9924
2026-04-12 18:00:57,Synthetic_toeplitz,25,13,0.0487,0.9873
2026-04-12 18:00:58,Synthetic_toeplitz,32,16,0.0649,0.9699
2026-04-12 18:00:59,Synthetic_toeplitz,40,20,0.0868,0.9908
2026-04-12 18:01:01,Synthetic_toeplitz,48,36,0.1126,0.9990
2026-04-12 18:01:02,Synthetic_toeplitz,56,42,0.1416,1.0021
2026-04-12 18:01:04,Synthetic_toeplitz,63,63,0.1913,1.0000
2026-04-12 18:01:06,Synthetic_toeplitz,71,71,0.2603,1.0000
2026-04-12 18:01:09,Synthetic_toeplitz,79,79,0.3471,1.0000
2026-04-12 18:01:12,Synthetic_toeplitz,87,86,0.4430,1.0000
2026-04-12 18:01:15,Synthetic_toeplitz,94,93,0.5561,1.0000
2026-04-12 18:01:18,Synthetic_toeplitz,102,102,0.7046,1.0000
2026-04-12 18:01:22,Synthetic_toeplitz,110,109,0.8700,1.0000
2026-04-12 18:01:24,Synthetic_toeplitz,118,104,0.9733,1.0026
2026-04-12 18:01:25,Synthetic_toeplitz,125,94,0.9800,1.0021
2026-04-12 18:01:28,Synthetic_toeplitz,133,91,1.0280,1.0005
2026-04-12 18:01:30,Synthetic_toeplitz,141,88,1.0453,0.9998
2026-04-12 18:01:34,Synthetic_toeplitz,149,84,1.0336,0.9984
2026-04-12 18:01:35,Synthetic_toeplitz,156,78,0.9638,0.9971
2026-04-12 18:01:38,Synthetic_toeplitz,164,76,0.9617,0.9959
2026-04-12 18:01:41,Synthetic_toeplitz,172,75,0.9705,0.9918
2026-04-12 18:01:46,Synthetic_toeplitz,180,75,1.0071,0.9920
2026-04-12 18:01:51,Synthetic_toeplitz,187,73,0.9759,0.9908
2026-04-12 18:01:54,Synthetic_toeplitz,195,73,0.9866,0.9934
2026-04-12 18:02:00,Synthetic_toeplitz,203,72,0.9698,0.9896
2026-04-12 18:02:05,Synthetic_toeplitz,211,72,0.9991,0.9952
2026-04-12 18:02:12,Synthetic_toeplitz,218,70,0.9796,0.9936
2026-04-12 18:02:16,Synthetic_toeplitz,226,70,0.9650,0.9905
2026-04-12 18:02:25,Synthetic_toeplitz,234,70,0.9806,0.9932
2026-04-12 18:02:33,Synthetic_toeplitz,242,71,1.0231,0.9870
2026-04-12 18:02:40,Synthetic_toeplitz,250,69,0.9886,0.9956
2026-04-12 18:02:41,Synthetic_toeplitz,25,13,0.0488,0.9635
2026-04-12 18:02:41,Synthetic_toeplitz,32,16,0.0646,0.9509
2026-04-12 18:02:43,Synthetic_toeplitz,40,30,0.0871,1.0019
2026-04-12 18:02:44,Synthetic_toeplitz,48,36,0.1152,1.0049
2026-04-12 18:02:45,Synthetic_toeplitz,56,56,0.1424,1.0000
2026-04-12 18:02:47,Synthetic_toeplitz,63,63,0.1926,1.0000
2026-04-12 18:02:50,Synthetic_toeplitz,71,71,0.2576,1.0000
2026-04-12 18:02:52,Synthetic_toeplitz,79,77,0.3442,1.0006
2026-04-12 18:02:55,Synthetic_toeplitz,87,87,0.4433,1.0000
2026-04-12 18:02:58,Synthetic_toeplitz,94,93,0.5528,1.0001
2026-04-12 18:03:02,Synthetic_toeplitz,102,102,0.7014,1.0000
2026-04-12 18:03:06,Synthetic_toeplitz,110,109,0.8709,1.0000
2026-04-12 18:03:07,Synthetic_toeplitz,118,104,0.9789,1.0017
2026-04-12 18:03:09,Synthetic_toeplitz,125,94,0.9902,1.0025
2026-04-12 18:03:11,Synthetic_toeplitz,133,91,1.0320,1.0000
2026-04-12 18:03:14,Synthetic_toeplitz,141,88,1.0237,0.9973
2026-04-12 18:03:17,Synthetic_toeplitz,149,84,1.0349,0.9955
2026-04-12 18:03:18,Synthetic_toeplitz,156,78,0.9573,0.9945
2026-04-12 18:03:21,Synthetic_toeplitz,164,76,0.9530,0.9911
2026-04-12 18:03:24,Synthetic_toeplitz,172,75,0.9737,0.9922
2026-04-12 18:03:29,Synthetic_toeplitz,180,75,1.0028,0.9917
2026-04-12 18:03:34,Synthetic_toeplitz,187,76,1.0415,0.9909
2026-04-12 18:03:37,Synthetic_toeplitz,195,73,0.9869,0.9908
2026-04-12 18:03:42,Synthetic_toeplitz,203,72,0.9789,0.9886
2026-04-12 18:03:48,Synthetic_toeplitz,211,72,1.0174,0.9887
2026-04-12 18:03:54,Synthetic_toeplitz,218,70,0.9835,0.9887
2026-04-12 18:03:59,Synthetic_toeplitz,226,70,0.9758,0.9917
2026-04-12 18:04:04,Synthetic_toeplitz,234,72,1.0277,0.9909
2026-04-12 18:04:12,Synthetic_toeplitz,242,71,1.0217,0.9915
2026-04-12 18:04:19,Synthetic_toeplitz,250,69,0.9763,0.9874
2026-04-12 18:04:20,Synthetic_toeplitz,25,13,0.0487,0.9566
2026-04-12 18:04:21,Synthetic_toeplitz,32,16,0.0662,0.9714
2026-04-12 18:04:22,Synthetic_toeplitz,40,20,0.0906,0.9774
2026-04-12 18:04:23,Synthetic_toeplitz,48,36,0.1136,1.0042
2026-04-12 18:04:25,Synthetic_toeplitz,56,42,0.1415,0.9982
2026-04-12 18:04:27,Synthetic_toeplitz,63,63,0.1916,1.0000
2026-04-12 18:04:29,Synthetic_toeplitz,71,71,0.2591,1.0000
2026-04-12 18:04:31,Synthetic_toeplitz,79,79,0.3471,1.0000
2026-04-12 18:04:34,Synthetic_toeplitz,87,86,0.4444,1.0000
2026-04-12 18:04:38,Synthetic_toeplitz,94,94,0.5611,1.0000
2026-04-12 18:04:41,Synthetic_toeplitz,102,101,0.6991,1.0003
2026-04-12 18:04:45,Synthetic_toeplitz,110,109,0.8746,1.0000
2026-04-12 18:04:47,Synthetic_toeplitz,118,111,1.0240,1.0004
2026-04-12 18:04:49,Synthetic_toeplitz,125,94,0.9945,1.0023
2026-04-12 18:04:51,Synthetic_toeplitz,133,91,1.0273,0.9986
2026-04-12 18:04:54,Synthetic_toeplitz,141,88,1.0280,0.9975
2026-04-12 18:04:57,Synthetic_toeplitz,149,84,1.0179,0.9958
2026-04-12 18:04:58,Synthetic_toeplitz,156,78,0.9586,0.9993
2026-04-12 18:05:01,Synthetic_toeplitz,164,76,0.9566,0.9924
2026-04-12 18:05:04,Synthetic_toeplitz,172,75,0.9556,0.9933
2026-04-12 18:05:09,Synthetic_toeplitz,180,75,0.9845,0.9921
2026-04-12 18:05:14,Synthetic_toeplitz,187,76,1.0471,0.9891
2026-04-12 18:05:17,Synthetic_toeplitz,195,73,0.9879,0.9885
2026-04-12 18:05:22,Synthetic_toeplitz,203,72,0.9700,0.9935
2026-04-12 18:05:28,Synthetic_toeplitz,211,72,1.0078,0.9902
2026-04-12 18:05:34,Synthetic_toeplitz,218,70,0.9691,0.9986
2026-04-12 18:05:39,Synthetic_toeplitz,226,70,0.9829,0.9950
2026-04-12 18:05:44,Synthetic_toeplitz,234,72,1.0343,0.9941
2026-04-12 18:05:52,Synthetic_toeplitz,242,71,1.0197,0.9959
2026-04-12 18:06:00,Synthetic_toeplitz,250,69,0.9739,0.9949
2026-04-12 18:06:00,Residential,25,13,0.0491,0.9914
2026-04-12 18:06:01,Residential,26,13,0.0528,0.9956
2026-04-12 18:06:01,Residential,27,14,0.0543,0.9963
2026-04-12 18:06:02,Residential,28,14,0.0555,0.9918
2026-04-12 18:06:02,Residential,29,15,0.0579,0.9996
2026-04-12 18:06:03,Residential,30,15,0.0595,0.9954
2026-04-12 18:06:04,Residential,31,16,0.0622,1.0032
2026-04-12 18:06:05,Residential,32,16,0.0665,0.9991
2026-04-12 18:06:05,Residential,33,17,0.0669,0.9984
2026-04-12 18:06:06,Residential,34,17,0.0704,0.9951
2026-04-12 18:06:07,Residential,35,18,0.0727,0.9935
2026-04-12 18:06:08,Residential,36,27,0.1141,0.9999
2026-04-12 18:06:09,Residential,37,19,0.0780,0.9970
2026-04-12 18:06:10,Residential,38,19,0.0815,0.9983
2026-04-12 18:06:11,Residential,39,20,0.0838,0.9940
2026-04-12 18:06:12,Residential,40,30,0.0876,1.0000
2026-04-12 18:06:13,Residential,41,31,0.0893,0.9999
2026-04-12 18:06:15,Residential,42,21,0.0920,0.9982
2026-04-12 18:06:16,Residential,43,33,0.0958,1.0000
2026-04-12 18:06:17,Residential,44,33,0.1016,0.9999
2026-04-12 18:06:18,Residential,45,34,0.1032,1.0000
2026-04-12 18:06:20,Residential,46,35,0.1063,1.0000
2026-04-12 18:06:21,Residential,47,24,0.1076,0.9969
2026-04-12 18:06:22,Residential,48,36,0.1147,1.0000
2026-04-12 18:06:24,Residential,49,25,0.1154,0.9966
2026-04-12 18:06:25,Residential,50,38,0.1178,1.0000
2026-04-12 18:06:27,Residential,51,39,0.1215,1.0000
2026-04-12 18:06:27,Residential,25,13,0.0497,0.9888
2026-04-12 18:06:28,Residential,26,13,0.0518,0.9906
2026-04-12 18:06:28,Residential,27,14,0.0548,0.9988
2026-04-12 18:06:29,Residential,28,14,0.0565,0.9951
2026-04-12 18:06:30,Residential,29,15,0.0585,1.0001
2026-04-12 18:06:30,Residential,30,15,0.0629,0.9989
2026-04-12 18:06:31,Residential,31,16,0.0639,0.9904
2026-04-12 18:06:32,Residential,32,16,0.0691,0.9958
2026-04-12 18:06:33,Residential,33,17,0.0690,0.9975
2026-04-12 18:06:33,Residential,34,17,0.0711,0.9960
2026-04-12 18:06:34,Residential,35,18,0.0739,0.9969
2026-04-12 18:06:35,Residential,36,18,0.0774,0.9971
2026-04-12 18:06:36,Residential,37,19,0.0793,0.9984
2026-04-12 18:06:37,Residential,38,19,0.0831,0.9962
2026-04-12 18:06:38,Residential,39,30,0.0841,1.0000
2026-04-12 18:06:39,Residential,40,30,0.0884,0.9999
2026-04-12 18:06:41,Residential,41,31,0.0908,1.0000
2026-04-12 18:06:42,Residential,42,32,0.0926,1.0000
2026-04-12 18:06:43,Residential,43,33,0.0976,1.0000
2026-04-12 18:06:44,Residential,44,33,0.0988,1.0000
2026-04-12 18:06:45,Residential,45,34,0.1025,1.0000
2026-04-12 18:06:47,Residential,46,35,0.1051,1.0000
2026-04-12 18:06:48,Residential,47,36,0.1087,1.0000
2026-04-12 18:06:49,Residential,48,36,0.1137,0.9998
2026-04-12 18:06:51,Residential,49,37,0.1141,1.0000
2026-04-12 18:06:52,Residential,50,38,0.1185,1.0001
2026-04-12 18:06:54,Residential,51,39,0.1290,1.0000
2026-04-12 18:06:54,Residential,25,13,0.0496,0.9971
2026-04-12 18:06:55,Residential,26,13,0.0510,0.9962
2026-04-12 18:06:56,Residential,27,14,0.0528,0.9960
2026-04-12 18:06:56,Residential,28,14,0.0568,0.9966
2026-04-12 18:06:57,Residential,29,15,0.0582,0.9900
2026-04-12 18:06:57,Residential,30,15,0.0605,0.9954
2026-04-12 18:06:58,Residential,31,16,0.0624,0.9948
2026-04-12 18:06:59,Residential,32,16,0.0665,0.9988
2026-04-12 18:07:00,Residential,33,17,0.0670,0.9981
2026-04-12 18:07:01,Residential,34,17,0.0703,0.9984
2026-04-12 18:07:02,Residential,35,18,0.0726,0.9972
2026-04-12 18:07:03,Residential,36,18,0.0763,0.9987
2026-04-12 18:07:04,Residential,37,19,0.0783,0.9952
2026-04-12 18:07:05,Residential,38,19,0.0809,0.9977
2026-04-12 18:07:06,Residential,39,20,0.0848,1.0002
2026-04-12 18:07:07,Residential,40,20,0.0880,0.9997
2026-04-12 18:07:08,Residential,41,21,0.0899,0.9990
2026-04-12 18:07:09,Residential,42,32,0.0937,0.9999
2026-04-12 18:07:10,Residential,43,33,0.0969,0.9999
2026-04-12 18:07:11,Residential,44,33,0.0991,1.0000
2026-04-12 18:07:13,Residential,45,34,0.1034,1.0000
2026-04-12 18:07:14,Residential,46,35,0.1067,0.9999
2026-04-12 18:07:15,Residential,47,24,0.1102,0.9993
2026-04-12 18:07:17,Residential,48,36,0.1135,0.9999
2026-04-12 18:07:18,Residential,49,37,0.1147,1.0000
2026-04-12 18:07:20,Residential,50,38,0.1185,1.0000
2026-04-12 18:07:21,Residential,51,39,0.1221,1.0000
2026-04-12 18:07:22,Residential,25,13,0.0492,0.9965
2026-04-12 18:07:22,Residential,26,13,0.0516,0.9945
2026-04-12 18:07:23,Residential,27,14,0.0544,0.9939
2026-04-12 18:07:23,Residential,28,14,0.0574,0.9960
2026-04-12 18:07:24,Residential,29,15,0.0593,0.9946
2026-04-12 18:07:25,Residential,30,15,0.0600,0.9990
2026-04-12 18:07:25,Residential,31,16,0.0627,0.9945
2026-04-12 18:07:26,Residential,32,16,0.0672,0.9962
2026-04-12 18:07:27,Residential,33,17,0.0683,0.9988
2026-04-12 18:07:28,Residential,34,17,0.0712,0.9993
2026-04-12 18:07:29,Residential,35,18,0.0714,0.9982
2026-04-12 18:07:30,Residential,36,18,0.0759,0.9960
2026-04-12 18:07:31,Residential,37,19,0.0787,0.9949
2026-04-12 18:07:32,Residential,38,19,0.0810,0.9995
2026-04-12 18:07:33,Residential,39,30,0.0827,1.0000
2026-04-12 18:07:34,Residential,40,30,0.0872,1.0000
2026-04-12 18:07:35,Residential,41,31,0.0899,1.0000
2026-04-12 18:07:36,Residential,42,21,0.0939,0.9992
2026-04-12 18:07:37,Residential,43,22,0.0959,0.9995
2026-04-12 18:07:39,Residential,44,33,0.1003,0.9999
2026-04-12 18:07:40,Residential,45,34,0.1033,1.0000
2026-04-12 18:07:41,Residential,46,35,0.1047,1.0000
2026-04-12 18:07:43,Residential,47,36,0.1089,1.0000
2026-04-12 18:07:44,Residential,48,36,0.1142,1.0000
2026-04-12 18:07:45,Residential,49,25,0.1132,0.9963
2026-04-12 18:07:47,Residential,50,38,0.1174,1.0000
2026-04-12 18:07:48,Residential,51,39,0.1205,0.9999
2026-04-12 18:07:49,Residential,25,13,0.0492,0.9990
2026-04-12 18:07:49,Residential,26,13,0.0522,0.9938
2026-04-12 18:07:50,Residential,27,14,0.0539,0.9973
2026-04-12 18:07:51,Residential,28,14,0.0566,0.9994
2026-04-12 18:07:51,Residential,29,15,0.0585,0.9992
2026-04-12 18:07:52,Residential,30,15,0.0606,0.9986
2026-04-12 18:07:52,Residential,31,16,0.0625,0.9938
2026-04-12 18:07:53,Residential,32,16,0.0660,0.9945
2026-04-12 18:07:54,Residential,33,17,0.0683,0.9938
2026-04-12 18:07:55,Residential,34,17,0.0710,0.9999
2026-04-12 18:07:56,Residential,35,18,0.0743,0.9968
2026-04-12 18:07:57,Residential,36,18,0.0757,0.9982
2026-04-12 18:07:58,Residential,37,19,0.0782,0.9990
2026-04-12 18:07:59,Residential,38,19,0.0814,0.9957
2026-04-12 18:08:00,Residential,39,20,0.0848,0.9988
2026-04-12 18:08:01,Residential,40,30,0.0885,1.0001
2026-04-12 18:08:02,Residential,41,21,0.0897,0.9988
2026-04-12 18:08:03,Residential,42,32,0.0947,1.0000
2026-04-12 18:08:04,Residential,43,33,0.0994,1.0000
2026-04-12 18:08:06,Residential,44,33,0.1005,1.0000
2026-04-12 18:08:07,Residential,45,23,0.1058,0.9986
2026-04-12 18:08:08,Residential,46,23,0.1071,0.9963
2026-04-12 18:08:10,Residential,47,36,0.1106,1.0000
2026-04-12 18:08:11,Residential,48,36,0.1141,1.0000
2026-04-12 18:08:12,Residential,49,37,0.1154,1.0000
2026-04-12 18:08:14,Residential,50,38,0.1188,1.0000
2026-04-12 18:08:15,Residential,51,39,0.1223,0.9999
2026-04-12 18:08:16,Secom,25,13,0.0494,0.9925
2026-04-12 18:08:17,Secom,32,16,0.0663,0.9811
2026-04-12 18:08:18,Secom,39,20,0.0840,0.9913
2026-04-12 18:08:19,Secom,47,36,0.1093,1.0001
2026-04-12 18:08:21,Secom,54,41,0.1322,1.0041
2026-04-12 18:08:22,Secom,61,61,0.1783,1.0000
2026-04-12 18:08:25,Secom,69,69,0.2416,1.0000
2026-04-12 18:08:27,Secom,76,76,0.3134,1.0000
2026-04-12 18:08:30,Secom,84,82,0.4002,1.0000
2026-04-12 18:08:33,Secom,91,91,0.4995,1.0000
2026-04-12 18:08:36,Secom,98,98,0.6260,1.0000
2026-04-12 18:08:40,Secom,106,106,0.7788,1.0000
2026-04-12 18:08:44,Secom,113,110,0.9242,1.0000
2026-04-12 18:08:46,Secom,120,105,1.0425,1.0000
2026-04-12 18:08:49,Secom,128,92,1.0030,1.0001
2026-04-12 18:08:53,Secom,135,89,1.0063,0.9987
2026-04-12 18:08:57,Secom,143,85,1.0000,0.9983
2026-04-12 18:09:00,Secom,150,84,1.0465,0.9955
2026-04-12 18:09:01,Secom,157,79,0.9856,0.9878
2026-04-12 18:09:05,Secom,165,77,0.9769,0.9893
2026-04-12 18:09:07,Secom,172,75,0.9806,0.9916
2026-04-12 18:09:12,Secom,179,75,0.9855,0.9924
2026-04-12 18:09:18,Secom,187,73,0.9834,0.9964
2026-04-12 18:09:21,Secom,194,72,0.9622,0.9854
2026-04-12 18:09:26,Secom,202,71,0.9559,0.9864
2026-04-12 18:09:31,Secom,209,71,0.9541,0.9894
2026-04-12 18:09:38,Secom,216,70,1.0271,0.9905
2026-04-12 18:09:42,Secom,224,70,1.0462,0.9923
2026-04-12 18:09:47,Secom,231,72,1.0405,0.9896
2026-04-12 18:09:55,Secom,239,71,1.0251,0.9883
2026-04-12 18:09:56,Secom,25,13,0.0497,0.9828
2026-04-12 18:09:57,Secom,32,16,0.0654,0.9905
2026-04-12 18:09:58,Secom,39,20,0.0838,0.9929
2026-04-12 18:09:59,Secom,47,36,0.1085,1.0024
2026-04-12 18:10:01,Secom,54,41,0.1359,1.0015
2026-04-12 18:10:02,Secom,61,60,0.1750,1.0000
2026-04-12 18:10:05,Secom,69,69,0.2410,1.0000
2026-04-12 18:10:07,Secom,76,76,0.3086,1.0000
2026-04-12 18:10:10,Secom,84,84,0.4029,1.0000
2026-04-12 18:10:13,Secom,91,91,0.5012,1.0000
2026-04-12 18:10:16,Secom,98,95,0.6143,0.9999
2026-04-12 18:10:20,Secom,106,105,0.7680,1.0000
2026-04-12 18:10:23,Secom,113,110,0.9654,1.0000
2026-04-12 18:10:25,Secom,120,97,0.9879,0.9999
2026-04-12 18:10:29,Secom,128,92,1.0092,1.0000
2026-04-12 18:10:32,Secom,135,89,1.0218,0.9989
2026-04-12 18:10:36,Secom,143,85,1.0085,0.9960
2026-04-12 18:10:39,Secom,150,84,1.0283,0.9936
2026-04-12 18:10:40,Secom,157,79,0.9695,0.9965
2026-04-12 18:10:44,Secom,165,77,0.9655,0.9854
2026-04-12 18:10:47,Secom,172,75,0.9766,0.9848
2026-04-12 18:10:52,Secom,179,75,0.9795,0.9913
2026-04-12 18:10:56,Secom,187,76,1.0452,0.9950
2026-04-12 18:10:59,Secom,194,72,0.9646,0.9948
2026-04-12 18:11:04,Secom,202,71,0.9651,0.9878
2026-04-12 18:11:10,Secom,209,71,0.9663,0.9906
2026-04-12 18:11:16,Secom,216,70,1.0338,0.9852
2026-04-12 18:11:20,Secom,224,70,1.0490,0.9926
2026-04-12 18:11:29,Secom,231,70,0.9779,0.9860
2026-04-12 18:11:36,Secom,239,71,1.0350,0.9851
2026-04-12 18:11:37,Secom,25,13,0.0491,0.9286
2026-04-12 18:11:38,Secom,32,16,0.0655,0.9932
2026-04-12 18:11:39,Secom,39,30,0.0827,0.9947
2026-04-12 18:11:40,Secom,47,36,0.1092,0.9997
2026-04-12 18:11:42,Secom,54,41,0.1318,1.0020
2026-04-12 18:11:43,Secom,61,61,0.1754,1.0000
2026-04-12 18:11:46,Secom,69,69,0.2423,1.0000
2026-04-12 18:11:48,Secom,76,76,0.3105,1.0000
2026-04-12 18:11:51,Secom,84,84,0.4017,1.0000
2026-04-12 18:11:54,Secom,91,86,0.5051,1.0000
2026-04-12 18:11:57,Secom,98,97,0.6226,1.0000
2026-04-12 18:12:01,Secom,106,103,0.7817,1.0000
2026-04-12 18:12:05,Secom,113,112,0.9219,1.0000
2026-04-12 18:12:08,Secom,120,97,0.9813,1.0003
2026-04-12 18:12:09,Secom,128,96,1.0498,1.0014
2026-04-12 18:12:11,Secom,135,85,0.9501,1.0022
2026-04-12 18:12:15,Secom,143,85,1.0029,0.9996
2026-04-12 18:12:18,Secom,150,84,1.0339,0.9933
2026-04-12 18:12:19,Secom,157,79,0.9963,0.9969
2026-04-12 18:12:23,Secom,165,77,0.9874,0.9943
2026-04-12 18:12:25,Secom,172,75,0.9698,0.9966
2026-04-12 18:12:29,Secom,179,78,1.0474,0.9908
2026-04-12 18:12:33,Secom,187,76,1.0443,0.9838
2026-04-12 18:12:36,Secom,194,72,0.9731,0.9905
2026-04-12 18:12:42,Secom,202,71,0.9625,0.9930
2026-04-12 18:12:47,Secom,209,71,0.9630,0.9898
2026-04-12 18:12:53,Secom,216,70,1.0310,0.9888
2026-04-12 18:13:00,Secom,224,68,0.9757,0.9823
2026-04-12 18:13:05,Secom,231,72,1.0409,0.9850
2026-04-12 18:13:13,Secom,239,71,1.0287,0.9892
2026-04-12 18:13:14,Secom,25,13,0.0491,0.9800
2026-04-12 18:13:15,Secom,32,16,0.0658,0.9796
2026-04-12 18:13:16,Secom,39,20,0.0843,0.9775
2026-04-12 18:13:17,Secom,47,36,0.1099,0.9964
2026-04-12 18:13:19,Secom,54,41,0.1328,1.0012
2026-04-12 18:13:20,Secom,61,61,0.1759,1.0000
2026-04-12 18:13:23,Secom,69,68,0.2387,1.0000
2026-04-12 18:13:25,Secom,76,75,0.3110,1.0000
2026-04-12 18:13:28,Secom,84,83,0.4044,1.0000
2026-04-12 18:13:31,Secom,91,91,0.5090,1.0000
2026-04-12 18:13:34,Secom,98,98,0.6241,1.0000
2026-04-12 18:13:38,Secom,106,106,0.7838,1.0000
2026-04-12 18:13:42,Secom,113,113,0.9218,1.0000
2026-04-12 18:13:45,Secom,120,97,0.9847,1.0007
2026-04-12 18:13:46,Secom,128,96,1.0463,0.9989
2026-04-12 18:13:49,Secom,135,89,1.0163,0.9974
2026-04-12 18:13:53,Secom,143,85,1.0160,0.9969
2026-04-12 18:13:58,Secom,150,81,0.9935,0.9959
2026-04-12 18:13:59,Secom,157,79,0.9810,0.9952
2026-04-12 18:14:02,Secom,165,77,0.9793,0.9979
2026-04-12 18:14:05,Secom,172,75,0.9752,0.9867
2026-04-12 18:14:10,Secom,179,75,0.9811,0.9825
2026-04-12 18:14:16,Secom,187,73,0.9693,0.9874
2026-04-12 18:14:21,Secom,194,75,1.0415,0.9909
2026-04-12 18:14:27,Secom,202,71,0.9652,0.9894
2026-04-12 18:14:32,Secom,209,71,0.9587,0.9888
2026-04-12 18:17:32,Secom,216,54,0.6394,0.9812
2026-04-12 18:17:39,Secom,224,66,0.9615,0.9882
2026-04-12 18:17:44,Secom,231,72,1.0493,0.9868
2026-04-12 18:17:54,Secom,239,70,0.9909,0.9864
2026-04-12 18:17:54,Secom,25,13,0.0485,0.9820
2026-04-12 18:17:55,Secom,32,16,0.0664,0.9898
2026-04-12 18:17:56,Secom,39,20,0.0846,0.9719
2026-04-12 18:17:57,Secom,47,24,0.1099,0.9817
2026-04-12 18:17:59,Secom,54,41,0.1370,1.0007
2026-04-12 18:18:01,Secom,61,61,0.1758,1.0000
2026-04-12 18:18:03,Secom,69,68,0.2401,1.0000
2026-04-12 18:18:05,Secom,76,76,0.3132,1.0000
2026-04-12 18:18:08,Secom,84,83,0.4102,1.0000
2026-04-12 18:18:11,Secom,91,90,0.5157,1.0000
2026-04-12 18:18:15,Secom,98,95,0.6225,1.0000
2026-04-12 18:18:18,Secom,106,103,0.7949,1.0000
2026-04-12 18:18:23,Secom,113,112,0.9244,1.0000
2026-04-12 18:18:25,Secom,120,97,0.9807,1.0003
2026-04-12 18:18:28,Secom,128,92,0.9994,0.9981
2026-04-12 18:18:32,Secom,135,89,1.0367,0.9967
2026-04-12 18:18:36,Secom,143,85,1.0087,0.9940
2026-04-12 18:18:39,Secom,150,84,1.0398,0.9854
2026-04-12 18:18:40,Secom,157,79,0.9860,0.9852
2026-04-12 18:18:43,Secom,165,77,0.9787,0.9949
2026-04-12 18:18:46,Secom,172,75,0.9706,0.9929
2026-04-12 18:18:51,Secom,179,75,0.9996,0.9916
2026-04-12 18:18:56,Secom,187,76,1.0493,0.9957
2026-04-12 18:18:59,Secom,194,72,0.9794,0.9928
2026-04-12 18:19:04,Secom,202,71,0.9610,0.9832
2026-04-12 18:19:09,Secom,209,71,0.9791,0.9884
2026-04-12 18:19:15,Secom,216,70,1.0251,0.9857
2026-04-12 18:19:23,Secom,224,68,0.9803,0.9906
2026-04-12 18:19:28,Secom,231,72,1.0325,0.9894
2026-04-12 18:19:36,Secom,239,71,1.0273,0.9912
2026-04-12 18:19:36,Arrhythmia,25,13,0.0493,0.9966
2026-04-12 18:19:37,Arrhythmia,28,14,0.0571,0.9634
2026-04-12 18:19:38,Arrhythmia,32,16,0.0652,0.9481
2026-04-12 18:19:39,Arrhythmia,35,18,0.0728,0.9863
2026-04-12 18:19:40,Arrhythmia,39,20,0.0834,0.9796
2026-04-12 18:19:41,Arrhythmia,43,33,0.0968,1.0062
2026-04-12 18:19:42,Arrhythmia,46,35,0.1051,1.0084
2026-04-12 18:19:44,Arrhythmia,50,38,0.1181,1.0088
2026-04-12 18:19:45,Arrhythmia,54,41,0.1323,1.0026
2026-04-12 18:19:47,Arrhythmia,57,57,0.1478,1.0000
2026-04-12 18:19:49,Arrhythmia,61,61,0.1743,1.0000
2026-04-12 18:19:51,Arrhythmia,65,64,0.2029,1.0003
2026-04-12 18:19:53,Arrhythmia,68,67,0.2323,1.0000
2026-04-12 18:19:55,Arrhythmia,72,71,0.2692,1.0002
2026-04-12 18:19:58,Arrhythmia,76,76,0.3119,1.0000
2026-04-12 18:20:00,Arrhythmia,79,79,0.3451,1.0000
2026-04-12 18:20:03,Arrhythmia,83,81,0.3975,1.0002
2026-04-12 18:20:06,Arrhythmia,87,87,0.4453,1.0000
2026-04-12 18:20:09,Arrhythmia,90,89,0.4888,1.0001
2026-04-12 18:20:12,Arrhythmia,94,93,0.5565,1.0000
2026-04-12 18:20:16,Arrhythmia,98,97,0.6217,1.0000
2026-04-12 18:20:19,Arrhythmia,101,98,0.6777,1.0000
2026-04-12 18:20:23,Arrhythmia,105,102,0.7522,1.0001
2026-04-12 18:20:27,Arrhythmia,109,108,0.8444,1.0000
2026-04-12 18:20:31,Arrhythmia,112,111,0.9454,1.0000
2026-04-12 18:20:33,Arrhythmia,116,109,0.9895,1.0002
2026-04-12 18:20:36,Arrhythmia,120,97,0.9981,1.0015
2026-04-12 18:20:38,Arrhythmia,123,100,1.0290,1.0019
2026-04-12 18:20:39,Arrhythmia,127,96,1.0461,1.0020
2026-04-12 18:20:42,Arrhythmia,131,90,0.9829,1.0014
2026-04-12 18:20:43,Arrhythmia,25,13,0.0490,0.9385
2026-04-12 18:20:43,Arrhythmia,28,14,0.0553,0.9905
2026-04-12 18:20:44,Arrhythmia,32,16,0.0653,0.9290
2026-04-12 18:20:45,Arrhythmia,35,18,0.0718,0.9732
2026-04-12 18:20:46,Arrhythmia,39,20,0.0827,0.9775
2026-04-12 18:20:47,Arrhythmia,43,33,0.0965,1.0121
2026-04-12 18:20:49,Arrhythmia,46,35,0.1061,0.9990
2026-04-12 18:20:50,Arrhythmia,50,38,0.1178,0.9973
2026-04-12 18:20:52,Arrhythmia,54,41,0.1312,1.0007
2026-04-12 18:20:53,Arrhythmia,57,57,0.1460,1.0000
2026-04-12 18:20:55,Arrhythmia,61,61,0.1718,1.0000
2026-04-12 18:20:57,Arrhythmia,65,65,0.2070,1.0000
2026-04-12 18:20:59,Arrhythmia,68,68,0.2283,1.0000
2026-04-12 18:21:02,Arrhythmia,72,72,0.2680,1.0000
2026-04-12 18:21:04,Arrhythmia,76,76,0.3097,1.0000
2026-04-12 18:21:07,Arrhythmia,79,77,0.3446,1.0000
2026-04-12 18:21:10,Arrhythmia,83,82,0.3823,1.0001
2026-04-12 18:21:12,Arrhythmia,87,86,0.4395,1.0000
2026-04-12 18:21:15,Arrhythmia,90,90,0.4912,1.0000
2026-04-12 18:21:19,Arrhythmia,94,94,0.5646,1.0000
2026-04-12 18:21:22,Arrhythmia,98,97,0.6225,1.0001
2026-04-12 18:21:26,Arrhythmia,101,101,0.6784,1.0000
2026-04-12 18:21:29,Arrhythmia,105,105,0.7580,1.0000
2026-04-12 18:21:33,Arrhythmia,109,108,0.8604,1.0000
2026-04-12 18:21:37,Arrhythmia,112,112,0.9358,1.0000
2026-04-12 18:21:40,Arrhythmia,116,109,0.9700,1.0001
2026-04-12 18:21:42,Arrhythmia,120,97,0.9855,1.0012
2026-04-12 18:21:45,Arrhythmia,123,100,1.0186,1.0019
2026-04-12 18:21:46,Arrhythmia,127,96,1.0433,1.0016
2026-04-12 18:21:49,Arrhythmia,131,90,0.9721,1.0017
2026-04-12 18:21:49,Arrhythmia,25,13,0.0489,0.9661
2026-04-12 18:21:50,Arrhythmia,28,14,0.0555,0.9873
2026-04-12 18:21:51,Arrhythmia,32,16,0.0653,0.9916
2026-04-12 18:21:51,Arrhythmia,35,18,0.0727,0.9748
2026-04-12 18:21:53,Arrhythmia,39,30,0.0835,1.0029
2026-04-12 18:21:54,Arrhythmia,43,33,0.0957,1.0057
2026-04-12 18:21:55,Arrhythmia,46,35,0.1070,1.0079
2026-04-12 18:21:56,Arrhythmia,50,38,0.1170,1.0034
2026-04-12 18:21:58,Arrhythmia,54,41,0.1304,1.0022
2026-04-12 18:22:00,Arrhythmia,57,43,0.1455,1.0069
2026-04-12 18:22:01,Arrhythmia,61,58,0.1757,1.0010
2026-04-12 18:22:04,Arrhythmia,65,65,0.2033,1.0000
2026-04-12 18:22:06,Arrhythmia,68,68,0.2296,1.0000
2026-04-12 18:22:08,Arrhythmia,72,72,0.2717,1.0000
2026-04-12 18:22:11,Arrhythmia,76,74,0.3132,1.0003
2026-04-12 18:22:13,Arrhythmia,79,78,0.3461,1.0002
2026-04-12 18:22:16,Arrhythmia,83,83,0.3903,1.0000
2026-04-12 18:22:19,Arrhythmia,87,87,0.4429,1.0000
2026-04-12 18:22:22,Arrhythmia,90,90,0.4885,1.0000
2026-04-12 18:22:25,Arrhythmia,94,93,0.5486,1.0000
2026-04-12 18:22:28,Arrhythmia,98,95,0.6233,1.0001
2026-04-12 18:22:32,Arrhythmia,101,101,0.6900,1.0000
2026-04-12 18:22:36,Arrhythmia,105,105,0.7574,1.0000
2026-04-12 18:22:39,Arrhythmia,109,109,0.8587,1.0000
2026-04-12 18:22:44,Arrhythmia,112,111,0.9451,1.0000
2026-04-12 18:22:46,Arrhythmia,116,109,0.9826,1.0001
2026-04-12 18:22:48,Arrhythmia,120,105,1.0494,1.0002
2026-04-12 18:22:50,Arrhythmia,123,100,1.0242,1.0011
2026-04-12 18:22:52,Arrhythmia,127,96,1.0492,1.0015
2026-04-12 18:22:54,Arrhythmia,131,90,0.9766,1.0044
2026-04-12 18:22:55,Arrhythmia,25,13,0.0501,0.9960
2026-04-12 18:22:55,Arrhythmia,28,14,0.0547,0.9677
2026-04-12 18:22:56,Arrhythmia,32,16,0.0668,0.9856
2026-04-12 18:22:57,Arrhythmia,35,18,0.0731,0.9848
2026-04-12 18:22:58,Arrhythmia,39,30,0.0832,1.0044
2026-04-12 18:22:59,Arrhythmia,43,33,0.0957,1.0008
2026-04-12 18:23:01,Arrhythmia,46,35,0.1050,1.0067
2026-04-12 18:23:02,Arrhythmia,50,38,0.1169,1.0007
2026-04-12 18:23:04,Arrhythmia,54,41,0.1333,1.0085
2026-04-12 18:23:05,Arrhythmia,57,56,0.1468,1.0000
2026-04-12 18:23:07,Arrhythmia,61,60,0.1726,1.0005
2026-04-12 18:23:09,Arrhythmia,65,64,0.2048,1.0001
2026-04-12 18:23:11,Arrhythmia,68,68,0.2282,1.0000
2026-04-12 18:23:14,Arrhythmia,72,72,0.2738,1.0000
2026-04-12 18:23:16,Arrhythmia,76,76,0.3134,1.0000
2026-04-12 18:23:19,Arrhythmia,79,79,0.3440,1.0000
2026-04-12 18:23:21,Arrhythmia,83,83,0.3870,1.0000
2026-04-12 18:23:24,Arrhythmia,87,86,0.4461,1.0002
2026-04-12 18:23:27,Arrhythmia,90,88,0.5010,1.0001
2026-04-12 18:23:31,Arrhythmia,94,94,0.5547,1.0000
2026-04-12 18:23:34,Arrhythmia,98,97,0.6193,1.0000
2026-04-12 18:23:37,Arrhythmia,101,101,0.6736,1.0000
2026-04-12 18:23:41,Arrhythmia,105,99,0.7597,1.0001
2026-04-12 18:23:45,Arrhythmia,109,109,0.8502,1.0000
2026-04-12 18:23:49,Arrhythmia,112,109,0.9403,1.0000
2026-04-12 18:23:51,Arrhythmia,116,102,0.9558,1.0010
2026-04-12 18:23:53,Arrhythmia,120,97,0.9783,1.0025
2026-04-12 18:23:56,Arrhythmia,123,100,1.0354,1.0028
2026-04-12 18:23:57,Arrhythmia,127,96,1.0435,1.0017
2026-04-12 18:24:00,Arrhythmia,131,90,0.9771,1.0033
2026-04-12 18:24:00,Arrhythmia,25,13,0.0479,0.9813
2026-04-12 18:24:01,Arrhythmia,28,14,0.0550,1.0028
2026-04-12 18:24:02,Arrhythmia,32,16,0.0651,0.9640
2026-04-12 18:24:03,Arrhythmia,35,18,0.0730,0.9786
2026-04-12 18:24:04,Arrhythmia,39,20,0.0828,0.9752
2026-04-12 18:24:05,Arrhythmia,43,33,0.0952,0.9989
2026-04-12 18:24:06,Arrhythmia,46,35,0.1058,1.0012
2026-04-12 18:24:08,Arrhythmia,50,38,0.1188,0.9988
2026-04-12 18:24:09,Arrhythmia,54,27,0.1337,0.9794
2026-04-12 18:24:11,Arrhythmia,57,54,0.1462,1.0012
2026-04-12 18:24:13,Arrhythmia,61,61,0.1742,1.0000
2026-04-12 18:24:15,Arrhythmia,65,65,0.2011,1.0000
2026-04-12 18:24:17,Arrhythmia,68,67,0.3566,1.0000
2026-04-12 18:24:20,Arrhythmia,72,68,0.3871,1.0004
2026-04-12 18:24:22,Arrhythmia,76,75,0.3166,1.0000
2026-04-12 18:24:25,Arrhythmia,79,75,0.3550,1.0010
2026-04-12 18:24:28,Arrhythmia,83,81,0.3967,1.0001
2026-04-12 18:24:30,Arrhythmia,87,82,0.4424,1.0003
2026-04-12 18:24:34,Arrhythmia,90,90,0.4906,1.0000
2026-04-12 18:24:37,Arrhythmia,94,92,0.5662,1.0003
2026-04-12 18:24:40,Arrhythmia,98,97,0.6166,1.0000
2026-04-12 18:24:44,Arrhythmia,101,100,0.6817,1.0003
2026-04-12 18:24:47,Arrhythmia,105,105,0.7541,1.0000
2026-04-12 18:24:51,Arrhythmia,109,106,0.8451,1.0000
2026-04-12 18:24:55,Arrhythmia,112,112,0.9340,1.0000
2026-04-12 18:24:58,Arrhythmia,116,109,0.9678,1.0001
2026-04-12 18:25:00,Arrhythmia,120,97,1.0172,1.0015
2026-04-12 18:25:01,Arrhythmia,123,93,0.9594,1.0037
2026-04-12 18:25:03,Arrhythmia,127,96,1.0011,1.0022
2026-04-12 18:25:05,Arrhythmia,131,90,1.0152,1.0026
2026-04-12 18:25:20,Synthetic_high_corr,25,13,0.0631,0.9999
2026-04-12 18:25:21,Synthetic_high_corr,41,21,0.0981,0.9998
2026-04-12 18:25:21,Synthetic_high_corr,57,29,0.1406,0.9998
2026-04-12 18:25:21,Synthetic_high_corr,74,37,0.2055,0.9998
2026-04-12 18:25:21,Synthetic_high_corr,90,45,0.2665,0.9998
2026-04-12 18:25:22,Synthetic_high_corr,106,53,0.3576,0.9998
2026-04-12 18:25:22,Synthetic_high_corr,123,62,0.5298,0.9999
2026-04-12 18:25:23,Synthetic_high_corr,139,70,0.7123,0.9999
2026-04-12 18:25:24,Synthetic_high_corr,156,78,0.9673,0.9999
2026-04-12 18:25:25,Synthetic_high_corr,172,86,1.2595,0.9999
2026-04-12 18:25:26,Synthetic_high_corr,188,94,1.5982,0.9999
2026-04-12 18:25:27,Synthetic_high_corr,205,103,1.9371,0.9999
2026-04-12 18:25:29,Synthetic_high_corr,221,111,2.3447,0.9999
2026-04-12 18:25:31,Synthetic_high_corr,237,119,2.7599,1.0000
2026-04-12 18:25:33,Synthetic_high_corr,254,127,3.3480,0.9999
2026-04-12 18:25:36,Synthetic_high_corr,270,135,3.8773,0.9999
2026-04-12 18:25:40,Synthetic_high_corr,287,144,4.4070,0.9999
2026-04-12 18:25:44,Synthetic_high_corr,303,152,4.9262,0.9999
2026-04-12 18:25:50,Synthetic_high_corr,319,160,5.5324,0.9999
2026-04-12 18:25:56,Synthetic_high_corr,336,168,6.6160,0.9999
2026-04-12 18:26:03,Synthetic_high_corr,352,176,7.3886,0.9999
2026-04-12 18:26:11,Synthetic_high_corr,368,184,8.1047,0.9999
2026-04-12 18:26:20,Synthetic_high_corr,385,193,8.1043,0.9999
2026-04-12 18:26:31,Synthetic_high_corr,401,201,8.8263,0.9999
2026-04-12 18:26:44,Synthetic_high_corr,418,209,9.5713,0.9999
2026-04-12 18:26:59,Synthetic_high_corr,434,217,10.4067,0.9999
2026-04-12 18:27:15,Synthetic_high_corr,450,225,11.4203,0.9999
2026-04-12 18:27:34,Synthetic_high_corr,467,234,12.1634,0.9999
2026-04-12 18:27:56,Synthetic_high_corr,483,242,13.0312,0.9999
2026-04-12 18:28:20,Synthetic_high_corr,500,250,14.5791,0.9999
2026-04-12 18:28:20,Synthetic_high_corr,25,13,0.0492,0.9996
2026-04-12 18:28:20,Synthetic_high_corr,41,21,0.0901,0.9998
2026-04-12 18:28:20,Synthetic_high_corr,57,29,0.1406,0.9998
2026-04-12 18:28:20,Synthetic_high_corr,74,37,0.2039,1.0000
2026-04-12 18:28:21,Synthetic_high_corr,90,45,0.2637,0.9999
2026-04-12 18:28:21,Synthetic_high_corr,106,53,0.3615,0.9999
2026-04-12 18:28:22,Synthetic_high_corr,123,62,0.5220,0.9999
2026-04-12 18:28:22,Synthetic_high_corr,139,70,0.6976,0.9999
2026-04-12 18:28:23,Synthetic_high_corr,156,78,0.9733,0.9999
2026-04-12 18:28:24,Synthetic_high_corr,172,86,1.2401,0.9999
2026-04-12 18:28:25,Synthetic_high_corr,188,94,1.5888,0.9999
2026-04-12 18:28:27,Synthetic_high_corr,205,103,1.9426,0.9999
2026-04-12 18:28:28,Synthetic_high_corr,221,111,2.3598,0.9999
2026-04-12 18:28:30,Synthetic_high_corr,237,119,2.7956,0.9999
2026-04-12 18:28:33,Synthetic_high_corr,254,127,3.2934,0.9999
2026-04-12 18:28:36,Synthetic_high_corr,270,135,3.8291,0.9999
2026-04-12 18:28:40,Synthetic_high_corr,287,144,4.3807,0.9999
2026-04-12 18:28:44,Synthetic_high_corr,303,152,4.9333,0.9999
2026-04-12 18:28:49,Synthetic_high_corr,319,160,5.5435,0.9999
2026-04-12 18:28:55,Synthetic_high_corr,336,168,6.6687,0.9999
2026-04-12 18:29:02,Synthetic_high_corr,352,176,7.3037,0.9999
2026-04-12 18:29:10,Synthetic_high_corr,368,184,8.1025,0.9999
2026-04-12 18:29:20,Synthetic_high_corr,385,193,8.0882,0.9999
2026-04-12 18:29:31,Synthetic_high_corr,401,201,8.8474,0.9999
2026-04-12 18:29:44,Synthetic_high_corr,418,209,9.5417,0.9999
2026-04-12 18:29:58,Synthetic_high_corr,434,217,10.3908,0.9999
2026-04-12 18:30:15,Synthetic_high_corr,450,225,11.3943,0.9999
2026-04-12 18:30:34,Synthetic_high_corr,467,234,12.1619,0.9999
2026-04-12 18:30:55,Synthetic_high_corr,483,242,13.0186,0.9999
2026-04-12 18:31:19,Synthetic_high_corr,500,250,14.5925,0.9999
2026-04-12 18:31:19,Synthetic_high_corr,25,13,0.0493,0.9995
2026-04-12 18:31:20,Synthetic_high_corr,41,21,0.0892,0.9999
2026-04-12 18:31:20,Synthetic_high_corr,57,29,0.1411,0.9999
2026-04-12 18:31:20,Synthetic_high_corr,74,37,0.2050,0.9999
2026-04-12 18:31:20,Synthetic_high_corr,90,45,0.2640,0.9998
2026-04-12 18:31:21,Synthetic_high_corr,106,53,0.3578,0.9999
2026-04-12 18:31:21,Synthetic_high_corr,123,62,0.5213,0.9999
2026-04-12 18:31:22,Synthetic_high_corr,139,70,0.7064,1.0000
2026-04-12 18:31:23,Synthetic_high_corr,156,78,0.9607,0.9999
2026-04-12 18:31:24,Synthetic_high_corr,172,86,1.2599,0.9999
2026-04-12 18:31:25,Synthetic_high_corr,188,94,1.5798,0.9999
2026-04-12 18:31:26,Synthetic_high_corr,205,103,1.9182,0.9999
2026-04-12 18:31:28,Synthetic_high_corr,221,111,2.3579,0.9999
2026-04-12 18:31:30,Synthetic_high_corr,237,119,2.7989,1.0000
2026-04-12 18:31:32,Synthetic_high_corr,254,127,3.3069,0.9999
2026-04-12 18:31:35,Synthetic_high_corr,270,135,3.8457,0.9999
2026-04-12 18:31:39,Synthetic_high_corr,287,144,4.4176,0.9999
2026-04-12 18:31:43,Synthetic_high_corr,303,152,4.9056,0.9999
2026-04-12 18:31:48,Synthetic_high_corr,319,160,5.5330,0.9999
2026-04-12 18:31:54,Synthetic_high_corr,336,168,6.6353,0.9999
2026-04-12 18:32:01,Synthetic_high_corr,352,176,7.5261,0.9999
2026-04-12 18:32:10,Synthetic_high_corr,368,184,8.2149,0.9999
2026-04-12 18:32:19,Synthetic_high_corr,385,193,8.1118,0.9999
2026-04-12 18:32:30,Synthetic_high_corr,401,201,8.8091,0.9999
2026-04-12 18:32:43,Synthetic_high_corr,418,209,9.5811,0.9999
2026-04-12 18:32:58,Synthetic_high_corr,434,217,10.3020,0.9999
2026-04-12 18:33:14,Synthetic_high_corr,450,225,11.3723,0.9999
2026-04-12 18:33:33,Synthetic_high_corr,467,234,12.1586,0.9999
2026-04-12 18:33:55,Synthetic_high_corr,483,242,13.0445,0.9999
2026-04-12 18:34:19,Synthetic_high_corr,500,250,14.5791,0.9999
2026-04-12 18:34:19,Synthetic_high_corr,25,13,0.0495,1.0000
2026-04-12 18:34:19,Synthetic_high_corr,41,21,0.0887,0.9996
2026-04-12 18:34:19,Synthetic_high_corr,57,29,0.1402,0.9997
2026-04-12 18:34:20,Synthetic_high_corr,74,37,0.2015,0.9999
2026-04-12 18:34:20,Synthetic_high_corr,90,45,0.2677,1.0000
2026-04-12 18:34:20,Synthetic_high_corr,106,53,0.3615,0.9999
2026-04-12 18:34:21,Synthetic_high_corr,123,62,0.5197,0.9999
2026-04-12 18:34:21,Synthetic_high_corr,139,70,0.7021,0.9999
2026-04-12 18:34:22,Synthetic_high_corr,156,78,0.9689,0.9999
2026-04-12 18:34:23,Synthetic_high_corr,172,86,1.2380,0.9999
2026-04-12 18:34:24,Synthetic_high_corr,188,94,1.5879,0.9999
2026-04-12 18:34:26,Synthetic_high_corr,205,103,1.9328,0.9999
2026-04-12 18:34:27,Synthetic_high_corr,221,111,2.3443,0.9999
2026-04-12 18:34:29,Synthetic_high_corr,237,119,2.8170,1.0000
2026-04-12 18:34:32,Synthetic_high_corr,254,127,3.2902,0.9999
2026-04-12 18:34:35,Synthetic_high_corr,270,135,3.8447,0.9999
2026-04-12 18:34:39,Synthetic_high_corr,287,144,4.4212,0.9999
2026-04-12 18:34:43,Synthetic_high_corr,303,152,4.8740,0.9999
2026-04-12 18:34:48,Synthetic_high_corr,319,160,5.5280,0.9999
2026-04-12 18:34:54,Synthetic_high_corr,336,168,6.6280,0.9999
2026-04-12 18:35:01,Synthetic_high_corr,352,176,7.3769,0.9999
2026-04-12 18:35:09,Synthetic_high_corr,368,184,8.0601,0.9999
2026-04-12 18:35:19,Synthetic_high_corr,385,193,8.1213,0.9999
2026-04-12 18:35:30,Synthetic_high_corr,401,201,8.7992,0.9999
2026-04-12 18:35:42,Synthetic_high_corr,418,209,9.5557,0.9999
2026-04-12 18:35:57,Synthetic_high_corr,434,217,10.3449,0.9999
2026-04-12 18:36:14,Synthetic_high_corr,450,225,11.3895,0.9999
2026-04-12 18:36:33,Synthetic_high_corr,467,234,12.1630,0.9999
2026-04-12 18:36:54,Synthetic_high_corr,483,242,13.0481,0.9999
2026-04-12 18:37:18,Synthetic_high_corr,500,250,14.6024,0.9999
2026-04-12 18:37:18,Synthetic_high_corr,25,13,0.0510,0.9995
2026-04-12 18:37:18,Synthetic_high_corr,41,21,0.0897,0.9995
2026-04-12 18:37:19,Synthetic_high_corr,57,29,0.1416,0.9999
2026-04-12 18:37:19,Synthetic_high_corr,74,37,0.2025,0.9998
2026-04-12 18:37:19,Synthetic_high_corr,90,45,0.2638,1.0000
2026-04-12 18:37:20,Synthetic_high_corr,106,53,0.3572,1.0000
2026-04-12 18:37:20,Synthetic_high_corr,123,62,0.5307,1.0000
2026-04-12 18:37:21,Synthetic_high_corr,139,70,0.6881,0.9999
2026-04-12 18:37:22,Synthetic_high_corr,156,78,0.9581,0.9999
2026-04-12 18:37:22,Synthetic_high_corr,172,86,1.2556,0.9999
2026-04-12 18:37:24,Synthetic_high_corr,188,94,1.5918,0.9999
2026-04-12 18:37:25,Synthetic_high_corr,205,103,1.9122,0.9999
2026-04-12 18:37:27,Synthetic_high_corr,221,111,2.3516,0.9999
2026-04-12 18:37:29,Synthetic_high_corr,237,119,2.7806,0.9999
2026-04-12 18:37:31,Synthetic_high_corr,254,127,3.2917,0.9999
2026-04-12 18:37:34,Synthetic_high_corr,270,135,3.7420,0.9999
2026-04-12 18:37:38,Synthetic_high_corr,287,144,4.4122,0.9999
2026-04-12 18:37:42,Synthetic_high_corr,303,152,4.9017,0.9999
2026-04-12 18:37:47,Synthetic_high_corr,319,160,5.5425,0.9999
2026-04-12 18:37:53,Synthetic_high_corr,336,168,6.6612,0.9999
2026-04-12 18:38:00,Synthetic_high_corr,352,176,7.4253,0.9999
2026-04-12 18:38:09,Synthetic_high_corr,368,184,8.0941,0.9999
2026-04-12 18:38:18,Synthetic_high_corr,385,193,8.1299,0.9999
2026-04-12 18:38:29,Synthetic_high_corr,401,201,8.8322,0.9999
2026-04-12 18:38:42,Synthetic_high_corr,418,209,9.5663,0.9999
2026-04-12 18:38:57,Synthetic_high_corr,434,217,10.4018,0.9999
2026-04-12 18:39:13,Synthetic_high_corr,450,225,11.3617,0.9999
2026-04-12 18:39:32,Synthetic_high_corr,467,234,12.1581,0.9999
2026-04-12 18:39:54,Synthetic_high_corr,483,242,13.1028,0.9999
2026-04-12 18:40:18,Synthetic_high_corr,500,250,14.6621,0.9999
2026-04-12 18:40:19,Mnist,25,13,0.0515,0.9874
2026-04-12 18:40:19,Mnist,46,23,0.1030,0.9759
2026-04-12 18:40:19,Mnist,67,34,0.1748,0.9871
2026-04-12 18:40:20,Mnist,88,44,0.2600,0.9786
2026-04-12 18:40:20,Mnist,109,55,0.3913,0.9881
2026-04-12 18:40:21,Mnist,130,65,0.5883,0.9944
2026-04-12 18:40:21,Mnist,152,76,0.9338,0.9927
2026-04-12 18:40:22,Mnist,173,87,1.2664,0.9940
2026-04-12 18:40:24,Mnist,194,97,1.6839,0.9946
2026-04-12 18:40:25,Mnist,215,108,2.2166,1.0001
2026-04-12 18:40:27,Mnist,236,118,2.8093,0.9959
2026-04-12 18:40:30,Mnist,257,129,3.2734,0.9995
2026-04-12 18:40:33,Mnist,279,140,3.9985,1.0019
2026-04-12 18:40:37,Mnist,300,150,4.8682,1.0023
2026-04-12 18:40:42,Mnist,321,161,5.4330,1.0012
2026-04-12 18:40:49,Mnist,342,171,6.1869,0.9997
2026-04-12 18:40:57,Mnist,363,182,7.2135,0.9996
2026-04-12 18:41:06,Mnist,384,192,8.5088,1.0031
2026-04-12 18:41:18,Mnist,406,203,9.0339,1.0001
2026-04-12 18:41:32,Mnist,427,214,9.8131,1.0036
2026-04-12 18:41:48,Mnist,448,224,12.0818,1.0036
2026-04-12 18:42:07,Mnist,469,235,12.3331,0.9999
2026-04-12 18:42:30,Mnist,490,245,13.5869,1.0024
2026-04-12 18:42:56,Mnist,511,256,13.4517,1.0026
