Timestamp,Dataset,p,Experiment,k,Steps,Samples,Greedy_Obj,FW_Obj,Ratio,Greedy_Time_s,FW_Time_s,Speedup_x,Status
2026-01-22 01:47:06,Secom,478,vary_k,10,800,100,110.9253,101.2209,0.9125,0.0629,1.1763,0.05,DONE
2026-01-22 01:47:07,Secom,478,vary_k,35,800,100,226.4060,215.1061,0.9501,0.3554,1.1814,0.30,DONE
2026-01-22 01:47:09,Secom,478,vary_k,60,800,100,301.4309,292.3462,0.9699,0.9332,1.1658,0.80,DONE
2026-01-22 01:47:12,Secom,478,vary_k,85,800,100,357.9370,350.8388,0.9802,1.9802,1.1842,1.67,DONE
2026-01-22 01:47:17,Secom,478,vary_k,110,800,100,397.2386,393.2377,0.9899,3.5031,1.2323,2.84,DONE
2026-01-22 01:47:24,Secom,478,vary_k,135,800,100,422.2263,418.1230,0.9903,5.6087,1.1813,4.75,DONE
2026-01-22 01:47:33,Secom,478,vary_k,160,800,100,443.4139,440.7219,0.9939,8.3248,1.1872,7.01,DONE
2026-01-22 01:47:46,Secom,478,vary_k,185,800,100,459.0187,456.8990,0.9954,11.6967,1.1615,10.07,DONE
2026-01-22 01:48:03,Secom,478,vary_k,210,800,100,468.4931,466.8331,0.9965,15.6007,1.2863,12.13,DONE
2026-01-22 01:48:25,Secom,478,vary_k,235,800,100,472.7611,472.2764,0.9990,20.1919,1.1995,16.83,DONE
2026-01-22 01:48:51,Secom,478,vary_k,260,800,100,475.0146,475.0007,1.0000,25.4538,1.2079,21.07,DONE
2026-01-22 01:49:24,Secom,478,vary_k,285,800,100,476.3051,476.3699,1.0001,31.2159,1.2364,25.25,DONE
2026-01-22 01:49:24,Secom,478,vary_k,410,800,100,477.9891,477.9831,1.0000,296.5078,1.2258,241.88,DONE
2026-01-22 01:50:01,Secom,478,vary_k,310,800,100,477.0984,477.1224,1.0001,36.2465,1.1712,30.95,DONE
2026-01-22 01:50:45,Secom,478,vary_k,335,800,100,477.5677,477.5524,1.0000,42.6904,1.1921,35.81,DONE
2026-01-22 01:51:36,Secom,478,vary_k,360,800,100,477.8225,477.8227,1.0000,49.4669,1.2097,40.89,DONE
2026-01-22 01:52:33,Secom,478,vary_k,385,800,100,477.9403,477.9334,1.0000,56.1324,1.2505,44.89,DONE
2026-01-22 01:53:38,Secom,478,vary_k,410,800,100,477.9857,477.9805,1.0000,63.5537,1.3859,45.86,DONE
2026-01-22 01:54:34,Secom,478,vary_k,415,800,100,477.9941,477.9868,1.0000,308.1898,1.3352,230.82,DONE
2026-01-22 01:54:50,Secom,478,vary_k,435,800,100,477.9980,477.9948,1.0000,70.1875,1.2237,57.36,DONE
2026-01-22 01:54:57,Secom,478,vary_nmc,10,800,10,110.9253,86.2259,0.7773,0.0625,0.8295,0.08,DONE
2026-01-22 01:54:58,Secom,478,vary_nmc,10,800,45,110.9253,93.3266,0.8413,0.0629,0.9402,0.07,DONE
2026-01-22 01:54:59,Secom,478,vary_nmc,10,800,80,110.9253,106.2627,0.9580,0.0625,1.0834,0.06,DONE
2026-01-22 01:55:00,Secom,478,vary_nmc,10,800,115,110.9253,101.3888,0.9140,0.0624,1.1885,0.05,DONE
2026-01-22 01:55:02,Secom,478,vary_nmc,10,800,150,110.9253,100.8164,0.9089,0.0628,1.3177,0.05,DONE
2026-01-22 01:55:03,Secom,478,vary_nmc,10,800,185,110.9253,99.5279,0.8973,0.0627,1.5506,0.04,DONE
2026-01-22 01:55:05,Secom,478,vary_nmc,10,800,220,110.9253,105.0759,0.9473,0.0648,1.5737,0.04,DONE
2026-01-22 01:55:07,Secom,478,vary_nmc,10,800,255,110.9253,106.2348,0.9577,0.0615,1.7063,0.04,DONE
2026-01-22 01:55:09,Secom,478,vary_nmc,10,800,290,110.9253,104.4610,0.9417,0.0634,1.8774,0.03,DONE
2026-01-22 01:55:11,Secom,478,vary_nmc,10,800,325,110.9253,104.7079,0.9439,0.0640,1.9954,0.03,DONE
2026-01-22 01:55:13,Secom,478,vary_nmc,10,800,360,110.9253,104.3754,0.9410,0.0617,2.1007,0.03,DONE
2026-01-22 01:55:15,Secom,478,vary_nmc,10,800,395,110.9253,106.1175,0.9567,0.0633,2.2854,0.03,DONE
2026-01-22 01:55:18,Secom,478,vary_nmc,10,800,430,110.9253,100.6641,0.9075,0.0630,2.3898,0.03,DONE
2026-01-22 01:55:20,Secom,478,vary_nmc,10,800,465,110.9253,101.4136,0.9143,0.0642,2.5904,0.02,DONE
2026-01-22 01:55:26,Secom,478,vary_steps,20,100,100,165.9395,133.8470,0.8066,0.1460,0.1456,1.00,DONE
2026-01-22 01:55:27,Secom,478,vary_steps,20,150,100,165.9395,147.5130,0.8890,0.1477,0.2185,0.68,DONE
2026-01-22 01:55:27,Secom,478,vary_steps,20,200,100,165.9395,141.4235,0.8523,0.1455,0.2896,0.50,DONE
2026-01-22 01:55:28,Secom,478,vary_steps,20,250,100,165.9395,151.2304,0.9114,0.1472,0.3635,0.40,DONE
2026-01-22 01:55:28,Secom,478,vary_steps,20,300,100,165.9395,145.6511,0.8777,0.1468,0.4384,0.33,DONE
2026-01-22 01:55:29,Secom,478,vary_steps,20,350,100,165.9395,147.7517,0.8904,0.1481,0.5040,0.29,DONE
2026-01-22 01:55:30,Secom,478,vary_steps,20,400,100,165.9395,153.4440,0.9247,0.1465,0.5740,0.26,DONE
2026-01-22 01:55:30,Secom,478,vary_steps,20,450,100,165.9395,153.5179,0.9251,0.1477,0.6504,0.23,DONE
2026-01-22 01:55:31,Secom,478,vary_steps,20,500,100,165.9395,154.5425,0.9313,0.1473,0.7195,0.20,DONE
2026-01-22 01:55:32,Secom,478,vary_steps,20,550,100,165.9395,153.1687,0.9230,0.1460,0.8027,0.18,DONE
2026-01-22 01:55:33,Secom,478,vary_steps,20,600,100,165.9395,149.1546,0.8988,0.1458,0.8668,0.17,DONE
2026-01-22 01:55:34,Secom,478,vary_steps,20,650,100,165.9395,145.8465,0.8789,0.1478,0.9403,0.16,DONE
2026-01-22 01:55:35,Secom,478,vary_steps,20,700,100,165.9395,157.9181,0.9517,0.1496,1.0150,0.15,DONE
2026-01-22 01:55:37,Secom,478,vary_steps,20,750,100,165.9395,149.8838,0.9032,0.1460,1.0838,0.13,DONE
2026-01-22 01:55:38,Secom,478,vary_steps,20,800,100,165.9395,150.4439,0.9066,0.1509,1.1576,0.13,DONE
2026-01-22 01:55:39,Secom,478,vary_steps,20,850,100,165.9395,152.2099,0.9173,0.1483,1.2277,0.12,DONE
2026-01-22 01:55:41,Secom,478,vary_steps,20,900,100,165.9395,155.9536,0.9398,0.1518,1.3577,0.11,DONE
2026-01-22 01:55:42,Secom,478,vary_steps,20,950,100,165.9395,150.1922,0.9051,0.1477,1.3687,0.11,DONE
2026-01-22 01:55:44,Secom,478,vary_steps,20,1000,100,165.9395,152.6837,0.9201,0.1497,1.4494,0.10,DONE
2026-01-22 01:55:46,Secom,478,vary_steps,20,1050,100,165.9395,151.7749,0.9146,0.1509,1.5253,0.10,DONE
2026-01-22 01:55:47,Secom,478,vary_steps,20,1100,100,165.9395,153.0726,0.9225,0.1519,1.5991,0.09,DONE
2026-01-22 01:55:49,Secom,478,vary_steps,20,1150,100,165.9395,153.4210,0.9246,0.1534,1.6721,0.09,DONE
2026-01-22 01:55:51,Secom,478,vary_steps,20,1200,100,165.9395,154.9051,0.9335,0.1498,1.7569,0.09,DONE
2026-01-22 01:55:53,Secom,478,vary_steps,20,1250,100,165.9395,154.5267,0.9312,0.1486,1.8107,0.08,DONE
2026-01-22 01:55:55,Secom,478,vary_steps,20,1300,100,165.9395,153.0931,0.9226,0.1494,1.8910,0.08,DONE
2026-01-22 01:55:57,Secom,478,vary_steps,20,1350,100,165.9395,154.6384,0.9319,0.1467,2.0119,0.07,DONE
2026-01-22 01:56:00,Secom,478,vary_steps,20,1400,100,165.9395,151.7490,0.9145,0.1491,2.0479,0.07,DONE
2026-01-22 01:56:02,Secom,478,vary_steps,20,1450,100,165.9395,159.1001,0.9588,0.1542,2.1125,0.07,DONE
2026-01-22 01:56:04,Secom,478,vary_steps,20,1500,100,165.9395,155.2544,0.9356,0.1525,2.3033,0.07,DONE
2026-01-22 01:56:07,Secom,478,vary_steps,20,1550,100,165.9395,153.4687,0.9248,0.1556,2.2754,0.07,DONE
2026-01-22 01:56:09,Secom,478,vary_steps,20,1600,100,165.9395,153.6432,0.9259,0.1524,2.3525,0.06,DONE
2026-01-22 01:56:12,Secom,478,vary_steps,20,1650,100,165.9395,154.8331,0.9331,0.1538,2.4223,0.06,DONE
2026-01-22 01:56:15,Secom,478,vary_steps,20,1700,100,165.9395,153.7474,0.9265,0.1490,2.5039,0.06,DONE
2026-01-22 01:56:17,Secom,478,vary_steps,20,1750,100,165.9395,155.1443,0.9349,0.1552,2.5639,0.06,DONE
2026-01-22 01:56:20,Secom,478,vary_steps,20,1800,100,165.9395,159.5208,0.9613,0.1483,2.6500,0.06,DONE
2026-01-22 01:56:23,Secom,478,vary_steps,20,1850,100,165.9395,153.2961,0.9238,0.1532,2.7300,0.06,DONE
2026-01-22 01:56:26,Secom,478,vary_steps,20,1900,100,165.9395,156.0245,0.9402,0.1523,2.8553,0.05,DONE
2026-01-22 01:56:29,Secom,478,vary_steps,20,1950,100,165.9395,157.9538,0.9519,0.1512,2.8717,0.05,DONE
2026-01-22 01:56:32,Secom,478,vary_steps,20,2000,100,165.9395,152.4630,0.9188,0.1517,2.9683,0.05,DONE
2026-01-22 01:56:35,Secom,478,vary_steps,20,2050,100,165.9395,158.3014,0.9540,0.1542,3.0349,0.05,DONE
2026-01-22 01:56:39,Secom,478,vary_steps,20,2100,100,165.9395,155.0325,0.9343,0.1527,3.1596,0.05,DONE
2026-01-22 01:56:42,Secom,478,vary_steps,20,2150,100,165.9395,155.5296,0.9373,0.1595,3.2089,0.05,DONE
2026-01-22 01:56:45,Secom,478,vary_steps,20,2200,100,165.9395,152.9722,0.9219,0.1550,3.2497,0.05,DONE
2026-01-22 01:56:49,Secom,478,vary_steps,20,2250,100,165.9395,157.0033,0.9461,0.1510,3.3647,0.04,DONE
2026-01-22 01:56:53,Secom,478,vary_steps,20,2300,100,165.9395,152.9777,0.9219,0.1512,3.4831,0.04,DONE
2026-01-22 01:56:56,Secom,478,vary_steps,20,2350,100,165.9395,154.1644,0.9290,0.1536,3.4937,0.04,DONE
2026-01-22 01:57:00,Secom,478,vary_steps,20,2400,100,165.9395,158.0196,0.9523,0.1542,3.5772,0.04,DONE
2026-01-22 01:57:04,Secom,478,vary_steps,20,2450,100,165.9395,157.4791,0.9490,0.1545,3.7533,0.04,DONE
2026-01-22 01:57:08,Secom,478,vary_steps,20,2500,100,165.9395,156.4331,0.9427,0.1536,3.7286,0.04,DONE
2026-01-22 01:57:12,Secom,478,vary_steps,20,2550,100,165.9395,158.4293,0.9547,0.1584,3.9472,0.04,DONE
2026-01-22 01:57:16,Secom,478,vary_steps,20,2600,100,165.9395,155.4786,0.9370,0.1522,3.8762,0.04,DONE
2026-01-22 01:57:20,Secom,478,vary_steps,20,2650,100,165.9395,152.0914,0.9165,0.1547,3.9450,0.04,DONE
2026-01-22 01:57:24,Secom,478,vary_steps,20,2700,100,165.9395,156.6129,0.9438,0.1571,3.9960,0.04,DONE
2026-01-22 01:57:29,Secom,478,vary_steps,20,2750,100,165.9395,157.9298,0.9517,0.1523,4.1419,0.04,DONE
2026-01-22 01:57:33,Secom,478,vary_steps,20,2800,100,165.9395,154.6456,0.9319,0.1487,4.1728,0.04,DONE
2026-01-22 01:57:37,Secom,478,vary_steps,20,2850,100,165.9395,158.8533,0.9573,0.1514,4.2394,0.04,DONE
2026-01-22 01:57:42,Secom,478,vary_steps,20,2900,100,165.9395,158.7246,0.9565,0.1510,4.3662,0.03,DONE
2026-01-22 01:57:46,Secom,478,vary_steps,20,2950,100,165.9395,155.0130,0.9342,0.1478,4.4036,0.03,DONE
2026-01-22 01:57:46,Synthetic_VaryP,25,vary_p,20,800,100,20374.0490,20374.0490,1.0000,0.0046,0.0411,0.11,DONE
2026-01-22 01:57:46,Synthetic_VaryP,35,vary_p,20,800,100,20998.2561,20915.2375,0.9960,0.0080,0.0486,0.16,DONE
2026-01-22 01:57:47,Synthetic_VaryP,45,vary_p,20,800,100,21348.0316,21229.0027,0.9944,0.0115,0.0560,0.21,DONE
2026-01-22 01:57:47,Synthetic_VaryP,55,vary_p,20,800,100,21538.0138,21285.4286,0.9883,0.0136,0.0636,0.21,DONE
2026-01-22 01:57:47,Synthetic_VaryP,65,vary_p,20,800,100,21767.3770,21518.1106,0.9885,0.0167,0.0762,0.22,DONE
2026-01-22 01:57:47,Synthetic_VaryP,75,vary_p,20,800,100,22131.2259,21935.3465,0.9911,0.0225,0.0844,0.27,DONE
2026-01-22 01:57:47,Synthetic_VaryP,85,vary_p,20,800,100,22506.4695,22024.3010,0.9786,0.0232,0.0953,0.24,DONE
2026-01-22 01:57:47,Synthetic_VaryP,95,vary_p,20,800,100,22869.2289,22480.5224,0.9830,0.0267,0.1009,0.26,DONE
2026-01-22 01:57:47,Synthetic_VaryP,105,vary_p,20,800,100,22890.5695,22493.9369,0.9827,0.0294,0.1171,0.25,DONE
2026-01-22 01:57:47,Synthetic_VaryP,115,vary_p,20,800,100,23148.9884,22500.6929,0.9720,0.0330,0.1307,0.25,DONE
2026-01-22 01:57:48,Synthetic_VaryP,125,vary_p,20,800,100,23546.5524,22970.9345,0.9756,0.0417,0.1481,0.28,DONE
2026-01-22 01:57:48,Synthetic_VaryP,135,vary_p,20,800,100,23717.0455,22924.9014,0.9666,0.0410,0.1590,0.26,DONE
2026-01-22 01:57:48,Synthetic_VaryP,145,vary_p,20,800,100,24113.3710,23459.4875,0.9729,0.0425,0.1730,0.25,DONE
2026-01-22 01:57:48,Synthetic_VaryP,155,vary_p,20,800,100,24145.2091,23275.4642,0.9640,0.0451,0.1823,0.25,DONE
2026-01-22 01:57:48,Synthetic_VaryP,165,vary_p,20,800,100,24392.2481,23618.6233,0.9683,0.0518,0.2010,0.26,DONE
2026-01-22 01:57:49,Synthetic_VaryP,175,vary_p,20,800,100,24781.2326,24135.9461,0.9740,0.0507,0.2151,0.24,DONE
2026-01-22 01:57:49,Synthetic_VaryP,185,vary_p,20,800,100,24966.4342,24076.8782,0.9644,0.0547,0.2316,0.24,DONE
2026-01-22 01:57:49,Synthetic_VaryP,195,vary_p,20,800,100,25206.5266,24357.6144,0.9663,0.0576,0.2528,0.23,DONE
2026-01-22 01:57:50,Synthetic_VaryP,205,vary_p,20,800,100,25285.4541,24392.6678,0.9647,0.0600,0.2736,0.22,DONE
2026-01-22 01:57:50,Synthetic_VaryP,215,vary_p,20,800,100,25625.1963,24661.6850,0.9624,0.0638,0.2857,0.22,DONE
2026-01-22 01:57:50,Synthetic_VaryP,225,vary_p,20,800,100,25721.3480,24989.7342,0.9716,0.0673,0.3108,0.22,DONE
2026-01-22 01:57:51,Synthetic_VaryP,235,vary_p,20,800,100,25923.0462,25014.4419,0.9649,0.0700,0.3301,0.21,DONE
2026-01-22 01:57:51,Synthetic_VaryP,245,vary_p,20,800,100,26361.1813,25025.7440,0.9493,0.0767,0.3513,0.22,DONE
2026-01-22 01:57:52,Synthetic_VaryP,255,vary_p,20,800,100,26367.0937,25463.3023,0.9657,0.0768,0.3839,0.20,DONE
2026-01-22 01:57:52,Synthetic_VaryP,265,vary_p,20,800,100,26559.8004,25623.8314,0.9648,0.0796,0.4072,0.20,DONE
2026-01-22 01:57:53,Synthetic_VaryP,275,vary_p,20,800,100,26816.7597,25889.5913,0.9654,0.0825,0.4366,0.19,DONE
2026-01-22 01:57:53,Synthetic_VaryP,285,vary_p,20,800,100,27062.4437,26186.6997,0.9676,0.0863,0.4564,0.19,DONE
2026-01-22 01:57:54,Synthetic_VaryP,295,vary_p,20,800,100,27412.2600,26149.2165,0.9539,0.0905,0.5311,0.17,DONE
2026-01-22 01:57:55,Synthetic_VaryP,305,vary_p,20,800,100,27735.8038,26651.2780,0.9609,0.0977,0.5246,0.19,DONE
2026-01-22 01:57:55,Synthetic_VaryP,315,vary_p,20,800,100,28191.2339,26672.9705,0.9461,0.0986,0.5527,0.18,DONE
2026-01-22 01:57:56,Synthetic_VaryP,325,vary_p,20,800,100,28064.4322,27044.4820,0.9637,0.0979,0.5835,0.17,DONE
2026-01-22 01:57:57,Synthetic_VaryP,335,vary_p,20,800,100,28328.8982,27058.0477,0.9551,0.1038,0.6016,0.17,DONE
2026-01-22 01:57:57,Synthetic_VaryP,345,vary_p,20,800,100,28419.9234,27269.1439,0.9595,0.1046,0.6572,0.16,DONE
2026-01-22 01:57:58,Synthetic_VaryP,355,vary_p,20,800,100,28640.6985,27516.5336,0.9607,0.1076,0.6913,0.16,DONE
2026-01-22 01:57:59,Synthetic_VaryP,365,vary_p,20,800,100,29145.9232,28034.9033,0.9619,0.1179,0.7127,0.17,DONE
2026-01-22 01:58:00,Synthetic_VaryP,375,vary_p,20,800,100,29111.1897,27946.6860,0.9600,0.1168,0.7538,0.16,DONE
2026-01-22 01:58:01,Synthetic_VaryP,385,vary_p,20,800,100,29502.0877,28067.5269,0.9514,0.1199,0.7968,0.15,DONE
2026-01-22 01:58:02,Synthetic_VaryP,395,vary_p,20,800,100,29859.6995,28730.0579,0.9622,0.1234,0.8204,0.15,DONE
2026-01-22 01:58:03,Synthetic_VaryP,405,vary_p,20,800,100,30006.0276,28533.1924,0.9509,0.1255,1.0051,0.12,DONE
2026-01-22 01:58:04,Synthetic_VaryP,415,vary_p,20,800,100,30145.4205,29019.3364,0.9626,0.1331,0.9206,0.14,DONE
2026-01-22 01:58:05,Synthetic_VaryP,425,vary_p,20,800,100,30411.8464,28771.8978,0.9461,0.1367,0.9995,0.14,DONE
2026-01-22 01:58:06,Synthetic_VaryP,435,vary_p,20,800,100,30354.3954,28923.1107,0.9528,0.1380,1.0167,0.14,DONE
2026-01-22 01:58:08,Synthetic_VaryP,445,vary_p,20,800,100,30802.7472,29183.5046,0.9474,0.1449,1.0625,0.14,DONE
2026-01-22 01:58:09,Synthetic_VaryP,455,vary_p,20,800,100,31026.3542,29206.0752,0.9413,0.1457,1.1365,0.13,DONE
2026-01-22 01:58:10,Synthetic_VaryP,465,vary_p,20,800,100,31148.7828,29335.5514,0.9418,0.1508,1.1938,0.13,DONE
2026-01-22 01:58:12,Synthetic_VaryP,475,vary_p,20,800,100,31392.4998,30065.6414,0.9577,0.1524,1.1883,0.13,DONE
2026-01-22 01:58:13,Synthetic_VaryP,485,vary_p,20,800,100,31734.0228,30449.1571,0.9595,0.1600,1.2798,0.12,DONE
2026-01-22 01:58:14,Synthetic_VaryP,495,vary_p,20,800,100,31993.0353,30453.1032,0.9519,0.1571,1.3093,0.12,DONE
2026-01-22 01:58:16,Synthetic_VaryP,505,vary_p,20,800,100,32185.1289,30677.2213,0.9531,0.1607,1.4350,0.11,DONE
2026-01-22 01:58:18,Synthetic_VaryP,515,vary_p,20,800,100,32444.2036,31036.1222,0.9566,0.1642,1.5026,0.11,DONE
2026-01-22 01:58:19,Synthetic_VaryP,525,vary_p,20,800,100,32592.4498,30982.3139,0.9506,0.1764,1.4969,0.12,DONE
2026-01-22 01:58:21,Synthetic_VaryP,535,vary_p,20,800,100,32660.8126,31166.5725,0.9542,0.1763,1.5423,0.11,DONE
2026-01-22 01:58:23,Synthetic_VaryP,545,vary_p,20,800,100,33019.2369,31488.1753,0.9536,0.1732,1.6720,0.10,DONE
2026-01-22 01:58:25,Synthetic_VaryP,555,vary_p,20,800,100,33115.3673,31392.3387,0.9480,0.1953,1.7015,0.11,DONE
2026-01-22 01:58:27,Synthetic_VaryP,565,vary_p,20,800,100,33266.1026,31875.6317,0.9582,0.1813,1.8319,0.10,DONE
2026-01-22 01:58:29,Synthetic_VaryP,575,vary_p,20,800,100,33733.8168,31788.8245,0.9423,0.1812,1.8453,0.10,DONE
2026-01-22 01:58:31,Synthetic_VaryP,585,vary_p,20,800,100,33766.1512,32451.6160,0.9611,0.1883,1.9460,0.10,DONE
2026-01-22 01:58:34,Synthetic_VaryP,595,vary_p,20,800,100,34109.4695,32472.0070,0.9520,0.1908,2.0595,0.09,DONE
2026-01-22 01:58:36,Synthetic_VaryP,605,vary_p,20,800,100,33918.4006,32528.6520,0.9590,0.1975,2.1192,0.09,DONE
2026-01-22 01:58:38,Synthetic_VaryP,615,vary_p,20,800,100,34451.9558,32824.1177,0.9528,0.1952,2.2329,0.09,DONE
2026-01-22 01:58:41,Synthetic_VaryP,625,vary_p,20,800,100,34776.2421,32811.2161,0.9435,0.2006,2.2615,0.09,DONE
2026-01-22 01:58:43,Synthetic_VaryP,635,vary_p,20,800,100,34829.6653,33295.5908,0.9560,0.2057,2.2882,0.09,DONE
2026-01-22 01:58:46,Synthetic_VaryP,645,vary_p,20,800,100,35107.0760,33322.0642,0.9492,0.2084,2.3929,0.09,DONE
2026-01-22 01:58:49,Synthetic_VaryP,655,vary_p,20,800,100,35322.2289,33588.6737,0.9509,0.2115,2.4697,0.09,DONE
2026-01-22 01:58:52,Synthetic_VaryP,665,vary_p,20,800,100,35509.2654,33626.9919,0.9470,0.2163,2.6267,0.08,DONE
2026-01-22 01:58:54,Synthetic_VaryP,675,vary_p,20,800,100,35791.5709,33786.3195,0.9440,0.2177,2.7125,0.08,DONE
2026-01-22 01:58:58,Synthetic_VaryP,685,vary_p,20,800,100,36311.7463,34647.7145,0.9542,0.2220,2.8364,0.08,DONE
2026-01-22 01:59:01,Synthetic_VaryP,695,vary_p,20,800,100,35996.5224,34619.9183,0.9618,0.2254,2.8565,0.08,DONE
2026-01-22 01:59:03,Synthetic,500,large_synthetic,50,1000,50,77007.0264,73917.0530,0.9599,0.7040,1.5037,0.47,DONE
2026-01-22 01:59:10,Secom,478,tuning_s200_n10,50,200,10,273.3556,242.3216,0.8865,0.6566,0.2078,3.16,DONE
2026-01-22 01:59:10,Secom,478,tuning_s200_n30,50,200,30,273.3556,236.0726,0.8636,0.6601,0.2274,2.90,DONE
2026-01-22 01:59:11,Secom,478,tuning_s200_n50,50,200,50,273.3556,248.0146,0.9073,0.7092,0.2937,2.41,DONE
2026-01-22 01:59:12,Secom,478,tuning_s200_n100,50,200,100,273.3556,244.3720,0.8940,0.6673,0.2996,2.23,DONE
2026-01-22 01:59:14,Secom,478,tuning_s500_n10,50,500,10,273.3556,245.0282,0.8964,0.6602,0.5280,1.25,DONE
2026-01-22 01:59:15,Secom,478,tuning_s500_n30,50,500,30,273.3556,255.9408,0.9363,0.6609,0.5650,1.17,DONE
2026-01-22 01:59:16,Secom,478,tuning_s500_n50,50,500,50,273.3556,254.3793,0.9306,0.6663,0.6366,1.05,DONE
2026-01-22 01:59:18,Secom,478,tuning_s500_n100,50,500,100,273.3556,256.5608,0.9386,0.6605,0.7497,0.88,DONE
2026-01-22 01:59:19,Secom,478,tuning_s800_n10,50,800,10,273.3556,249.9434,0.9144,0.6629,0.8385,0.79,DONE
2026-01-22 01:59:21,Secom,478,tuning_s800_n30,50,800,30,273.3556,256.6482,0.9389,0.6638,0.9044,0.73,DONE
2026-01-22 01:59:22,Secom,478,tuning_s800_n50,50,800,50,273.3556,261.9406,0.9582,0.6676,1.0165,0.66,DONE
2026-01-22 01:59:24,Secom,478,tuning_s800_n100,50,800,100,273.3556,262.4498,0.9601,0.6627,1.2192,0.54,DONE
2026-01-22 01:59:26,Secom,478,tuning_s1200_n10,50,1200,10,273.3556,253.0357,0.9257,0.6697,1.2644,0.53,DONE
2026-01-22 01:59:28,Secom,478,tuning_s1200_n30,50,1200,30,273.3556,256.2957,0.9376,0.6642,1.4141,0.47,DONE
2026-01-22 01:59:30,Secom,478,tuning_s1200_n50,50,1200,50,273.3556,262.8817,0.9617,0.6756,1.5312,0.44,DONE
2026-01-22 01:59:33,Secom,478,tuning_s1200_n100,50,1200,100,273.3556,263.3154,0.9633,0.6684,1.8207,0.37,DONE
2026-01-22 01:59:40,Secom,478,vary_alpha_0.001,20,1000,100,165.9395,135.6294,0.8173,0.1455,1.4836,0.10,DONE
2026-01-22 01:59:42,Secom,478,vary_alpha_0.01,20,1000,100,165.9395,148.2943,0.8937,0.1507,1.4804,0.10,DONE
2026-01-22 02:00:43,Secom,478,vary_alpha_0.05,20,1000,100,165.9395,152.3805,0.9183,0.1472,60.3507,0.00,DONE
2026-01-22 02:00:44,Secom,478,vary_alpha_0.1,20,1000,100,165.9395,157.4500,0.9488,0.1464,1.5042,0.10,DONE
2026-01-22 02:00:52,Secom,478,vary_k,420,800,100,478.0005,477.9905,1.0000,376.5062,1.1662,322.84,DONE
2026-01-22 09:30:18,Secom,478,vary_k,425,800,100,477.9963,477.9921,1.0000,26964.4572,1.4875,18127.46,DONE
2026-01-22 12:27:06,Secom,478,vary_k,430,800,100,478.0005,477.9925,1.0000,10606.9086,1.8041,5879.23,DONE
2026-01-22 14:34:22,Secom,478,vary_k,435,800,100,478.0004,477.9929,1.0000,7634.5418,1.1881,6426.01,DONE
2026-01-22 14:39:38,Secom,478,vary_k,440,800,100,478.0027,477.9962,1.0000,314.1956,1.1775,266.83,DONE
2026-01-22 14:44:55,Secom,478,vary_k,445,800,100,478.0074,477.9965,1.0000,316.4319,1.2470,253.76,DONE
2026-01-22 14:50:18,Secom,478,vary_k,450,800,100,478.0049,477.9982,1.0000,321.4068,1.1787,272.68,DONE
2026-01-22 14:55:41,Secom,478,vary_k,455,800,100,478.0050,477.9998,1.0000,321.9325,1.2774,252.02,DONE
2026-01-22 15:01:04,Secom,478,vary_k,460,800,100,478.0072,477.9998,1.0000,321.9038,1.1842,271.83,DONE
2026-01-22 15:06:23,Secom,478,vary_k,465,800,100,478.0023,477.9985,1.0000,317.9893,1.2273,259.10,DONE
2026-01-22 15:11:45,Secom,478,vary_k,470,800,100,478.0018,477.9997,1.0000,320.3067,1.1846,270.40,DONE
2026-01-25 14:58:43,Secom,478,dense_k,0,800,100,0.0000,0.0000,0.0000,0.0000,1.1184,0.00,DONE
2026-01-25 14:58:44,Secom,478,dense_k,47,800,100,264.4357,253.7388,0.9595,0.5712,1.1250,0.51,DONE
2026-01-25 14:58:48,Secom,478,dense_k,94,800,100,374.1043,368.9163,0.9861,2.2623,1.1197,2.02,DONE
2026-01-25 14:58:55,Secom,478,dense_k,141,800,100,427.6408,422.8317,0.9888,5.7810,1.1386,5.08,DONE
2026-01-25 14:59:07,Secom,478,dense_k,188,800,100,460.5478,458.3863,0.9953,11.6346,1.1731,9.92,DONE
2026-01-25 14:59:27,Secom,478,dense_k,235,800,100,472.7611,472.5658,0.9996,18.3081,1.1394,16.07,DONE
2026-01-25 14:59:39,Secom,478,dense_k,0,800,100,0.0000,0.0000,0.0000,0.0000,1.1720,0.00,DONE
2026-01-25 14:59:49,Secom,478,dense_k,159,800,100,442.6917,440.0483,0.9940,7.9565,1.2738,6.25,DONE
2026-01-25 14:59:56,Secom,478,dense_k,282,800,100,476.1858,476.1676,1.0000,27.6312,1.1307,24.44,DONE
2026-01-25 15:00:34,Secom,478,dense_k,329,800,100,477.4753,477.4603,1.0000,37.1189,1.1299,32.85,DONE
2026-01-25 15:00:49,Secom,478,dense_k,47,800,100,264.4357,250.8194,0.9485,0.5636,1.1701,0.48,DONE
2026-01-25 15:00:53,Secom,478,dense_k,94,800,100,374.1043,368.1949,0.9842,2.3684,1.2250,1.93,DONE
2026-01-25 15:01:00,Secom,478,dense_k,141,800,100,427.6408,424.6891,0.9931,6.2586,1.2121,5.16,DONE
2026-01-25 15:01:13,Secom,478,dense_k,188,800,100,460.5478,459.1431,0.9969,12.0973,1.2239,9.88,DONE
2026-01-25 15:01:27,Secom,478,dense_k,376,800,100,477.9100,477.9008,1.0000,51.4854,1.2282,41.92,DONE
2026-01-25 15:01:34,Secom,478,dense_k,235,800,100,472.7611,472.3384,0.9991,19.4754,1.1929,16.33,DONE
2026-01-25 15:02:03,Secom,478,dense_k,282,800,100,476.1858,476.2430,1.0001,27.6610,1.1385,24.30,DONE
2026-01-25 15:02:43,Secom,478,dense_k,329,800,100,477.4753,477.4769,1.0000,38.4405,1.1618,33.09,DONE
2026-01-25 15:03:32,Secom,478,dense_k,376,800,100,477.9100,477.8939,1.0000,48.3091,1.1518,41.94,DONE
2026-01-25 15:10:51,Secom,478,critical_k,239,800,100,473.2305,472.9847,0.9995,18.5031,1.1092,16.68,DONE
2026-01-25 15:15:01,Secom,478,critical_k,239,800,100,473.2305,472.9126,0.9993,19.6737,1.1219,17.54,DONE
2026-01-25 15:15:47,Secom,478,critical_k,358,800,100,477.8083,477.7993,1.0000,44.3588,1.1507,38.55,DONE
2026-01-25 15:16:44,Secom,478,critical_k,418,800,100,477.9924,477.9865,1.0000,56.3138,1.1724,48.03,DONE
2026-01-25 15:17:45,Secom,478,critical_k,448,800,100,477.9993,477.9956,1.0000,59.0163,1.1800,50.01,DONE
2026-01-25 15:18:48,Secom,478,critical_k,463,800,100,477.9995,477.9994,1.0000,62.0188,1.1926,52.00,DONE
2026-01-25 15:22:50,Secom,478,critical_k,239,800,100,473.2305,472.7624,0.9990,20.9565,1.1607,18.06,DONE
2026-01-25 15:27:40,Secom,478,critical_k,239,800,100,473.2305,472.9908,0.9995,19.0798,1.1326,16.85,DONE
2026-01-25 15:29:11,Secom,478,critical_k,239,800,100,473.2305,473.1499,0.9998,19.5404,1.1880,16.45,DONE
2026-01-25 15:29:24,Secom,478,critical_k,239,800,100,473.2305,472.9541,0.9994,18.5329,1.1251,16.47,DONE
2026-01-25 15:37:30,Secom,478,critical_k,239,800,100,473.2305,473.1834,0.9999,19.2809,1.1269,17.11,DONE
2026-01-25 15:37:35,Secom,478,critical_k,119,800,100,407.0056,402.1438,0.9881,4.0104,1.1741,3.42,DONE
2026-01-25 15:37:37,Secom,478,critical_k,59,800,100,298.7847,290.0872,0.9709,0.8695,1.1093,0.78,DONE
2026-01-25 15:37:40,Secom,478,critical_k,89,800,100,365.4278,357.5460,0.9784,2.0591,1.1099,1.86,DONE
2026-01-25 15:37:43,Secom,478,critical_k,74,800,100,335.4407,326.1402,0.9723,1.3805,1.1080,1.25,DONE
2026-01-25 15:37:45,Secom,478,critical_k,66,800,100,316.6688,306.5081,0.9679,1.0700,1.1088,0.97,DONE
2026-01-25 17:58:54,Residential,103,critical_k,52,800,100,102.9171,102.9136,1.0000,0.1130,0.1165,0.97,DONE
2026-01-25 17:59:16,Secom,478,critical_k,239,800,100,473.2305,472.9853,0.9995,19.0843,1.1512,16.58,DONE
2026-01-25 17:59:21,Secom,478,critical_k,119,800,100,407.0056,403.4873,0.9914,4.0117,1.1568,3.47,DONE
2026-01-25 17:59:23,Secom,478,critical_k,59,800,100,298.7847,286.3732,0.9585,0.9033,1.1295,0.80,DONE
2026-01-25 17:59:26,Secom,478,critical_k,89,800,100,365.4278,355.7396,0.9735,2.0963,1.1240,1.86,DONE
2026-01-25 17:59:29,Secom,478,critical_k,74,800,100,335.4407,326.3077,0.9728,1.3976,1.1303,1.24,DONE
2026-01-25 17:59:31,Secom,478,critical_k,66,800,100,316.6688,306.8068,0.9689,1.1322,1.1224,1.01,DONE
2026-01-25 18:13:04,Residential_p50,50,critical_k: Residential_p50,25,800,100,49.8058,49.7811,0.9995,0.0150,0.0585,0.26,DONE
2026-01-25 18:13:04,Residential_p50,50,critical_k: Residential_p50,38,800,100,49.9945,49.9947,1.0000,0.0234,0.0595,0.39,DONE
2026-01-25 18:13:04,Residential_p50,50,critical_k: Residential_p50,44,800,100,49.9995,49.9995,1.0000,0.0257,0.0593,0.43,DONE
2026-01-25 18:13:04,Residential_p50,50,critical_k: Residential_p50,47,800,100,49.9998,49.9998,1.0000,0.0264,0.0598,0.44,DONE
2026-01-25 18:13:04,Residential_p50,50,critical_k: Residential_p50,49,800,100,49.9999,49.9999,1.0000,0.0272,0.0601,0.45,DONE
2026-01-25 18:13:11,Secom_p50,50,critical_k: Secom_p50,25,800,100,34.1216,33.5347,0.9828,0.0157,0.0558,0.28,DONE
2026-01-25 18:13:11,Secom_p50,50,critical_k: Secom_p50,38,800,100,46.1725,45.8410,0.9928,0.0227,0.0580,0.39,DONE
2026-01-25 18:13:11,Secom_p50,50,critical_k: Secom_p50,44,800,100,49.5698,49.6468,1.0016,0.0254,0.0562,0.45,DONE
2026-01-25 18:13:11,Secom_p50,50,critical_k: Secom_p50,47,800,100,49.9243,49.9271,1.0001,0.0265,0.0580,0.46,DONE
2026-01-25 18:13:11,Secom_p50,50,critical_k: Secom_p50,49,800,100,49.9999,49.9999,1.0000,0.0268,0.0577,0.46,DONE
2026-01-25 18:13:54,Residential_p50,50,critical_k: Residential_p50,25,800,100,49.8337,49.8320,1.0000,0.0149,0.0585,0.25,DONE
2026-01-25 18:13:54,Residential_p50,50,critical_k: Residential_p50,38,800,100,49.9919,49.9921,1.0000,0.0231,0.0593,0.39,DONE
2026-01-25 18:13:54,Residential_p50,50,critical_k: Residential_p50,44,800,100,49.9993,49.9995,1.0000,0.0256,0.0594,0.43,DONE
2026-01-25 18:13:54,Residential_p50,50,critical_k: Residential_p50,47,800,100,49.9999,49.9998,1.0000,0.0266,0.0601,0.44,DONE
2026-01-25 18:13:54,Residential_p50,50,critical_k: Residential_p50,49,800,100,49.9999,49.9999,1.0000,0.0273,0.0601,0.45,DONE
2026-01-25 18:14:01,Secom_p50,50,critical_k: Secom_p50,25,800,100,35.0865,34.6847,0.9885,0.0152,0.0562,0.27,DONE
2026-01-25 18:14:01,Secom_p50,50,critical_k: Secom_p50,38,800,100,46.7924,46.6873,0.9978,0.0229,0.0579,0.40,DONE
2026-01-25 18:14:01,Secom_p50,50,critical_k: Secom_p50,44,800,100,49.6315,49.6292,1.0000,0.0256,0.0568,0.45,DONE
2026-01-25 18:14:01,Secom_p50,50,critical_k: Secom_p50,47,800,100,49.9500,49.9570,1.0001,0.0262,0.0562,0.47,DONE
2026-01-25 18:14:01,Secom_p50,50,critical_k: Secom_p50,49,800,100,49.9953,49.9954,1.0000,0.0263,0.0591,0.45,DONE
2026-01-25 18:16:03,Residential_p50,50,critical_k: Residential_p50,25,800,100,49.7223,49.6995,0.9995,0.0148,0.0598,0.25,DONE
2026-01-25 18:16:03,Residential_p50,50,critical_k: Residential_p50,38,800,100,49.9836,49.9823,1.0000,0.0236,0.0597,0.40,DONE
2026-01-25 18:16:03,Residential_p50,50,critical_k: Residential_p50,44,800,100,49.9993,49.9994,1.0000,0.0262,0.0602,0.44,DONE
2026-01-25 18:16:03,Residential_p50,50,critical_k: Residential_p50,47,800,100,49.9998,49.9998,1.0000,0.0266,0.0605,0.44,DONE
2026-01-25 18:16:03,Residential_p50,50,critical_k: Residential_p50,49,800,100,49.9999,49.9999,1.0000,0.0273,0.0608,0.45,DONE
2026-01-25 18:16:04,Residential_p50,50,critical_k: Residential_p50,50,800,100,50.0000,50.0000,1.0000,0.0270,0.0595,0.45,DONE
2026-01-25 18:16:04,Residential_p50_p75,75,critical_k: Residential_p50_p75,38,800,100,74.8519,74.8482,1.0000,0.0446,0.0895,0.50,DONE
2026-01-25 18:16:04,Residential_p50_p75,75,critical_k: Residential_p50_p75,57,800,100,74.9983,74.9983,1.0000,0.0742,0.0919,0.81,DONE
2026-01-25 18:16:04,Residential_p50_p75,75,critical_k: Residential_p50_p75,66,800,100,74.9999,74.9999,1.0000,0.0822,0.0919,0.89,DONE
2026-01-25 18:16:04,Residential_p50_p75,75,critical_k: Residential_p50_p75,71,800,100,74.9999,74.9999,1.0000,0.0856,0.0924,0.93,DONE
2026-01-25 18:16:04,Residential_p50_p75,75,critical_k: Residential_p50_p75,73,800,100,74.9999,74.9999,1.0000,0.0863,0.0925,0.93,DONE
2026-01-25 18:16:05,Residential_p50_p75,75,critical_k: Residential_p50_p75,74,800,100,74.9999,74.9999,1.0000,0.0865,0.0930,0.93,DONE
2026-01-25 18:16:05,Residential_p50_p75,75,critical_k: Residential_p50_p75,75,800,100,74.9999,74.9999,1.0000,0.0865,0.0920,0.94,DONE
2026-01-25 18:16:05,Residential_p50_p75_p100,100,critical_k: Residential_p50_p75_p100,50,800,100,99.9112,99.8968,0.9999,0.1008,0.1052,0.96,DONE
2026-01-25 18:16:12,Secom_p50,50,critical_k: Secom_p50,25,800,100,34.3304,33.8503,0.9860,0.0154,0.0580,0.27,DONE
2026-01-25 18:16:12,Secom_p50,50,critical_k: Secom_p50,38,800,100,46.2592,46.0783,0.9961,0.0237,0.0595,0.40,DONE
2026-01-25 18:16:12,Secom_p50,50,critical_k: Secom_p50,44,800,100,49.4326,49.5233,1.0018,0.0260,0.0576,0.45,DONE
2026-01-25 18:16:13,Secom_p50,50,critical_k: Secom_p50,47,800,100,49.9845,49.9846,1.0000,0.0267,0.0576,0.46,DONE
2026-01-25 18:16:13,Secom_p50,50,critical_k: Secom_p50,49,800,100,50.0000,50.0000,1.0000,0.0271,0.0582,0.46,DONE
2026-01-25 18:16:13,Secom_p50,50,critical_k: Secom_p50,50,800,100,50.0000,50.0000,1.0000,0.0268,0.0575,0.47,DONE
2026-01-25 18:16:13,Secom_p50_p75,75,critical_k: Secom_p50_p75,38,800,100,54.5708,54.4089,0.9970,0.0443,0.0890,0.50,DONE
2026-01-25 18:16:13,Secom_p50_p75,75,critical_k: Secom_p50_p75,57,800,100,70.9582,71.0659,1.0015,0.0755,0.0897,0.84,DONE
2026-01-25 18:16:13,Secom_p50_p75,75,critical_k: Secom_p50_p75,66,800,100,74.7412,74.5412,0.9973,0.0826,0.0897,0.92,DONE
2026-01-25 18:16:13,Secom_p50_p75,75,critical_k: Secom_p50_p75,71,800,100,74.9811,74.9744,0.9999,0.0862,0.0894,0.96,DONE
2026-01-25 18:16:14,Secom_p50_p75_p100,100,critical_k: Secom_p50_p75_p100,50,800,100,81.1639,80.6339,0.9935,0.1006,0.1064,0.95,DONE
2026-01-25 18:16:14,Secom_p50_p75_p100,100,critical_k: Secom_p50_p75_p100,75,800,100,98.6062,98.6698,1.0006,0.1705,0.1061,1.61,DONE
2026-01-25 18:16:14,Secom_p50_p75_p100,100,critical_k: Secom_p50_p75_p100,62,800,100,91.6454,91.1248,0.9943,0.1338,0.1064,1.26,DONE
2026-01-25 18:16:14,Secom_p50_p75_p100,100,critical_k: Secom_p50_p75_p100,56,800,100,86.6547,86.2776,0.9956,0.1169,0.1060,1.10,DONE
2026-01-25 18:16:14,Secom_p50_p75_p100,100,critical_k: Secom_p50_p75_p100,53,800,100,83.9431,83.1613,0.9907,0.1089,0.1060,1.03,DONE
2026-01-25 18:16:15,Secom_p50_p75_p100_p125,125,critical_k: Secom_p50_p75_p100_p125,63,800,100,102.5922,101.4626,0.9890,0.2080,0.1322,1.57,DONE
2026-01-25 18:16:15,Secom_p50_p75_p100_p125,125,critical_k: Secom_p50_p75_p100_p125,31,800,100,70.5110,69.4629,0.9851,0.0643,0.1315,0.49,DONE
2026-01-25 18:16:15,Secom_p50_p75_p100_p125,125,critical_k: Secom_p50_p75_p100_p125,47,800,100,87.0614,86.2186,0.9903,0.1222,0.1492,0.82,DONE
2026-01-25 18:16:16,Secom_p50_p75_p100_p125,125,critical_k: Secom_p50_p75_p100_p125,55,800,100,94.9647,93.7412,0.9871,0.1577,0.1313,1.20,DONE
2026-01-25 18:16:16,Secom_p50_p75_p100_p125,125,critical_k: Secom_p50_p75_p100_p125,51,800,100,91.0401,90.2701,0.9915,0.1410,0.1318,1.07,DONE
2026-01-25 18:16:16,Secom_p50_p75_p100_p125,125,critical_k: Secom_p50_p75_p100_p125,49,800,100,89.0592,88.4683,0.9934,0.1325,0.1321,1.00,DONE
2026-01-25 18:16:17,Secom_p50_p75_p100_p125_p150,150,critical_k: Secom_p50_p75_p100_p125_p150,75,800,100,126.2987,125.4084,0.9930,0.3391,0.1675,2.02,DONE
2026-01-25 18:16:17,Secom_p50_p75_p100_p125_p150,150,critical_k: Secom_p50_p75_p100_p125_p150,37,800,100,88.6303,86.9410,0.9809,0.1054,0.1660,0.64,DONE
2026-01-25 18:16:17,Secom_p50_p75_p100_p125_p150,150,critical_k: Secom_p50_p75_p100_p125_p150,56,800,100,108.4987,106.7485,0.9839,0.2070,0.1668,1.24,DONE
2026-01-25 18:16:18,Secom_p50_p75_p100_p125_p150,150,critical_k: Secom_p50_p75_p100_p125_p150,46,800,100,98.3974,96.3453,0.9791,0.1500,0.1661,0.90,DONE
2026-01-25 18:16:18,Secom_p50_p75_p100_p125_p150,150,critical_k: Secom_p50_p75_p100_p125_p150,51,800,100,103.4941,101.5605,0.9813,0.1778,0.1672,1.06,DONE
2026-01-25 18:16:18,Secom_p50_p75_p100_p125_p150,150,critical_k: Secom_p50_p75_p100_p125_p150,48,800,100,100.4467,99.1817,0.9874,0.1616,0.1662,0.97,DONE
2026-01-25 18:16:19,Secom_p50_p75_p100_p125_p150_p175,175,critical_k: Secom_p50_p75_p100_p125_p150_p175,88,800,100,156.6903,156.3234,0.9977,0.5576,0.2115,2.64,DONE
2026-01-25 18:16:19,Secom_p50_p75_p100_p125_p150_p175,175,critical_k: Secom_p50_p75_p100_p125_p150_p175,44,800,100,114.0496,113.1481,0.9921,0.1675,0.2100,0.80,DONE
2026-01-25 18:16:20,Secom_p50_p75_p100_p125_p150_p175,175,critical_k: Secom_p50_p75_p100_p125_p150_p175,66,800,100,137.1468,136.1906,0.9930,0.3327,0.2096,1.59,DONE
2026-01-25 18:16:20,Secom_p50_p75_p100_p125_p150_p175,175,critical_k: Secom_p50_p75_p100_p125_p150_p175,55,800,100,126.2602,125.6554,0.9952,0.2454,0.2115,1.16,DONE
2026-01-25 18:16:21,Secom_p50_p75_p100_p125_p150_p175,175,critical_k: Secom_p50_p75_p100_p125_p150_p175,49,800,100,119.9273,119.0199,0.9924,0.2107,0.2170,0.97,DONE
2026-01-25 18:16:22,Secom_p50_p75_p100_p125_p150_p175_p200,200,critical_k: Secom_p50_p75_p100_p125_p150_p175_p200,100,800,100,186.2568,185.2431,0.9946,0.8655,0.2212,3.91,DONE
2026-01-25 18:16:22,Secom_p50_p75_p100_p125_p150_p175_p200,200,critical_k: Secom_p50_p75_p100_p125_p150_p175_p200,50,800,100,139.4474,136.6633,0.9800,0.2451,0.2224,1.10,DONE
2026-01-25 18:16:23,Secom_p50_p75_p100_p125_p150_p175_p200,200,critical_k: Secom_p50_p75_p100_p125_p150_p175_p200,25,800,100,91.9982,88.8366,0.9656,0.0770,0.2182,0.35,DONE
2026-01-25 18:16:23,Secom_p50_p75_p100_p125_p150_p175_p200,200,critical_k: Secom_p50_p75_p100_p125_p150_p175_p200,37,800,100,116.9563,113.8319,0.9733,0.1496,0.2205,0.68,DONE
2026-01-25 18:16:23,Secom_p50_p75_p100_p125_p150_p175_p200,200,critical_k: Secom_p50_p75_p100_p125_p150_p175_p200,43,800,100,128.0933,125.2008,0.9774,0.1878,0.2191,0.86,DONE
2026-01-25 18:16:24,Secom_p50_p75_p100_p125_p150_p175_p200,200,critical_k: Secom_p50_p75_p100_p125_p150_p175_p200,46,800,100,133.2265,130.8430,0.9821,0.2101,0.2186,0.96,DONE
2026-01-25 18:16:25,Secom_p50_p75_p100_p125_p150_p175_p200_p225,225,critical_k: Secom_p50_p75_p100_p125_p150_p175_p200_p225,113,800,100,208.5993,207.8835,0.9966,1.2726,0.2918,4.36,DONE
2026-01-25 18:16:26,Secom_p50_p75_p100_p125_p150_p175_p200_p225,225,critical_k: Secom_p50_p75_p100_p125_p150_p175_p200_p225,56,800,100,156.7881,154.6397,0.9863,0.3380,0.2905,1.16,DONE
2026-01-25 18:16:27,Secom_p50_p75_p100_p125_p150_p175_p200_p225,225,critical_k: Secom_p50_p75_p100_p125_p150_p175_p200_p225,28,800,100,110.1668,106.3114,0.9650,0.1054,0.2883,0.37,DONE
2026-01-25 18:16:27,Secom_p50_p75_p100_p125_p150_p175_p200_p225,225,critical_k: Secom_p50_p75_p100_p125_p150_p175_p200_p225,42,800,100,138.0954,135.8771,0.9839,0.2065,0.2889,0.71,DONE
2026-01-25 18:16:28,Secom_p50_p75_p100_p125_p150_p175_p200_p225,225,critical_k: Secom_p50_p75_p100_p125_p150_p175_p200_p225,49,800,100,148.0142,146.1557,0.9874,0.2673,0.2867,0.93,DONE
2026-01-25 18:16:28,Secom_p50_p75_p100_p125_p150_p175_p200_p225,225,critical_k: Secom_p50_p75_p100_p125_p150_p175_p200_p225,52,800,100,151.8854,150.1469,0.9886,0.2942,0.2878,1.02,DONE
2026-01-25 18:16:30,Secom_p50_p75_p100_p125_p150_p175_p200_p225_p250,250,critical_k: Secom_p50_p75_p100_p125_p150_p175_p200_p225_p250,125,800,100,236.1574,235.7512,0.9983,1.8680,0.3445,5.42,DONE
2026-01-25 18:16:31,Secom_p50_p75_p100_p125_p150_p175_p200_p225_p250,250,critical_k: Secom_p50_p75_p100_p125_p150_p175_p200_p225_p250,62,800,100,180.9576,179.4368,0.9916,0.4544,0.3358,1.35,DONE
2026-01-25 18:16:32,Secom_p50_p75_p100_p125_p150_p175_p200_p225_p250,250,critical_k: Secom_p50_p75_p100_p125_p150_p175_p200_p225_p250,31,800,100,125.2521,118.7972,0.9485,0.1386,0.3344,0.41,DONE
2026-01-25 18:16:32,Secom_p50_p75_p100_p125_p150_p175_p200_p225_p250,250,critical_k: Secom_p50_p75_p100_p125_p150_p175_p200_p225_p250,46,800,100,155.9175,150.9819,0.9683,0.2660,0.3353,0.79,DONE
2026-01-25 18:16:33,Secom_p50_p75_p100_p125_p150_p175_p200_p225_p250,250,critical_k: Secom_p50_p75_p100_p125_p150_p175_p200_p225_p250,54,800,100,169.8969,167.2786,0.9846,0.3576,0.3358,1.07,DONE
2026-01-25 18:16:34,Secom_p50_p75_p100_p125_p150_p175_p200_p225_p250,250,critical_k: Secom_p50_p75_p100_p125_p150_p175_p200_p225_p250,50,800,100,163.0809,160.8140,0.9861,0.3115,0.3359,0.93,DONE
2026-01-25 18:16:34,Secom_p50_p75_p100_p125_p150_p175_p200_p225_p250,250,critical_k: Secom_p50_p75_p100_p125_p150_p175_p200_p225_p250,52,800,100,166.5226,163.2453,0.9803,0.3347,0.3352,1.00,DONE
2026-01-25 18:16:37,Secom_p50_p75_p100_p125_p150_p175_p200_p225_p250_p275,275,critical_k: Secom_p50_p75_p100_p125_p150_p175_p200_p225_p250_p275,138,800,100,257.4223,256.6797,0.9971,2.5532,0.4119,6.20,DONE
2026-01-25 18:16:38,Secom_p50_p75_p100_p125_p150_p175_p200_p225_p250_p275,275,critical_k: Secom_p50_p75_p100_p125_p150_p175_p200_p225_p250_p275,69,800,100,197.3670,195.3065,0.9896,0.6356,0.4105,1.55,DONE
2026-01-25 18:16:39,Secom_p50_p75_p100_p125_p150_p175_p200_p225_p250_p275,275,critical_k: Secom_p50_p75_p100_p125_p150_p175_p200_p225_p250_p275,34,800,100,137.9284,135.1564,0.9799,0.1784,0.4101,0.43,DONE
2026-01-25 18:16:40,Secom_p50_p75_p100_p125_p150_p175_p200_p225_p250_p275,275,critical_k: Secom_p50_p75_p100_p125_p150_p175_p200_p225_p250_p275,51,800,100,172.2995,168.6646,0.9789,0.3651,0.4101,0.89,DONE
2026-01-25 18:16:41,Secom_p50_p75_p100_p125_p150_p175_p200_p225_p250_p275,275,critical_k: Secom_p50_p75_p100_p125_p150_p175_p200_p225_p250_p275,60,800,100,186.4017,183.5570,0.9847,0.4807,0.4097,1.17,DONE
2026-01-25 18:16:41,Secom_p50_p75_p100_p125_p150_p175_p200_p225_p250_p275,275,critical_k: Secom_p50_p75_p100_p125_p150_p175_p200_p225_p250_p275,55,800,100,178.9661,175.3769,0.9799,0.4110,0.4097,1.00,DONE
2026-01-25 18:16:45,Secom_p50_p75_p100_p125_p150_p175_p200_p225_p250_p275_p300,300,critical_k: Secom_p50_p75_p100_p125_p150_p175_p200_p225_p250_p275_p300,150,800,100,287.8000,286.9889,0.9972,3.4450,0.4598,7.49,DONE
2026-01-25 18:16:47,Secom_p50_p75_p100_p125_p150_p175_p200_p225_p250_p275_p300,300,critical_k: Secom_p50_p75_p100_p125_p150_p175_p200_p225_p250_p275_p300,75,800,100,224.8798,221.1338,0.9833,0.8340,0.4570,1.83,DONE
2026-01-25 18:16:47,Secom_p50_p75_p100_p125_p150_p175_p200_p225_p250_p275_p300,300,critical_k: Secom_p50_p75_p100_p125_p150_p175_p200_p225_p250_p275_p300,37,800,100,158.7680,154.6607,0.9741,0.2271,0.4564,0.50,DONE
2026-01-25 18:16:48,Secom_p50_p75_p100_p125_p150_p175_p200_p225_p250_p275_p300,300,critical_k: Secom_p50_p75_p100_p125_p150_p175_p200_p225_p250_p275_p300,56,800,100,196.9525,190.0952,0.9652,0.4713,0.4557,1.03,DONE
2026-01-25 18:16:53,Secom_p50_p75_p100_p125_p150_p175_p200_p225_p250_p275_p300_p325,325,critical_k: Secom_p50_p75_p100_p125_p150_p175_p200_p225_p250_p275_p300_p325,163,800,100,314.7448,313.8006,0.9970,4.6119,0.5664,8.14,DONE
2026-01-25 18:16:55,Secom_p50_p75_p100_p125_p150_p175_p200_p225_p250_p275_p300_p325,325,critical_k: Secom_p50_p75_p100_p125_p150_p175_p200_p225_p250_p275_p300_p325,81,800,100,249.6619,246.5072,0.9874,1.0944,0.6451,1.70,DONE
2026-01-25 18:16:56,Secom_p50_p75_p100_p125_p150_p175_p200_p225_p250_p275_p300_p325,325,critical_k: Secom_p50_p75_p100_p125_p150_p175_p200_p225_p250_p275_p300_p325,40,800,100,178.9289,171.4584,0.9582,0.2871,0.5638,0.51,DONE
2026-01-25 18:16:57,Secom_p50_p75_p100_p125_p150_p175_p200_p225_p250_p275_p300_p325,325,critical_k: Secom_p50_p75_p100_p125_p150_p175_p200_p225_p250_p275_p300_p325,60,800,100,219.8494,214.7486,0.9768,0.6124,0.5587,1.10,DONE
2026-01-25 18:16:58,Secom_p50_p75_p100_p125_p150_p175_p200_p225_p250_p275_p300_p325,325,critical_k: Secom_p50_p75_p100_p125_p150_p175_p200_p225_p250_p275_p300_p325,50,800,100,200.4810,195.1999,0.9737,0.4187,0.5829,0.72,DONE
2026-01-25 18:16:59,Secom_p50_p75_p100_p125_p150_p175_p200_p225_p250_p275_p300_p325,325,critical_k: Secom_p50_p75_p100_p125_p150_p175_p200_p225_p250_p275_p300_p325,55,800,100,210.3957,205.3392,0.9760,0.5030,0.5578,0.90,DONE
2026-01-25 18:17:00,Secom_p50_p75_p100_p125_p150_p175_p200_p225_p250_p275_p300_p325,325,critical_k: Secom_p50_p75_p100_p125_p150_p175_p200_p225_p250_p275_p300_p325,57,800,100,214.2471,208.4351,0.9729,0.5268,0.5788,0.91,DONE
2026-01-25 18:17:01,Secom_p50_p75_p100_p125_p150_p175_p200_p225_p250_p275_p300_p325,325,critical_k: Secom_p50_p75_p100_p125_p150_p175_p200_p225_p250_p275_p300_p325,58,800,100,216.1352,211.3161,0.9777,0.5509,0.5586,0.99,DONE
2026-01-25 18:17:08,Secom_p50_p75_p100_p125_p150_p175_p200_p225_p250_p275_p300_p325_p350,350,critical_k: Secom_p50_p75_p100_p125_p150_p175_p200_p225_p250_p275_p300_p325_p350,175,800,100,340.1141,339.8810,0.9993,6.0625,0.6235,9.72,DONE
2026-01-25 18:17:10,Secom_p50_p75_p100_p125_p150_p175_p200_p225_p250_p275_p300_p325_p350,350,critical_k: Secom_p50_p75_p100_p125_p150_p175_p200_p225_p250_p275_p300_p325_p350,87,800,100,271.2854,267.2067,0.9850,1.3709,0.5961,2.30,DONE
2026-01-25 18:17:11,Secom_p50_p75_p100_p125_p150_p175_p200_p225_p250_p275_p300_p325_p350,350,critical_k: Secom_p50_p75_p100_p125_p150_p175_p200_p225_p250_p275_p300_p325_p350,43,800,100,191.1507,183.6603,0.9608,0.3521,0.5922,0.59,DONE
2026-01-25 18:17:12,Secom_p50_p75_p100_p125_p150_p175_p200_p225_p250_p275_p300_p325_p350,350,critical_k: Secom_p50_p75_p100_p125_p150_p175_p200_p225_p250_p275_p300_p325_p350,65,800,100,237.4253,231.1580,0.9736,0.7519,0.5967,1.26,DONE
2026-01-25 18:17:14,Secom_p50_p75_p100_p125_p150_p175_p200_p225_p250_p275_p300_p325_p350,350,critical_k: Secom_p50_p75_p100_p125_p150_p175_p200_p225_p250_p275_p300_p325_p350,54,800,100,215.7366,209.6967,0.9720,0.5199,0.5946,0.87,DONE
2026-01-25 18:17:15,Secom_p50_p75_p100_p125_p150_p175_p200_p225_p250_p275_p300_p325_p350,350,critical_k: Secom_p50_p75_p100_p125_p150_p175_p200_p225_p250_p275_p300_p325_p350,59,800,100,225.8600,219.7267,0.9728,0.6043,0.5947,1.02,DONE
2026-01-25 18:17:23,Secom_p50_p75_p100_p125_p150_p175_p200_p225_p250_p275_p300_p325_p350_p375,375,critical_k: Secom_p50_p75_p100_p125_p150_p175_p200_p225_p250_p275_p300_p325_p350_p375,188,800,100,366.1469,365.6537,0.9987,7.7826,0.7215,10.79,DONE
2026-01-25 18:17:26,Secom_p50_p75_p100_p125_p150_p175_p200_p225_p250_p275_p300_p325_p350_p375,375,critical_k: Secom_p50_p75_p100_p125_p150_p175_p200_p225_p250_p275_p300_p325_p350_p375,94,800,100,296.7479,292.6935,0.9863,1.7641,0.7132,2.47,DONE
2026-01-25 18:17:27,Secom_p50_p75_p100_p125_p150_p175_p200_p225_p250_p275_p300_p325_p350_p375,375,critical_k: Secom_p50_p75_p100_p125_p150_p175_p200_p225_p250_p275_p300_p325_p350_p375,47,800,100,211.3944,204.0792,0.9654,0.4350,0.7105,0.61,DONE
2026-01-25 18:17:29,Secom_p50_p75_p100_p125_p150_p175_p200_p225_p250_p275_p300_p325_p350_p375,375,critical_k: Secom_p50_p75_p100_p125_p150_p175_p200_p225_p250_p275_p300_p325_p350_p375,70,800,100,260.6816,253.2608,0.9715,0.9273,0.7281,1.27,DONE
2026-01-25 18:17:30,Secom_p50_p75_p100_p125_p150_p175_p200_p225_p250_p275_p300_p325_p350_p375,375,critical_k: Secom_p50_p75_p100_p125_p150_p175_p200_p225_p250_p275_p300_p325_p350_p375,58,800,100,236.8890,230.6579,0.9737,0.6867,0.7133,0.96,DONE
2026-01-25 18:17:41,Secom_p50_p75_p100_p125_p150_p175_p200_p225_p250_p275_p300_p325_p350_p375_p400,400,critical_k: Secom_p50_p75_p100_p125_p150_p175_p200_p225_p250_p275_p300_p325_p350_p375_p400,200,800,100,392.8060,392.2904,0.9987,9.9474,0.7346,13.54,DONE
2026-01-25 18:17:44,Secom_p50_p75_p100_p125_p150_p175_p200_p225_p250_p275_p300_p325_p350_p375_p400,400,critical_k: Secom_p50_p75_p100_p125_p150_p175_p200_p225_p250_p275_p300_p325_p350_p375_p400,100,800,100,325.8269,321.3603,0.9863,2.1846,0.7170,3.05,DONE
2026-01-25 18:17:45,Secom_p50_p75_p100_p125_p150_p175_p200_p225_p250_p275_p300_p325_p350_p375_p400,400,critical_k: Secom_p50_p75_p100_p125_p150_p175_p200_p225_p250_p275_p300_p325_p350_p375_p400,50,800,100,236.4990,225.0736,0.9517,0.5288,0.8202,0.64,DONE
2026-01-25 18:17:47,Secom_p50_p75_p100_p125_p150_p175_p200_p225_p250_p275_p300_p325_p350_p375_p400,400,critical_k: Secom_p50_p75_p100_p125_p150_p175_p200_p225_p250_p275_p300_p325_p350_p375_p400,75,800,100,288.9901,281.7385,0.9749,1.1986,0.7155,1.68,DONE
2026-01-25 18:17:48,Secom_p50_p75_p100_p125_p150_p175_p200_p225_p250_p275_p300_p325_p350_p375_p400,400,critical_k: Secom_p50_p75_p100_p125_p150_p175_p200_p225_p250_p275_p300_p325_p350_p375_p400,62,800,100,263.8615,257.2121,0.9748,0.7843,0.7129,1.10,DONE
2026-01-25 18:17:50,Secom_p50_p75_p100_p125_p150_p175_p200_p225_p250_p275_p300_p325_p350_p375_p400,400,critical_k: Secom_p50_p75_p100_p125_p150_p175_p200_p225_p250_p275_p300_p325_p350_p375_p400,56,800,100,250.7669,242.6116,0.9675,0.6500,0.7083,0.92,DONE
2026-01-25 18:17:51,Secom_p50_p75_p100_p125_p150_p175_p200_p225_p250_p275_p300_p325_p350_p375_p400,400,critical_k: Secom_p50_p75_p100_p125_p150_p175_p200_p225_p250_p275_p300_p325_p350_p375_p400,59,800,100,257.4434,249.7037,0.9699,0.7216,0.7209,1.00,DONE
2026-01-25 18:18:05,Secom_p50_p75_p100_p125_p150_p175_p200_p225_p250_p275_p300_p325_p350_p375_p400_p425,425,critical_k: Secom_p50_p75_p100_p125_p150_p175_p200_p225_p250_p275_p300_p325_p350_p375_p400_p425,213,800,100,418.4714,418.0559,0.9990,12.6754,0.9568,13.25,DONE
2026-01-25 18:18:08,Secom_p50_p75_p100_p125_p150_p175_p200_p225_p250_p275_p300_p325_p350_p375_p400_p425,425,critical_k: Secom_p50_p75_p100_p125_p150_p175_p200_p225_p250_p275_p300_p325_p350_p375_p400_p425,106,800,100,349.1804,345.0380,0.9881,2.6662,0.9642,2.77,DONE
2026-01-25 18:18:10,Secom_p50_p75_p100_p125_p150_p175_p200_p225_p250_p275_p300_p325_p350_p375_p400_p425,425,critical_k: Secom_p50_p75_p100_p125_p150_p175_p200_p225_p250_p275_p300_p325_p350_p375_p400_p425,53,800,100,253.3641,244.8582,0.9664,0.6488,0.9495,0.68,DONE
2026-01-25 18:18:12,Secom_p50_p75_p100_p125_p150_p175_p200_p225_p250_p275_p300_p325_p350_p375_p400_p425,425,critical_k: Secom_p50_p75_p100_p125_p150_p175_p200_p225_p250_p275_p300_p325_p350_p375_p400_p425,79,800,100,309.0600,302.0866,0.9774,1.4274,0.9429,1.51,DONE
2026-01-25 18:18:14,Secom_p50_p75_p100_p125_p150_p175_p200_p225_p250_p275_p300_p325_p350_p375_p400_p425,425,critical_k: Secom_p50_p75_p100_p125_p150_p175_p200_p225_p250_p275_p300_p325_p350_p375_p400_p425,66,800,100,283.5500,276.3666,0.9747,0.9455,0.9423,1.00,DONE
2026-01-25 18:18:31,Secom_p50_p75_p100_p125_p150_p175_p200_p225_p250_p275_p300_p325_p350_p375_p400_p425_p450,450,critical_k: Secom_p50_p75_p100_p125_p150_p175_p200_p225_p250_p275_p300_p325_p350_p375_p400_p425_p450,225,800,100,444.5211,444.1994,0.9993,15.8743,1.0983,14.45,DONE
2026-01-25 18:18:36,Secom_p50_p75_p100_p125_p150_p175_p200_p225_p250_p275_p300_p325_p350_p375_p400_p425_p450,450,critical_k: Secom_p50_p75_p100_p125_p150_p175_p200_p225_p250_p275_p300_p325_p350_p375_p400_p425_p450,112,800,100,376.2354,371.6473,0.9878,3.2864,1.0644,3.09,DONE
2026-01-25 18:18:37,Secom_p50_p75_p100_p125_p150_p175_p200_p225_p250_p275_p300_p325_p350_p375_p400_p425_p450,450,critical_k: Secom_p50_p75_p100_p125_p150_p175_p200_p225_p250_p275_p300_p325_p350_p375_p400_p425_p450,56,800,100,276.2366,265.9642,0.9628,0.7610,1.0437,0.73,DONE
2026-01-25 18:18:40,Secom_p50_p75_p100_p125_p150_p175_p200_p225_p250_p275_p300_p325_p350_p375_p400_p425_p450,450,critical_k: Secom_p50_p75_p100_p125_p150_p175_p200_p225_p250_p275_p300_p325_p350_p375_p400_p425_p450,84,800,100,336.5386,329.3681,0.9787,1.7551,1.0352,1.70,DONE
2026-01-25 18:18:42,Secom_p50_p75_p100_p125_p150_p175_p200_p225_p250_p275_p300_p325_p350_p375_p400_p425_p450,450,critical_k: Secom_p50_p75_p100_p125_p150_p175_p200_p225_p250_p275_p300_p325_p350_p375_p400_p425_p450,70,800,100,308.9180,300.9976,0.9744,1.2103,1.0310,1.17,DONE
2026-01-25 18:18:44,Secom_p50_p75_p100_p125_p150_p175_p200_p225_p250_p275_p300_p325_p350_p375_p400_p425_p450,450,critical_k: Secom_p50_p75_p100_p125_p150_p175_p200_p225_p250_p275_p300_p325_p350_p375_p400_p425_p450,63,800,100,293.4325,285.0202,0.9713,0.9443,1.0363,0.91,DONE
2026-01-25 18:18:47,Secom_p50_p75_p100_p125_p150_p175_p200_p225_p250_p275_p300_p325_p350_p375_p400_p425_p450,450,critical_k: Secom_p50_p75_p100_p125_p150_p175_p200_p225_p250_p275_p300_p325_p350_p375_p400_p425_p450,66,800,100,300.1712,289.7732,0.9654,1.0283,1.0659,0.96,DONE
2026-01-25 18:19:07,Secom_p50_p75_p100_p125_p150_p175_p200_p225_p250_p275_p300_p325_p350_p375_p400_p425_p450_p475,475,critical_k: Secom_p50_p75_p100_p125_p150_p175_p200_p225_p250_p275_p300_p325_p350_p375_p400_p425_p450_p475,238,800,100,470.1788,470.0559,0.9997,19.2611,1.1582,16.63,DONE
2026-01-25 18:19:12,Secom_p50_p75_p100_p125_p150_p175_p200_p225_p250_p275_p300_p325_p350_p375_p400_p425_p450_p475,475,critical_k: Secom_p50_p75_p100_p125_p150_p175_p200_p225_p250_p275_p300_p325_p350_p375_p400_p425_p450_p475,119,800,100,404.1946,399.9035,0.9894,3.9616,1.1407,3.47,DONE
2026-01-25 18:19:14,Secom_p50_p75_p100_p125_p150_p175_p200_p225_p250_p275_p300_p325_p350_p375_p400_p425_p450_p475,475,critical_k: Secom_p50_p75_p100_p125_p150_p175_p200_p225_p250_p275_p300_p325_p350_p375_p400_p425_p450_p475,59,800,100,296.2571,287.0652,0.9690,0.8684,1.1214,0.77,DONE
2026-01-25 18:19:17,Secom_p50_p75_p100_p125_p150_p175_p200_p225_p250_p275_p300_p325_p350_p375_p400_p425_p450_p475,475,critical_k: Secom_p50_p75_p100_p125_p150_p175_p200_p225_p250_p275_p300_p325_p350_p375_p400_p425_p450_p475,89,800,100,362.6215,354.2176,0.9768,2.0773,1.1215,1.85,DONE
2026-01-25 18:19:20,Secom_p50_p75_p100_p125_p150_p175_p200_p225_p250_p275_p300_p325_p350_p375_p400_p425_p450_p475,475,critical_k: Secom_p50_p75_p100_p125_p150_p175_p200_p225_p250_p275_p300_p325_p350_p375_p400_p425_p450_p475,74,800,100,332.6630,322.5975,0.9697,1.4098,1.2347,1.14,DONE
2026-01-25 18:19:22,Secom_p50_p75_p100_p125_p150_p175_p200_p225_p250_p275_p300_p325_p350_p375_p400_p425_p450_p475,475,critical_k: Secom_p50_p75_p100_p125_p150_p175_p200_p225_p250_p275_p300_p325_p350_p375_p400_p425_p450_p475,66,800,100,314.1444,302.5659,0.9631,1.0751,1.2541,0.86,DONE
2026-01-25 18:19:25,Secom_p50_p75_p100_p125_p150_p175_p200_p225_p250_p275_p300_p325_p350_p375_p400_p425_p450_p475,475,critical_k: Secom_p50_p75_p100_p125_p150_p175_p200_p225_p250_p275_p300_p325_p350_p375_p400_p425_p450_p475,70,800,100,323.6264,314.9629,0.9732,1.2811,1.1291,1.13,DONE
2026-01-25 18:19:27,Secom_p50_p75_p100_p125_p150_p175_p200_p225_p250_p275_p300_p325_p350_p375_p400_p425_p450_p475,475,critical_k: Secom_p50_p75_p100_p125_p150_p175_p200_p225_p250_p275_p300_p325_p350_p375_p400_p425_p450_p475,68,800,100,318.9266,310.7767,0.9744,1.1451,1.1178,1.02,DONE
2026-01-25 18:29:54,Residential_p50,50,critical_k,25,800,100,49.8664,49.8198,0.9991,0.0146,0.0581,0.25,DONE
2026-01-25 18:29:54,Residential_p50,50,critical_k,38,800,100,49.9898,49.9914,1.0000,0.0236,0.0592,0.40,DONE
2026-01-25 18:29:54,Residential_p50,50,critical_k,44,800,100,49.9992,49.9993,1.0000,0.0259,0.0596,0.43,DONE
2026-01-25 18:29:54,Residential_p50,50,critical_k,47,800,100,49.9998,49.9997,1.0000,0.0263,0.0600,0.44,DONE
2026-01-25 18:29:54,Residential_p50,50,critical_k,49,800,100,49.9999,49.9999,1.0000,0.0268,0.0601,0.45,DONE
2026-01-25 18:29:54,Residential_p50,50,critical_k,50,800,100,50.0000,50.0000,1.0000,0.0272,0.0595,0.46,DONE
2026-01-25 18:29:55,Residential_p75,75,critical_k,38,800,100,74.8055,74.8100,1.0001,0.0455,0.0898,0.51,DONE
2026-01-25 18:29:55,Residential_p75,75,critical_k,57,800,100,74.9959,74.9943,1.0000,0.0743,0.0897,0.83,DONE
2026-01-25 18:29:55,Residential_p75,75,critical_k,66,800,100,74.9999,74.9998,1.0000,0.0835,0.0920,0.91,DONE
2026-01-25 18:29:55,Residential_p75,75,critical_k,71,800,100,74.9999,74.9999,1.0000,0.0856,0.0924,0.93,DONE
2026-01-25 18:29:55,Residential_p75,75,critical_k,73,800,100,74.9999,74.9999,1.0000,0.0871,0.0923,0.94,DONE
2026-01-25 18:29:55,Residential_p75,75,critical_k,74,800,100,74.9999,74.9999,1.0000,0.0872,0.0924,0.94,DONE
2026-01-25 18:29:56,Residential_p75,75,critical_k,75,800,100,74.9999,74.9999,1.0000,0.0870,0.0904,0.96,DONE
2026-01-25 18:29:56,Residential_p100,100,critical_k,50,800,100,99.8954,99.9066,1.0001,0.1026,0.1061,0.97,DONE
2026-01-25 18:30:03,Secom_p50,50,critical_k,25,800,100,33.4420,33.1084,0.9900,0.0156,0.0563,0.28,DONE
2026-01-25 18:30:03,Secom_p50,50,critical_k,38,800,100,45.8042,45.7001,0.9977,0.0230,0.0575,0.40,DONE
2026-01-25 18:30:03,Secom_p50,50,critical_k,44,800,100,49.3343,49.3273,0.9999,0.0256,0.0575,0.45,DONE
2026-01-25 18:30:03,Secom_p50,50,critical_k,47,800,100,49.8432,49.8552,1.0002,0.0264,0.0579,0.46,DONE
2026-01-25 18:30:03,Secom_p50,50,critical_k,49,800,100,49.9911,49.9913,1.0000,0.0266,0.0581,0.46,DONE
2026-01-25 18:30:03,Secom_p50,50,critical_k,50,800,100,50.0000,50.0000,1.0000,0.0272,0.0581,0.47,DONE
2026-01-25 18:30:03,Secom_p75,75,critical_k,38,800,100,54.7762,54.2668,0.9907,0.0449,0.0877,0.51,DONE
2026-01-25 18:30:03,Secom_p75,75,critical_k,57,800,100,70.8506,70.8438,0.9999,0.0737,0.0897,0.82,DONE
2026-01-25 18:30:04,Secom_p75,75,critical_k,66,800,100,74.6862,74.7057,1.0003,0.0823,0.0887,0.93,DONE
2026-01-25 18:30:04,Secom_p75,75,critical_k,71,800,100,74.9718,74.9719,1.0000,0.0852,0.0891,0.96,DONE
2026-01-25 18:30:04,Secom_p100,100,critical_k,50,800,100,79.3351,78.6822,0.9918,0.0999,0.1053,0.95,DONE
2026-01-25 18:30:04,Secom_p100,100,critical_k,75,800,100,97.2269,97.3604,1.0014,0.1686,0.1059,1.59,DONE
2026-01-25 18:30:05,Secom_p100,100,critical_k,62,800,100,89.6307,89.3793,0.9972,0.1355,0.1052,1.29,DONE
2026-01-25 18:30:05,Secom_p100,100,critical_k,56,800,100,84.7673,84.1061,0.9922,0.1152,0.1061,1.09,DONE
2026-01-25 18:30:05,Secom_p100,100,critical_k,53,800,100,82.1117,81.4460,0.9919,0.1081,0.1060,1.02,DONE
2026-01-25 18:30:05,Secom_p125,125,critical_k,63,800,100,101.4976,100.3791,0.9890,0.1910,0.1315,1.45,DONE
2026-01-25 18:30:05,Secom_p125,125,critical_k,31,800,100,69.5704,68.9768,0.9915,0.0641,0.1311,0.49,DONE
2026-01-25 18:30:06,Secom_p125,125,critical_k,47,800,100,86.0809,85.2690,0.9906,0.1228,0.1314,0.93,DONE
2026-01-25 18:30:06,Secom_p125,125,critical_k,55,800,100,93.9343,93.0338,0.9904,0.1565,0.1317,1.19,DONE
2026-01-25 18:30:06,Secom_p125,125,critical_k,51,800,100,90.0351,89.2058,0.9908,0.1392,0.1321,1.05,DONE
2026-01-25 18:30:07,Secom_p125,125,critical_k,49,800,100,88.0668,87.1931,0.9901,0.1288,0.1313,0.98,DONE
2026-01-25 18:30:07,Secom_p150,150,critical_k,75,800,100,129.6411,128.4472,0.9908,0.3341,0.1662,2.01,DONE
2026-01-25 18:30:07,Secom_p150,150,critical_k,37,800,100,92.4539,90.1767,0.9754,0.1040,0.1807,0.58,DONE
2026-01-25 18:30:08,Secom_p150,150,critical_k,56,800,100,112.3300,110.1627,0.9807,0.2040,0.1652,1.23,DONE
2026-01-25 18:30:08,Secom_p150,150,critical_k,46,800,100,102.3315,100.1768,0.9789,0.1479,0.1657,0.89,DONE
2026-01-25 18:30:08,Secom_p150,150,critical_k,51,800,100,107.3927,105.7964,0.9851,0.1769,0.1655,1.07,DONE
2026-01-25 18:30:09,Secom_p150,150,critical_k,48,800,100,104.3713,103.0514,0.9874,0.1592,0.1654,0.96,DONE
2026-01-25 18:30:09,Secom_p175,175,critical_k,88,800,100,157.1054,156.0714,0.9934,0.5542,0.2102,2.64,DONE
2026-01-25 18:30:10,Secom_p175,175,critical_k,44,800,100,115.5452,113.5286,0.9825,0.1663,0.2085,0.80,DONE
2026-01-25 18:30:10,Secom_p175,175,critical_k,66,800,100,137.9470,136.6480,0.9906,0.3302,0.2087,1.58,DONE
2026-01-25 18:30:11,Secom_p175,175,critical_k,55,800,100,127.1725,125.9423,0.9903,0.2428,0.2085,1.16,DONE
2026-01-25 18:30:11,Secom_p175,175,critical_k,49,800,100,121.0257,119.9770,0.9913,0.1985,0.2080,0.95,DONE
2026-01-25 18:30:12,Secom_p200,200,critical_k,100,800,100,180.8974,180.5311,0.9980,0.8479,0.2193,3.87,DONE
2026-01-25 18:30:13,Secom_p200,200,critical_k,50,800,100,133.7047,131.1684,0.9810,0.2386,0.2186,1.09,DONE
2026-01-25 18:30:13,Secom_p200,200,critical_k,25,800,100,90.0038,88.4215,0.9824,0.0763,0.2167,0.35,DONE
2026-01-25 18:30:13,Secom_p200,200,critical_k,37,800,100,113.8915,111.5788,0.9797,0.1443,0.2175,0.66,DONE
2026-01-25 18:30:14,Secom_p200,200,critical_k,43,800,100,124.0934,122.1235,0.9841,0.1832,0.2176,0.84,DONE
2026-01-25 18:30:14,Secom_p200,200,critical_k,46,800,100,128.4997,125.5528,0.9771,0.2097,0.2166,0.97,DONE
2026-01-25 18:30:16,Secom_p225,225,critical_k,113,800,100,211.6996,210.0512,0.9922,1.2700,0.2915,4.36,DONE
2026-01-25 18:30:16,Secom_p225,225,critical_k,56,800,100,158.8403,156.5162,0.9854,0.3394,0.2890,1.17,DONE
2026-01-25 18:30:17,Secom_p225,225,critical_k,28,800,100,108.4823,104.7348,0.9655,0.1049,0.2886,0.36,DONE
2026-01-25 18:30:17,Secom_p225,225,critical_k,42,800,100,136.5590,132.3729,0.9693,0.2034,0.2889,0.70,DONE
2026-01-25 18:30:18,Secom_p225,225,critical_k,49,800,100,148.7026,145.4150,0.9779,0.2624,0.2888,0.91,DONE
2026-01-25 18:30:18,Secom_p225,225,critical_k,52,800,100,153.2652,149.9904,0.9786,0.2920,0.2890,1.01,DONE
2026-01-25 18:30:21,Secom_p250,250,critical_k,125,800,100,232.9059,232.4848,0.9982,1.8049,0.3360,5.37,DONE
2026-01-25 18:30:21,Secom_p250,250,critical_k,62,800,100,176.2472,173.8604,0.9865,0.4479,0.3344,1.34,DONE
2026-01-25 18:30:22,Secom_p250,250,critical_k,31,800,100,119.0057,116.8898,0.9822,0.1378,0.3334,0.41,DONE
2026-01-25 18:30:22,Secom_p250,250,critical_k,46,800,100,150.3709,147.5939,0.9815,0.2658,0.3337,0.80,DONE
2026-01-25 18:30:23,Secom_p250,250,critical_k,54,800,100,164.8385,163.1102,0.9895,0.3561,0.3340,1.07,DONE
2026-01-25 18:30:24,Secom_p250,250,critical_k,50,800,100,158.0131,155.7820,0.9859,0.3083,0.3338,0.92,DONE
2026-01-25 18:30:24,Secom_p250,250,critical_k,52,800,100,161.5096,159.5487,0.9879,0.3297,0.3331,0.99,DONE
2026-01-25 18:30:27,Secom_p275,275,critical_k,138,800,100,259.8777,259.7151,0.9994,2.5392,0.4109,6.18,DONE
2026-01-25 18:30:28,Secom_p275,275,critical_k,69,800,100,199.4837,197.4772,0.9899,0.6288,0.4097,1.53,DONE
2026-01-25 18:30:29,Secom_p275,275,critical_k,34,800,100,135.2017,132.2412,0.9781,0.1778,0.4095,0.43,DONE
2026-01-25 18:30:30,Secom_p275,275,critical_k,51,800,100,170.9337,167.2942,0.9787,0.3576,0.4084,0.88,DONE
2026-01-25 18:30:31,Secom_p275,275,critical_k,60,800,100,186.8421,184.7642,0.9889,0.4756,0.4084,1.16,DONE
2026-01-25 18:30:32,Secom_p275,275,critical_k,55,800,100,178.3724,176.6525,0.9904,0.4056,0.4091,0.99,DONE
2026-01-25 18:30:35,Secom_p300,300,critical_k,150,800,100,291.3498,291.2705,0.9997,3.4431,0.4590,7.50,DONE
2026-01-25 18:30:37,Secom_p300,300,critical_k,75,800,100,232.6130,230.0356,0.9889,0.8261,0.4560,1.81,DONE
2026-01-25 18:30:37,Secom_p300,300,critical_k,37,800,100,165.1250,160.3994,0.9714,0.2257,0.4547,0.50,DONE
2026-01-25 18:30:38,Secom_p300,300,critical_k,56,800,100,204.5555,197.9029,0.9675,0.4627,0.4552,1.02,DONE
2026-01-25 18:30:43,Secom_p325,325,critical_k,163,800,100,314.3841,313.2398,0.9964,4.5932,0.5630,8.16,DONE
2026-01-25 18:30:45,Secom_p325,325,critical_k,81,800,100,249.2529,245.0872,0.9833,1.0713,0.5591,1.92,DONE
2026-01-25 18:30:46,Secom_p325,325,critical_k,40,800,100,179.7468,173.4102,0.9647,0.2814,0.5599,0.50,DONE
2026-01-25 18:30:47,Secom_p325,325,critical_k,60,800,100,219.2521,215.0377,0.9808,0.5798,0.5572,1.04,DONE
2026-01-25 18:30:54,Secom_p350,350,critical_k,175,800,100,340.8000,340.3186,0.9986,5.9875,0.6250,9.58,DONE
2026-01-25 18:30:56,Secom_p350,350,critical_k,87,800,100,275.1867,271.4666,0.9865,1.3604,0.6219,2.19,DONE
2026-01-25 18:30:57,Secom_p350,350,critical_k,43,800,100,192.0031,184.8285,0.9626,0.3536,0.6191,0.57,DONE
2026-01-25 18:30:58,Secom_p350,350,critical_k,65,800,100,240.9698,233.0366,0.9671,0.7322,0.6172,1.19,DONE
2026-01-25 18:30:59,Secom_p350,350,critical_k,54,800,100,218.1831,210.2569,0.9637,0.5168,0.6191,0.83,DONE
2026-01-25 18:31:00,Secom_p350,350,critical_k,59,800,100,228.8593,222.3299,0.9715,0.6038,0.6185,0.98,DONE
2026-01-25 18:31:09,Secom_p375,375,critical_k,188,800,100,367.6514,367.3986,0.9993,7.7719,0.7191,10.81,DONE
2026-01-25 18:31:11,Secom_p375,375,critical_k,94,800,100,301.6996,297.2081,0.9851,1.8550,0.7128,2.60,DONE
2026-01-25 18:31:13,Secom_p375,375,critical_k,47,800,100,219.9628,212.3998,0.9656,0.4349,0.7104,0.61,DONE
2026-01-25 18:31:14,Secom_p375,375,critical_k,70,800,100,266.4372,263.0592,0.9873,0.9265,0.7116,1.30,DONE
2026-01-25 18:31:16,Secom_p375,375,critical_k,58,800,100,243.6311,236.3799,0.9702,0.6313,0.7118,0.89,DONE
2026-01-25 18:31:17,Secom_p375,375,critical_k,64,800,100,255.3586,248.8759,0.9746,0.7612,0.7115,1.07,DONE
2026-01-25 18:31:18,Secom_p375,375,critical_k,61,800,100,249.5803,241.5539,0.9678,0.6938,0.7108,0.98,DONE
2026-01-25 18:31:29,Secom_p400,400,critical_k,200,800,100,393.0924,392.4162,0.9983,9.7197,0.7253,13.40,DONE
2026-01-25 18:31:32,Secom_p400,400,critical_k,100,800,100,325.4598,321.8050,0.9888,2.1402,0.7176,2.98,DONE
2026-01-25 18:31:33,Secom_p400,400,critical_k,50,800,100,232.6374,226.4352,0.9733,0.5211,0.7161,0.73,DONE
2026-01-25 18:31:35,Secom_p400,400,critical_k,75,800,100,288.5836,283.5369,0.9825,1.1663,0.7162,1.63,DONE
2026-01-25 18:31:36,Secom_p400,400,critical_k,62,800,100,262.1082,255.4993,0.9748,0.7793,0.7173,1.09,DONE
2026-01-25 18:31:38,Secom_p400,400,critical_k,56,800,100,248.0282,241.1228,0.9722,0.6381,0.7154,0.89,DONE
2026-01-25 18:31:39,Secom_p400,400,critical_k,59,800,100,255.1732,249.5892,0.9781,0.7020,0.7175,0.98,DONE
2026-01-25 18:31:52,Secom_p425,425,critical_k,213,800,100,419.1153,418.9136,0.9995,12.2777,0.9487,12.94,DONE
2026-01-25 18:31:56,Secom_p425,425,critical_k,106,800,100,351.6759,347.8066,0.9890,2.6252,0.9663,2.72,DONE
2026-01-25 18:31:58,Secom_p425,425,critical_k,53,800,100,255.5329,248.0552,0.9707,0.6156,0.9400,0.65,DONE
2026-01-25 18:32:00,Secom_p425,425,critical_k,79,800,100,312.9845,307.6260,0.9829,1.3907,0.9424,1.48,DONE
2026-01-25 18:32:02,Secom_p425,425,critical_k,66,800,100,286.3889,279.9579,0.9775,0.9399,0.9417,1.00,DONE
2026-01-25 18:32:18,Secom_p450,450,critical_k,225,800,100,444.6758,444.5965,0.9998,15.0533,1.0126,14.87,DONE
2026-01-25 18:32:22,Secom_p450,450,critical_k,112,800,100,376.5780,372.6442,0.9896,3.1665,1.0038,3.15,DONE
2026-01-25 18:32:24,Secom_p450,450,critical_k,56,800,100,276.5189,266.1502,0.9625,0.7264,1.0024,0.72,DONE
2026-01-25 18:32:27,Secom_p450,450,critical_k,84,800,100,337.2753,330.7318,0.9806,1.6968,1.0043,1.69,DONE
2026-01-25 18:32:29,Secom_p450,450,critical_k,70,800,100,309.7934,303.2390,0.9788,1.1318,1.0031,1.13,DONE
2026-01-25 18:32:31,Secom_p450,450,critical_k,63,800,100,294.0297,282.7914,0.9618,0.9118,1.0056,0.91,DONE
2026-01-25 18:32:33,Secom_p450,450,critical_k,66,800,100,301.0526,290.8481,0.9661,0.9976,1.0026,1.00,DONE
2026-01-25 18:32:52,Secom_p475,475,critical_k,238,800,100,470.1442,469.7025,0.9991,18.5781,1.1293,16.45,DONE
2026-01-25 18:32:57,Secom_p475,475,critical_k,119,800,100,404.5152,401.3250,0.9921,3.8962,1.1197,3.48,DONE
2026-01-25 18:32:59,Secom_p475,475,critical_k,59,800,100,296.8542,287.3437,0.9680,0.8655,1.1197,0.77,DONE
2026-01-25 18:33:02,Secom_p475,475,critical_k,89,800,100,363.3520,356.9334,0.9823,2.0444,1.1201,1.83,DONE
2026-01-25 18:33:05,Secom_p475,475,critical_k,74,800,100,333.5318,325.0537,0.9746,1.3690,1.1201,1.22,DONE
2026-01-25 18:33:07,Secom_p475,475,critical_k,66,800,100,314.7403,306.1827,0.9728,1.0643,1.1200,0.95,DONE
